player,squad,position,position_category,age,minutes,league,season,goals,xg,shots,shots_on_target,assists,xag,key_passes,passes_completed,progressive_passes,through_balls,pass_completion_pct,progressive_carries,successful_takeons,takeon_success_pct,touches_att_pen,tackles_won,interceptions,blocks,clearances,ball_recoveries,aerials_won_pct,goals_per90,xg_per90,shots_per90,shots_on_target_per90,assists_per90,xag_per90,key_passes_per90,passes_completed_per90,progressive_passes_per90,through_balls_per90,progressive_carries_per90,successful_takeons_per90,touches_att_pen_per90,tackles_won_per90,interceptions_per90,blocks_per90,clearances_per90,ball_recoveries_per90,goals_per90_pctile,xg_per90_pctile,shots_per90_pctile,shots_on_target_per90_pctile,touches_att_pen_per90_pctile,assists_per90_pctile,xag_per90_pctile,key_passes_per90_pctile,passes_completed_per90_pctile,progressive_passes_per90_pctile,through_balls_per90_pctile,pass_completion_pct_pctile,progressive_carries_per90_pctile,successful_takeons_per90_pctile,takeon_success_pct_pctile,tackles_won_per90_pctile,interceptions_per90_pctile,blocks_per90_pctile,clearances_per90_pctile,ball_recoveries_per90_pctile,aerials_won_pct_pctile,goals_per90_scaled,xg_per90_scaled,shots_per90_scaled,shots_on_target_per90_scaled,touches_att_pen_per90_scaled,assists_per90_scaled,xag_per90_scaled,key_passes_per90_scaled,passes_completed_per90_scaled,progressive_passes_per90_scaled,through_balls_per90_scaled,pass_completion_pct_scaled,progressive_carries_per90_scaled,successful_takeons_per90_scaled,takeon_success_pct_scaled,tackles_won_per90_scaled,interceptions_per90_scaled,blocks_per90_scaled,clearances_per90_scaled,ball_recoveries_per90_scaled,aerials_won_pct_scaled,cluster,pca_x,pca_y,archetype
Erling Haaland,Manchester City,FW,FW,25,2350,Premier League,2025-2026,24,23,107,55,4,4,24,371,29,3,74.5,50,16,46.0,204,5,3,8,10,39,48.0,0.919,0.881,4.098,2.106,0.153,0.153,0.919,14.209,1.111,0.115,1.915,0.613,7.813,0.191,0.115,0.306,0.383,1.494,100.0,97.5,95.0,95.0,90.0,48.1,48.1,41.2,23.8,18.8,21.2,57.5,38.8,13.8,51.2,22.5,25.0,12.5,48.8,27.5,72.5,3.4615384615384617,2.72463768115942,1.7426470588235292,2.4857549857549857,1.6313286713286712,0.040404040404040435,-0.014423076923076934,-0.23609923011120618,-1.0164160483288465,-0.955607476635514,-0.3473282442748091,-0.6666666666666671,-0.26315789473684204,-0.4308370044052865,-0.651315789473684,-1.0796100731112916,-0.740578439964943,-1.1820224719101124,-0.3830925628678438,-1.1808776311095257,0.08121827411167519,0,-4.405,-3.118,Direct Goal Threat / Box Striker [FW]
Mohamed Salah,Liverpool,W,W,33,2420,Premier League,2025-2026,18,17,91,40,10,9,67,793,124,16,76.8,129,48,48.5,218,22,8,22,8,91,28.0,0.669,0.632,3.384,1.488,0.372,0.335,2.492,29.492,4.612,0.595,4.798,1.785,8.107,0.818,0.298,0.818,0.298,3.384,98.3,96.6,86.4,93.2,91.5,93.2,72.9,83.1,61.0,81.4,94.9,44.1,42.4,35.6,42.4,20.3,18.6,16.9,23.7,42.4,30.5,2.393162393162393,1.822463768115942,1.3051470588235292,1.6054131054131056,1.7135664335664333,1.1464646464646464,0.8605769230769231,1.1094952951240376,-0.5146431151093309,0.21295060080106804,1.484732824427481,-0.45370370370370433,1.0119416187527646,0.6017621145374449,-0.4868421052631577,-0.5702680747359871,-0.5801928133216476,-0.606741573033708,-0.4285714285714286,-0.5066000713521228,-0.9340101522842638,4,-4.128,0.667,Attacking Winger / Ball Carrier [W]
Bukayo Saka,Arsenal,W,W,24,2480,Premier League,2025-2026,13,12,74,30,12,11,77,882,132,14,79.5,187,72,54.0,190,47,17,33,17,121,42.0,0.472,0.435,2.685,1.089,0.435,0.399,2.794,32.008,4.79,0.508,6.786,2.613,6.895,1.706,0.617,1.198,0.617,4.391,83.1,71.2,55.9,66.1,84.7,98.3,88.1,93.2,72.9,84.7,83.1,72.0,93.2,66.9,62.7,91.5,55.1,54.2,64.4,74.6,86.4,1.551282051282051,1.1086956521739129,0.8768382352941176,1.037037037037037,1.3745454545454543,1.4646464646464648,1.1682692307692308,1.3678357570573139,-0.4320375599185764,0.27236315086782364,1.1526717557251909,-0.20370370370370403,1.891198584697037,1.3312775330396478,-0.12499999999999989,0.15109666937449226,-0.3006134969325153,-0.17977528089887657,-0.25789192081326917,-0.14734213342846958,-0.2233502538071065,4,-2.94,1.81,Attacking Winger / Ball Carrier [W]
Cole Palmer,Chelsea,AM,AM,23,2510,Premier League,2025-2026,15,14,89,36,10,11,81,1241,178,25,82.3,117,53,56.5,134,33,17,28,11,114,32.0,0.538,0.502,3.191,1.291,0.359,0.394,2.904,44.498,6.382,0.896,4.195,1.9,4.805,1.183,0.61,1.004,0.394,4.088,97.6,97.6,97.6,90.5,71.4,59.5,57.1,66.7,50.0,66.7,92.9,59.5,73.8,61.9,73.8,50.0,50.0,35.7,14.3,42.9,28.6,1.8333333333333335,1.3514492753623186,1.1868872549019607,1.3247863247863247,0.7899300699300699,1.0808080808080807,1.1442307692307692,1.4619332763045336,-0.021964672663996456,0.8037383177570091,2.6335877862595423,0.055555555555555046,0.7452454666076961,0.7030837004405286,0.039473684210526404,-0.2737611697806661,-0.30674846625766866,-0.39775280898876414,-0.37720706260032105,-0.255440599357831,-0.730964467005076,5,-3.01,1.914,Advanced Playmaker / Chance Creator [AM]
Martin Odegaard,Arsenal,AM,AM,27,2380,Premier League,2025-2026,7,8,63,24,9,11,85,1428,217,21,85.0,108,45,58.0,111,40,21,34,11,143,35.0,0.265,0.303,2.382,0.908,0.34,0.416,3.214,54.0,8.206,0.794,4.084,1.702,4.197,1.513,0.794,1.286,0.416,5.408,57.1,59.5,66.7,59.5,54.8,53.6,69.0,83.3,88.1,95.2,76.2,83.3,71.4,47.6,81.0,73.8,64.3,54.8,19.0,83.3,36.9,0.6666666666666667,0.6304347826086956,0.6911764705882353,0.7792022792022794,0.6198601398601399,0.984848484848485,1.25,1.7271171941830625,0.2900059097773984,1.4125500667556738,2.2442748091603058,0.30555555555555536,0.6961521450685537,0.5286343612334802,0.13815789473684217,-0.005686433793663784,-0.14548641542506566,-0.08089887640449445,-0.3654360620652756,0.21548341063146634,-0.5786802030456851,5,-1.604,2.737,Advanced Playmaker / Chance Creator [AM]
Rodri,Manchester City,DM,DM,29,2200,Premier League,2025-2026,4,3,42,12,5,5,39,2261,230,12,92.8,59,27,72.0,37,64,37,44,46,218,68.0,0.164,0.123,1.718,0.491,0.205,0.205,1.595,92.495,9.409,0.491,2.414,1.105,1.514,2.618,1.514,1.8,1.882,8.918,97.4,89.7,100.0,97.4,91.0,97.4,97.4,100.0,97.4,97.4,92.3,89.7,69.2,71.8,94.9,41.0,25.6,43.6,61.5,79.5,94.9,0.23504273504273507,-0.021739130434782625,0.284313725490196,0.1851851851851852,-0.13062937062937063,0.303030303030303,0.235576923076923,0.3421727972626175,1.5538774706152736,1.8140854472630172,1.0877862595419847,1.0277777777777775,-0.04245908889871723,0.002643171806167306,1.0592105263157894,0.8919577579203899,0.4855390008764242,0.496629213483146,0.4189406099518459,1.4677131644666426,1.0964467005076142,2,2.011,1.816,Defensive Anchor / Deep Distributor [DM]
Declan Rice,Arsenal,CM,CM,27,2580,Premier League,2025-2026,5,4,40,11,7,6,49,1777,195,9,89.2,100,37,64.0,60,80,54,46,49,224,56.0,0.174,0.14,1.395,0.384,0.244,0.209,1.709,61.988,6.802,0.314,3.488,1.291,2.093,2.791,1.884,1.605,1.709,7.814,71.2,44.1,47.5,52.5,66.1,78.0,62.7,61.0,74.6,69.5,55.9,84.7,83.1,61.9,78.0,86.4,98.3,66.1,88.1,89.8,91.5,0.27777777777777773,0.03985507246376815,0.08639705882352941,0.0327635327635328,0.031328671328671294,0.5,0.25480769230769224,0.43969204448246363,0.5522686978790465,0.9439252336448595,0.4122137404580153,0.6944444444444446,0.4325519681556835,0.16651982378854613,0.5328947368421053,1.032493907392364,0.8098159509202453,0.27752808988764033,0.3263777421080793,1.073849447021049,0.4873096446700508,1,1.252,1.485,Overlapping Wingback / Wide Progressor [FB]
Trent Alexander-Arnold,Liverpool,FB,FB,27,2310,Premier League,2025-2026,2,2,38,10,9,10,69,1745,226,18,78.4,72,31,53.0,36,49,33,36,54,167,44.0,0.078,0.078,1.481,0.39,0.351,0.39,2.688,67.987,8.805,0.701,2.805,1.208,1.403,1.909,1.286,1.403,2.104,6.506,70.1,55.2,94.8,90.9,48.1,97.4,97.4,98.7,94.8,100.0,100.0,54.5,39.0,44.2,42.9,36.4,42.9,36.4,42.9,90.9,41.6,-0.13247863247863248,-0.18478260869565216,0.139093137254902,0.04131054131054135,-0.1616783216783217,1.0404040404040402,1.125,1.2771599657827204,0.7492284457285441,1.6124833110814416,1.8893129770992365,-0.30555555555555536,0.13047324192835047,0.0933920704845814,-0.1907894736842104,0.31600324939073926,0.28571428571428575,0.05056179775280891,0.5377207062600322,0.6072065643952907,-0.1218274111675126,5,0.246,2.705,Advanced Playmaker / Chance Creator [AM]
William Saliba,Arsenal,CB,CB,24,2650,Premier League,2025-2026,2,1,12,3,1,1,9,2120,121,1,92.5,47,15,75.0,24,62,53,56,121,180,65.0,0.068,0.034,0.408,0.102,0.034,0.034,0.306,72.0,4.109,0.034,1.596,0.509,0.815,2.106,1.8,1.902,4.109,6.113,62.3,35.1,28.6,31.2,61.0,60.4,61.7,49.4,80.5,68.8,26.0,78.6,80.5,62.3,70.1,75.3,71.4,50.6,37.7,74.0,59.7,-0.17521367521367517,-0.3442028985507246,-0.5183823529411765,-0.368945868945869,-0.3261538461538462,-0.5606060606060606,-0.5865384615384615,-0.7604790419161677,0.8809836496158645,0.045060080106809,-0.6564885496183205,1.0,-0.40424590888987166,-0.5224669603524231,1.256578947368421,0.47603574329813153,0.736196319018405,0.6112359550561796,1.610486891385768,0.4669996432393864,0.9441624365482233,3,3.22,-0.92,Defensive Stopper / Central Shield [CB]
Virgil van Dijk,Liverpool,CB,CB,34,2600,Premier League,2025-2026,2,3,26,9,1,1,12,2210,139,3,91.2,35,9,80.0,32,40,55,52,156,182,78.5,0.069,0.104,0.9,0.312,0.035,0.035,0.415,76.5,4.812,0.104,1.212,0.312,1.108,1.385,1.904,1.8,5.4,6.3,64.9,88.3,87.0,90.9,85.7,64.9,65.6,66.2,90.9,79.2,68.8,66.2,67.5,42.9,85.7,26.0,76.6,39.0,66.2,80.5,100.0,-0.17094017094017092,-0.09057971014492756,-0.21691176470588233,-0.06980056980056978,-0.2441958041958042,-0.5555555555555555,-0.5817307692307692,-0.6672369546621043,1.028728084575481,0.2797062750333778,-0.3893129770992366,0.8796296296296299,-0.5740822644847413,-0.6960352422907491,1.5855263157894735,-0.10966693744922829,0.8273444347063978,0.496629213483146,2.3012306046013915,0.53371387798787,1.6294416243654821,3,3.346,-1.311,Defensive Stopper / Central Shield [CB]
Alexander Isak,Newcastle United,FW,FW,26,2240,Premier League,2025-2026,18,17,82,40,4,4,32,523,57,6,78.0,105,55,54.0,159,15,5,17,12,65,39.0,0.723,0.683,3.295,1.607,0.161,0.161,1.286,21.013,2.29,0.241,4.219,2.21,6.388,0.603,0.201,0.683,0.482,2.612,91.2,84.4,75.0,75.0,66.2,53.8,51.2,71.2,62.5,71.2,61.3,85.0,88.8,97.5,80.0,67.5,46.2,48.1,63.7,72.5,46.2,2.623931623931624,2.0072463768115942,1.250612745098039,1.774928774928775,1.2327272727272727,0.08080808080808087,0.024038461538461557,0.07784431137724548,-0.7930264626699062,-0.562082777036048,0.13358778625954199,-0.34259259259259295,0.7558602388323754,0.9762114537444935,-0.12499999999999989,-0.7449228269699433,-0.6652059596844871,-0.7584269662921349,-0.3301230604601392,-0.782019265073136,-0.3756345177664973,0,-3.598,-1.316,Direct Goal Threat / Box Striker [FW]
Bruno Fernandes,Manchester United,AM,AM,31,2550,Premier League,2025-2026,10,9,82,28,9,12,96,1360,215,24,76.5,88,34,49.0,108,51,26,40,23,147,38.0,0.353,0.318,2.894,0.988,0.318,0.424,3.388,48.0,7.588,0.847,3.106,1.2,3.812,1.8,0.918,1.412,0.812,5.188,76.2,67.9,90.5,66.7,47.6,47.6,75.0,90.5,66.7,88.1,88.1,21.4,45.2,23.8,40.5,90.5,77.4,76.2,76.2,73.8,57.1,1.0427350427350426,0.6847826086956521,1.0049019607843137,0.8931623931623932,0.512167832167832,0.8737373737373738,1.2884615384615383,1.8759623609923006,0.09301332983124297,1.206275033377837,2.446564885496183,-0.4814814814814819,0.26360017691287047,0.08634361233480166,-0.45394736842105243,0.22745735174654758,-0.03680981595092018,0.06067415730337059,-0.15355805243445692,0.1369960756332499,-0.4263959390862943,5,-1.891,2.418,Advanced Playmaker / Chance Creator [AM]
Heung-min Son,Tottenham Hotspur,W,W,33,2320,Premier League,2025-2026,14,12,72,36,8,7,57,696,93,10,79.0,126,49,51.0,150,23,10,23,10,82,31.0,0.543,0.466,2.793,1.397,0.31,0.272,2.211,27.0,3.608,0.388,4.888,1.901,5.819,0.892,0.388,0.892,0.388,3.181,88.1,83.1,59.3,86.4,66.1,81.4,44.1,74.6,45.8,59.3,61.0,62.7,44.1,42.4,53.4,25.4,28.8,22.0,30.5,33.9,42.4,1.8547008547008548,1.221014492753623,0.9430147058823529,1.475783475783476,1.0735664335664334,0.8333333333333334,0.5576923076923077,0.8691189050470486,-0.5964606999803008,-0.12216288384512686,0.6946564885496184,-0.25000000000000033,1.051747014595312,0.7039647577092512,-0.3223684210526314,-0.5101543460601138,-0.5013146362839613,-0.5235955056179776,-0.38041733547351525,-0.5790224759186586,-0.7817258883248729,4,-3.207,0.29,Attacking Winger / Ball Carrier [W]
Kaoru Mitoma,Brighton,W,W,28,2180,Premier League,2025-2026,8,8,51,19,6,7,48,642,78,7,78.5,191,82,61.0,157,34,17,27,10,102,33.0,0.33,0.33,2.106,0.784,0.248,0.289,1.982,26.505,3.22,0.289,7.885,3.385,6.482,1.404,0.702,1.115,0.413,4.211,62.7,40.7,32.2,42.4,78.0,55.9,53.4,59.3,44.1,47.5,44.1,59.3,98.3,86.4,84.7,74.6,71.2,44.1,34.7,66.1,56.8,0.9444444444444445,0.7282608695652174,0.5220588235294117,0.6025641025641026,1.259020979020979,0.5202020202020202,0.6394230769230768,0.6732249786142,-0.6127125878258587,-0.2516688918558077,0.31679389312977096,-0.2962962962962966,2.3772666961521454,2.011453744493392,0.33552631578947373,-0.09423233143785549,-0.22611744084136723,-0.2730337078651687,-0.36704119850187267,-0.21155904388155547,-0.680203045685279,4,-2.41,1.209,Attacking Winger / Ball Carrier [W]
Bruno Guimaraes,Newcastle United,CM,CM,28,2520,Premier League,2025-2026,5,4,42,14,7,6,50,1638,193,13,86.4,101,50,66.0,64,81,39,42,39,204,52.0,0.179,0.143,1.5,0.5,0.25,0.214,1.786,58.5,6.893,0.464,3.607,1.786,2.286,2.893,1.393,1.5,1.393,7.286,76.3,47.5,62.7,74.6,76.3,79.7,64.4,65.3,61.0,76.3,83.1,64.4,88.1,87.3,86.4,93.2,67.8,57.6,69.5,79.7,66.1,0.2991452991452991,0.05072463768115936,0.15073529411764705,0.19800569800569803,0.08531468531468529,0.5303030303030303,0.2788461538461538,0.5055603079555175,0.43775034473701485,0.9742990654205604,0.9847328244274809,0.43518518518518556,0.485183547103052,0.6026431718061674,0.6644736842105263,1.1153533712428918,0.3794916739702016,0.1595505617977527,0.1573033707865169,0.8854798430253298,0.28426395939086296,1,0.713,1.793,Overlapping Wingback / Wide Progressor [FB]
Pedro Porro,Tottenham Hotspur,FB,FB,26,2400,Premier League,2025-2026,3,3,48,16,7,8,61,1387,165,9,77.5,109,45,54.0,64,77,43,45,64,157,47.0,0.112,0.112,1.8,0.6,0.262,0.3,2.288,52.012,6.188,0.337,4.088,1.688,2.4,2.887,1.612,1.688,2.4,5.888,89.6,76.0,100.0,100.0,87.0,77.3,87.0,94.8,58.4,76.6,81.8,41.6,77.9,66.2,46.1,84.4,61.0,59.7,57.8,70.1,59.7,0.01282051282051283,-0.06159420289855072,0.33455882352941174,0.3404558404558405,0.11720279720279715,0.5909090909090909,0.6923076923076922,0.9349871685201024,0.22473570162190554,0.7389853137516686,0.5000000000000001,-0.38888888888888923,0.6979212737726672,0.5162995594713656,-0.12499999999999989,1.1104792851340375,0.5714285714285715,0.37078651685393244,0.6960941680042804,0.38672850517302876,0.03045685279187824,1,0.294,1.738,Overlapping Wingback / Wide Progressor [FB]
Alexis Mac Allister,Liverpool,CM,CM,27,2390,Premier League,2025-2026,4,4,42,13,6,6,50,1700,173,11,87.8,72,35,63.0,53,69,40,37,35,189,49.0,0.151,0.151,1.582,0.49,0.226,0.226,1.883,64.017,6.515,0.414,2.711,1.318,1.996,2.598,1.506,1.393,1.318,7.117,62.7,54.2,67.8,71.2,59.3,69.5,76.3,72.9,79.7,62.7,76.3,76.3,59.3,66.1,71.2,78.0,72.9,49.2,57.6,76.3,52.5,0.17948717948717946,0.0797101449275362,0.20098039215686278,0.18376068376068377,0.004195804195804168,0.40909090909090917,0.33653846153846156,0.5885372112917022,0.6188850219975046,0.8481308411214951,0.7938931297709922,0.5648148148148144,0.08889871738168956,0.19030837004405288,0.46710526315789475,0.8757108042242079,0.4785276073619632,0.03932584269662912,0.11717495987158914,0.8251872993221547,0.13197969543147214,1,0.796,1.512,Overlapping Wingback / Wide Progressor [FB]
Josko Gvardiol,Manchester City,FB,FB,24,2340,Premier League,2025-2026,4,3,34,10,4,4,36,1924,177,6,88.5,114,39,65.0,73,60,42,42,65,156,59.0,0.154,0.115,1.308,0.385,0.154,0.154,1.385,74.0,6.808,0.231,4.385,1.5,2.808,2.308,1.615,1.615,2.5,6.0,100.0,79.2,90.9,89.6,94.8,49.4,45.5,50.6,100.0,84.4,61.0,96.1,85.7,58.4,85.7,62.3,62.3,55.8,61.0,72.7,96.1,0.1923076923076923,-0.05072463768115941,0.033088235294117675,0.03418803418803422,0.23132867132867124,0.04545454545454549,-0.009615384615384623,0.16253207869974332,0.9466478429312496,0.9459279038718288,0.09541984732824435,0.6296296296296295,0.8292790800530739,0.35066079295154184,0.5986842105263158,0.6401299756295694,0.5740578439964943,0.2887640449438201,0.7495987158908508,0.4266856938993934,0.6395939086294417,1,1.338,0.908,Overlapping Wingback / Wide Progressor [FB]
Ollie Watkins,Aston Villa,FW,FW,30,2490,Premier League,2025-2026,16,15,86,39,9,8,42,484,58,6,73.0,100,39,49.0,172,19,8,22,17,69,41.0,0.578,0.542,3.108,1.41,0.325,0.289,1.518,17.494,2.096,0.217,3.614,1.41,6.217,0.687,0.289,0.795,0.614,2.494,76.2,67.5,70.0,66.2,61.3,92.5,83.8,87.5,41.2,58.8,49.4,43.1,82.5,63.7,57.5,80.0,71.2,62.5,78.8,67.5,52.5,2.0042735042735043,1.4963768115942029,1.1360294117647058,1.4943019943019944,1.1848951048951049,0.9090909090909092,0.6394230769230768,0.27630453378956366,-0.9085626108083263,-0.6268357810413885,0.041984732824427516,-0.805555555555556,0.48827952233525,0.2713656387665197,-0.45394736842105243,-0.6766856214459789,-0.5880806310254163,-0.6325842696629214,-0.25949705724986627,-0.8241170174812701,-0.27411167512690343,0,-3.356,-0.948,Direct Goal Threat / Box Striker [FW]
Eberechi Eze,Crystal Palace,AM,AM,27,2290,Premier League,2025-2026,10,9,79,31,7,8,64,916,122,13,82.0,142,79,59.0,114,36,15,25,13,117,34.0,0.393,0.354,3.105,1.218,0.275,0.314,2.515,36.0,4.795,0.511,5.581,3.105,4.48,1.415,0.59,0.983,0.511,4.598,89.3,78.6,92.9,88.1,66.7,35.7,38.1,54.8,31.0,50.0,47.6,54.8,90.5,100.0,90.5,64.3,47.6,31.0,52.4,52.4,33.3,1.2136752136752138,0.8152173913043477,1.134191176470588,1.2207977207977208,0.6990209790209791,0.6565656565656567,0.7596153846153846,1.1291702309666383,-0.30097183006106776,0.27403204272363135,1.1641221374045803,0.027777777777777523,1.3582485625829284,1.7647577092511018,0.20394736842105268,-0.08529650690495531,-0.3242769500438212,-0.4213483146067417,-0.31460674157303375,-0.07349268640742077,-0.6294416243654821,4,-2.516,1.521,Attacking Winger / Ball Carrier [W]
Noah Mendy,Arsenal,FW,FW,32,1480,Premier League,2025-2026,9,12,32,19,0,2,21,204,31,3,74.1,33,13,43.8,98,4,4,11,12,35,35.7,0.547,0.73,1.946,1.155,0.0,0.122,1.277,12.405,1.885,0.182,2.007,0.791,5.959,0.243,0.243,0.669,0.73,2.128,68.8,87.5,22.5,53.8,57.5,6.2,32.5,68.8,18.8,48.8,38.8,52.5,42.5,27.5,42.5,27.5,56.2,45.0,90.0,48.8,33.8,1.871794871794872,2.1775362318840576,0.4240196078431372,1.131054131054131,1.1127272727272726,-0.7323232323232323,-0.16346153846153846,0.07014542343883648,-1.0756451506993236,-0.6972630173564753,-0.09160305343511448,-0.7037037037037047,-0.22246793454223784,-0.27400881057268733,-0.7960526315789473,-1.0373679935012188,-0.628396143733567,-0.7741573033707866,-0.19743178170144465,-0.9546914020692117,-0.5431472081218272,0,-2.875,-2.121,Direct Goal Threat / Box Striker [FW]
Liam Williams,Arsenal,FW,FW,31,591,Premier League,2025-2026,6,3,18,5,0,2,12,104,14,0,72.0,13,13,48.2,18,0,0,5,3,18,20.0,0.914,0.457,2.741,0.761,0.0,0.305,1.827,15.838,2.132,0.0,1.98,1.98,2.741,0.0,0.0,0.761,0.457,2.741,98.8,56.2,53.8,21.2,6.2,6.2,87.5,100.0,27.5,60.0,5.6,35.6,40.0,91.2,56.2,4.4,5.6,56.2,61.3,78.8,2.5,3.4401709401709404,1.1884057971014492,0.9111519607843137,0.5698005698005698,0.21258741258741257,-0.7323232323232323,0.7163461538461537,0.5406330196749357,-0.9629325628734652,-0.6148197596795727,-0.7862595419847328,-0.8981481481481487,-0.23440955329500215,0.773568281938326,-0.5065789473684207,-1.2347684809098296,-0.8413672217353199,-0.6707865168539326,-0.3434991974317817,-0.735997145915091,-1.3401015228426394,0,-3.274,-1.558,Direct Goal Threat / Box Striker [FW]
Leo Gomez,Arsenal,W,W,30,687,Premier League,2025-2026,6,4,18,8,1,1,4,130,32,1,79.4,58,20,57.4,24,8,7,5,6,44,38.6,0.786,0.524,2.358,1.048,0.131,0.131,0.524,17.031,4.192,0.131,7.598,2.62,3.144,1.048,0.917,0.655,0.786,5.764,100.0,89.8,39.0,59.3,11.9,23.7,12.7,6.8,13.6,78.0,15.3,66.1,96.6,69.5,69.5,49.2,89.8,3.4,81.4,96.6,76.3,2.893162393162393,1.431159420289855,0.6764705882352942,0.9786324786324788,0.3253146853146853,-0.07070707070707062,-0.12019230769230765,-0.5739948674080411,-0.9237638715608381,0.07276368491321761,-0.28625954198473275,-0.21296296296296274,2.2503317116320214,1.337444933920705,0.09868421052631578,-0.3834281072298944,-0.037686240140227804,-0.7898876404494383,-0.1674692348849652,0.34249018908312523,-0.39593908629441604,4,-2.434,-0.482,Attacking Winger / Ball Carrier [W]
Harry Brown,Arsenal,W,W,32,1835,Premier League,2025-2026,0,8,59,12,2,5,23,595,66,18,71.9,77,58,59.9,182,39,15,25,16,64,30.8,0.0,0.392,2.894,0.589,0.098,0.245,1.128,29.183,3.237,0.883,3.777,2.845,8.926,1.913,0.736,1.226,0.785,3.139,7.6,59.3,66.1,30.5,98.3,18.6,33.9,20.3,57.6,49.2,100.0,13.6,23.7,79.7,79.7,96.6,74.6,61.0,79.7,30.5,40.7,-0.46581196581196577,0.9528985507246377,1.0049019607843137,0.3247863247863248,1.9426573426573426,-0.2373737373737373,0.4278846153846153,-0.057313943541488596,-0.524788232976558,-0.24599465954606142,2.583969465648855,-0.9074074074074073,0.560371517027864,1.5356828193832603,0.26315789473684204,0.3192526401299757,-0.19631901840490795,-0.14831460674157315,-0.16800428036383092,-0.5940064216910454,-0.7918781725888323,5,-1.995,1.105,Advanced Playmaker / Chance Creator [AM]
Gabriel Silva,Arsenal,W,W,28,2013,Premier League,2025-2026,4,6,44,7,6,6,40,584,35,6,75.3,84,50,55.6,183,27,13,24,0,84,34.6,0.179,0.268,1.967,0.313,0.268,0.268,1.788,26.11,1.565,0.268,3.756,2.235,8.182,1.207,0.581,1.073,0.0,3.756,35.6,32.2,25.4,6.8,94.9,64.4,40.7,49.2,42.4,8.5,40.7,32.2,22.0,54.2,67.8,64.4,52.5,39.0,5.9,52.5,61.0,0.2991452991452991,0.5036231884057971,0.4368872549019608,-0.06837606837606836,1.7345454545454546,0.6212121212121213,0.5384615384615385,0.5072711719418306,-0.6256812660056472,-0.8040720961281709,0.2366412213740459,-0.5925925925925932,0.5510835913312694,0.9982378854625551,-0.019736842105262966,-0.25426482534524775,-0.33216476774758985,-0.32022471910112377,-0.5880149812734083,-0.3738851230824119,-0.5989847715736039,4,-1.947,0.351,Attacking Winger / Ball Carrier [W]
Oliver Smith,Arsenal,AM,AM,18,2011,Premier League,2025-2026,13,6,26,26,9,9,37,1252,67,17,92.0,54,26,53.8,65,12,16,17,17,76,51.5,0.582,0.269,1.164,1.164,0.403,0.403,1.656,56.032,2.999,0.761,2.417,1.164,2.909,0.537,0.716,0.761,0.761,3.401,100.0,52.4,14.3,85.7,23.8,64.3,60.7,16.7,95.2,14.3,71.4,97.6,19.0,21.4,61.9,9.5,57.1,19.0,72.6,31.0,90.5,2.0213675213675213,0.5072463768115942,-0.05514705882352946,1.1438746438746439,0.2595804195804195,1.303030303030303,1.1875,0.3943541488451667,0.3567207301858295,-0.32543391188251,2.118320610687023,0.9537037037037037,-0.041132242370632455,0.05462555066079281,-0.13815789473684217,-0.7985377741673437,-0.21384750219106047,-0.6707865168539326,-0.18084537185660782,-0.5005351409204426,0.2588832487309645,5,-1.751,0.506,Advanced Playmaker / Chance Creator [AM]
Liam Davies,Arsenal,AM,AM,18,2152,Premier League,2025-2026,3,5,61,10,8,12,27,1048,143,20,74.8,47,48,55.4,94,35,11,31,16,87,54.7,0.125,0.209,2.551,0.418,0.335,0.502,1.129,43.829,5.98,0.836,1.966,2.007,3.931,1.464,0.46,1.296,0.669,3.638,21.4,31.0,76.2,11.9,50.0,50.0,88.1,7.1,45.2,59.5,85.7,16.7,9.5,71.4,69.0,71.4,28.6,57.1,64.3,33.3,97.6,0.06837606837606837,0.28985507246376807,0.7947303921568628,0.0811965811965812,0.5454545454545454,0.9595959595959597,1.663461538461538,-0.05645851154833196,-0.043929345327992676,0.6695594125500667,2.404580152671756,-0.6388888888888896,-0.24060150375939846,0.7973568281938328,-0.032894736842105254,-0.04549147034930955,-0.4382120946538124,-0.06966292134831467,-0.23006955591225253,-0.41598287549054597,0.4213197969543149,5,-1.229,1.581,Advanced Playmaker / Chance Creator [AM]
Marcus Evans,Arsenal,CM,CM,21,510,Premier League,2025-2026,1,1,6,2,0,1,12,323,15,4,85.7,19,2,57.9,12,11,9,12,3,42,51.9,0.176,0.176,1.059,0.353,0.0,0.176,2.118,57.0,2.647,0.706,3.353,0.353,2.118,1.941,1.588,2.118,0.529,7.412,72.9,66.9,23.7,46.6,67.8,5.1,47.5,84.7,57.6,3.4,96.6,53.4,78.0,10.2,50.8,44.1,83.1,86.4,6.8,84.7,64.4,0.28632478632478625,0.1702898550724637,-0.11948529411764709,-0.011396011396011407,0.03832167832167826,-0.7323232323232323,0.0961538461538461,0.78956372968349,0.388502199750476,-0.44292389853137526,1.9083969465648853,0.37037037037037046,0.37284387439186223,-0.659911894273128,0.13157894736842102,0.34199837530463045,0.5503943908851885,0.8539325842696627,-0.30497592295345105,0.9304316803424901,0.2791878172588832,1,0.672,1.075,Overlapping Wingback / Wide Progressor [FB]
Marcus Traore,Arsenal,CM,CM,21,896,Premier League,2025-2026,1,1,16,3,2,0,17,524,54,2,82.3,19,0,55.9,28,19,15,9,5,51,37.7,0.1,0.1,1.607,0.301,0.201,0.0,1.708,52.634,5.424,0.201,1.908,0.0,2.812,1.908,1.507,0.904,0.502,5.123,33.9,30.5,73.7,29.7,92.4,54.2,5.9,59.3,44.1,32.2,32.2,18.6,20.3,4.2,39.0,39.0,74.6,16.9,5.1,25.4,23.7,-0.038461538461538436,-0.10507246376811592,0.21629901960784312,-0.08547008547008547,0.23244755244755236,0.28282828282828293,-0.7499999999999999,0.438836612489307,0.24515726574299032,0.48397863818424564,-0.019083969465648765,0.055555555555555046,-0.2662538699690402,-0.9709251101321589,0.0,0.3151909017059301,0.47940403155127076,-0.5101123595505619,-0.31942215088282505,0.11380663574741347,-0.4416243654822332,1,0.475,0.207,Overlapping Wingback / Wide Progressor [FB]
Leo Smith,Arsenal,CM,CM,26,595,Premier League,2025-2026,0,0,5,3,1,1,25,389,51,3,87.9,16,11,51.8,10,12,8,17,2,47,31.9,0.0,0.0,0.756,0.454,0.151,0.151,3.782,58.84,7.714,0.454,2.42,1.664,1.513,1.815,1.21,2.571,0.303,7.109,8.5,5.9,5.1,67.8,30.5,35.6,35.6,100.0,62.7,89.8,81.4,78.8,40.7,84.7,25.4,33.9,47.5,100.0,1.7,74.6,5.9,-0.46581196581196577,-0.46739130434782605,-0.3051470588235294,0.13247863247863254,-0.13090909090909095,0.030303030303030328,-0.024038461538461557,2.2130025662959794,0.44891325760063044,1.2483311081441921,0.9465648854961832,0.5740740740740745,-0.03980539584254749,0.4951541850220264,-0.2697368421052632,0.23964256701868397,0.21910604732690622,1.3629213483146068,-0.42589620117710014,0.8223332144131287,-0.7360406091370557,1,0.71,2.683,Overlapping Wingback / Wide Progressor [FB]
Mason Mendy,Arsenal,DM,DM,27,1187,Premier League,2025-2026,1,0,16,2,2,1,10,553,52,3,82.8,1,6,68.7,22,28,11,21,25,110,74.2,0.076,0.0,1.213,0.152,0.152,0.076,0.758,41.929,3.943,0.227,0.076,0.455,1.668,2.123,0.834,1.592,1.896,8.34,55.1,16.7,92.3,38.5,100.0,74.4,34.6,38.5,17.9,30.8,43.6,16.7,7.7,21.8,89.7,23.1,5.1,25.6,64.1,64.1,97.4,-0.14102564102564102,-0.46739130434782605,-0.025122549019607796,-0.29772079772079774,-0.0875524475524476,0.03535353535353538,-0.3846153846153846,-0.3738237810094098,-0.1063103289776085,-0.010347129506008055,0.08015267175572525,0.10185185185185135,-1.076514816452897,-0.5700440528634363,0.8421052631578949,0.4898456539398865,-0.11042944785276074,0.26292134831460673,0.42643124665596577,1.261505529789511,1.4111675126903553,2,2.01,-0.434,Defensive Anchor / Deep Distributor [DM]
Oliver Johnson,Arsenal,DM,DM,29,503,Premier League,2025-2026,0,1,3,1,1,0,5,82,20,1,83.0,17,1,58.5,5,22,5,13,10,33,59.2,0.0,0.179,0.537,0.179,0.179,0.0,0.895,14.672,3.579,0.179,3.042,0.179,0.895,3.936,0.895,2.326,1.789,5.905,16.7,94.9,38.5,41.0,69.2,92.3,12.8,48.7,2.6,23.1,33.3,20.5,100.0,10.3,43.6,97.4,7.7,76.9,51.3,15.4,60.3,-0.46581196581196577,0.18115942028985502,-0.4393382352941176,-0.25925925925925924,-0.30377622377622376,0.1717171717171717,-0.7499999999999999,-0.2566295979469633,-1.0012147875763346,-0.13184245660881175,-0.1030534351145038,0.12037037037037014,0.23529411764705888,-0.8132158590308372,0.17105263157894743,1.9626320064987817,-0.05696757230499557,1.0876404494382022,0.3691813804173355,0.39279343560470925,0.6497461928934012,2,1.73,0.053,Defensive Anchor / Deep Distributor [DM]
Marcus Taylor,Arsenal,FB,FB,34,1245,Premier League,2025-2026,1,1,14,7,2,2,23,837,78,5,77.0,29,13,43.6,22,26,28,12,48,56,33.6,0.072,0.072,1.012,0.506,0.145,0.145,1.663,60.506,5.639,0.361,2.096,0.94,1.59,1.88,2.024,0.867,3.47,4.048,68.2,53.2,79.2,97.4,57.1,45.5,42.2,66.2,76.6,61.0,88.3,31.2,23.4,33.8,10.4,31.2,89.6,5.2,94.8,18.2,9.7,-0.15811965811965814,-0.2065217391304348,-0.14828431372549017,0.20655270655270658,-0.10937062937062937,0.0,-0.052884615384615426,0.4003421727972626,0.5036115306323462,0.5557409879839785,0.5916030534351144,-0.43518518518518556,-0.1831048208757186,-0.1427312775330398,-0.8092105263157892,0.29244516653127534,0.9325153374233129,-0.551685393258427,1.2685928303905836,-0.2697110239029612,-0.6497461928934007,1,0.572,0.528,Overlapping Wingback / Wide Progressor [FB]
Noah Williams,Arsenal,FB,FB,30,762,Premier League,2025-2026,0,0,4,2,2,3,2,556,48,1,77.5,39,12,41.2,15,25,15,10,10,41,78.5,0.0,0.0,0.472,0.236,0.236,0.354,0.236,65.669,5.669,0.118,4.606,1.417,1.772,2.953,1.772,1.181,1.181,4.843,16.9,12.3,33.8,53.2,67.5,72.7,94.8,6.5,89.6,62.3,28.6,41.6,89.6,54.5,5.2,85.7,79.2,16.9,10.4,42.9,100.0,-0.46581196581196577,-0.46739130434782605,-0.47916666666666663,-0.1780626780626781,-0.05846153846153848,0.45959595959595956,0.9519230769230768,-0.8203592814371258,0.6731236456760128,0.5657543391188248,-0.3358778625954198,-0.38888888888888923,0.9270234409553296,0.2775330396475771,-0.9671052631578942,1.1640942323314378,0.7116564417177914,-0.19887640449438207,0.04387372926698774,0.013913663931501856,1.6294416243654821,1,1.101,0.909,Overlapping Wingback / Wide Progressor [FB]
David Traore,Arsenal,FB,FB,34,1985,Premier League,2025-2026,1,1,32,8,0,3,47,768,134,7,76.9,70,0,70.9,28,61,38,48,41,120,51.6,0.045,0.045,1.451,0.363,0.0,0.136,2.131,34.821,6.076,0.317,3.174,0.0,1.27,2.766,1.723,2.176,1.859,5.441,44.2,31.2,93.5,88.3,42.9,6.5,36.4,90.9,9.1,74.0,74.0,28.6,50.6,1.9,96.1,80.5,72.7,87.0,31.2,61.0,79.2,-0.2735042735042735,-0.30434782608695654,0.12071078431372552,0.0028490028490028517,-0.1988811188811189,-0.7323232323232323,-0.0961538461538461,0.800684345594525,-0.33968087202048736,0.7016021361815752,0.4236641221374046,-0.4444444444444443,0.29367536488279533,-0.9709251101321589,0.9868421052631582,1.0121852152721367,0.6687116564417179,0.9191011235955057,0.4066345639379348,0.22725651088119855,0.2639593908629443,1,1.495,0.672,Overlapping Wingback / Wide Progressor [FB]
Oliver Brown,Arsenal,FB,FB,23,2736,Premier League,2025-2026,3,3,24,5,6,6,58,1903,105,0,78.4,57,57,48.5,0,55,20,70,78,182,51.4,0.099,0.099,0.789,0.164,0.197,0.197,1.908,62.599,3.454,0.0,1.875,1.875,0.0,1.809,0.658,2.303,2.566,5.987,86.4,64.9,58.4,33.8,2.6,64.3,55.8,75.3,81.8,15.6,7.8,54.5,18.2,79.2,22.1,27.3,5.2,90.9,64.9,71.4,76.6,-0.04273504273504271,-0.10869565217391303,-0.2849264705882353,-0.2806267806267806,-0.5541258741258741,0.2626262626262627,0.19711538461538464,0.6099230111206158,0.5723291089368966,-0.1735647530040053,-0.7862595419847328,-0.30555555555555536,-0.2808491817779743,0.681057268722467,-0.4868421052631577,0.23476848090982938,-0.2646801051709027,1.0617977528089886,0.7849117174959872,0.4220478059222261,0.25380710659898476,1,1.075,0.373,Overlapping Wingback / Wide Progressor [FB]
Noah Smith,Arsenal,CB,CB,20,2346,Premier League,2025-2026,0,0,6,4,0,2,0,1730,85,3,87.8,35,7,62.4,9,64,46,53,85,136,56.1,0.0,0.0,0.23,0.153,0.0,0.077,0.0,66.368,3.261,0.115,1.343,0.269,0.345,2.455,1.765,2.033,3.261,5.217,23.4,16.9,10.4,51.3,24.7,28.6,93.5,5.8,68.8,40.3,77.9,29.2,72.7,35.1,22.1,93.5,70.1,55.8,24.7,40.3,19.5,-0.46581196581196577,-0.46739130434782605,-0.6274509803921569,-0.2962962962962963,-0.4576223776223776,-0.7323232323232323,-0.3798076923076923,-1.0222412318220702,0.6960732812397398,-0.23798397863818424,-0.3473282442748091,0.5648148148148144,-0.5161432994250331,-0.7339207048458152,0.42763157894736836,0.759545085296507,0.705521472392638,0.7584269662921346,1.1567683253076513,0.14734213342846927,0.49238578680203055,3,2.829,-0.791,Defensive Stopper / Central Shield [CB]
Oliver Brown T,Arsenal,CB,CB,23,1810,Premier League,2025-2026,2,1,6,6,0,0,3,903,80,1,77.3,20,5,76.9,10,60,46,34,123,123,65.9,0.099,0.05,0.298,0.298,0.0,0.0,0.149,44.901,3.978,0.05,0.994,0.249,0.497,2.983,2.287,1.691,6.116,6.116,87.7,50.6,15.6,85.1,40.3,28.6,28.6,20.8,20.8,64.9,37.7,1.3,51.9,33.8,82.5,100.0,93.5,31.2,84.4,76.6,63.6,-0.04273504273504271,-0.286231884057971,-0.5857843137254901,-0.08974358974358974,-0.41510489510489507,-0.7323232323232323,-0.7499999999999999,-0.894781864841745,-0.008733337710946164,0.001335113484646196,-0.5954198473282442,-0.40740740740740805,-0.670499778858912,-0.7515418502202645,1.3815789473684212,1.188464662875711,1.1630148992112181,0.37415730337078645,2.684323167469235,0.46806992508027095,0.9898477157360408,3,3.348,-1.475,Defensive Stopper / Central Shield [CB]
Jack Jones,Arsenal,CB,CB,19,1708,Premier League,2025-2026,1,2,9,3,0,0,11,1361,75,1,92.3,19,0,67.9,16,43,17,35,83,79,67.9,0.053,0.105,0.474,0.158,0.0,0.0,0.58,71.715,3.952,0.053,1.001,0.0,0.843,2.266,0.896,1.844,4.374,4.163,59.7,90.9,39.0,54.5,64.9,28.6,28.6,92.2,77.9,62.3,40.3,76.0,54.5,5.8,37.7,84.4,12.3,45.5,42.9,10.4,74.7,-0.2393162393162393,-0.08695652173913046,-0.4779411764705882,-0.28917378917378916,-0.31832167832167835,-0.7323232323232323,-0.7499999999999999,-0.5260906757912747,0.8716265020684222,-0.0073431241655541515,-0.5839694656488549,0.9814814814814812,-0.6674038036267139,-0.9709251101321589,0.7894736842105267,0.6060113728675874,-0.056091148115687946,0.546067415730337,1.7522739432851793,-0.22868355333571175,1.0913705583756348,3,2.915,-1.365,Defensive Stopper / Central Shield [CB]
Harry Johnson,Arsenal,FW,FW,22,1839,Premier League,2025-2026,6,8,31,23,3,0,21,373,46,8,78.3,36,13,50.8,90,3,11,12,4,9,52.2,0.294,0.392,1.517,1.126,0.147,0.0,1.028,18.254,2.251,0.392,1.762,0.636,4.405,0.147,0.538,0.587,0.196,0.44,31.2,33.8,10.0,50.0,28.7,43.8,5.0,50.0,46.2,66.2,87.5,87.5,31.2,16.2,67.5,12.5,97.5,33.8,26.2,3.8,81.2,0.7905982905982906,0.9528985507246377,0.16115196078431365,1.0897435897435896,0.6780419580419581,0.010101010101010109,-0.7499999999999999,-0.14285714285714288,-0.8836102173484799,-0.5751001335113485,0.7099236641221375,-0.31481481481481544,-0.33082706766917286,-0.4105726872246698,-0.33552631578947373,-1.115353371242892,-0.36985100788781766,-0.8662921348314608,-0.4831460674157304,-1.5569033178737068,0.2944162436548225,0,-1.872,-1.687,Direct Goal Threat / Box Striker [FW]
Alex Fernandez,Arsenal,FW,FW,28,2124,Premier League,2025-2026,5,6,31,32,2,4,11,204,47,3,63.4,97,7,70.7,100,15,11,27,24,23,28.4,0.212,0.254,1.314,1.356,0.085,0.169,0.466,8.644,1.992,0.127,4.11,0.297,4.237,0.636,0.466,1.144,1.017,0.975,15.0,17.5,3.8,63.7,27.5,28.7,53.8,7.5,6.2,55.0,22.5,2.5,87.5,5.0,100.0,73.8,93.8,98.8,98.8,11.2,11.2,0.4401709401709401,0.45289855072463764,0.03676470588235297,1.4173789173789175,0.6310489510489511,-0.3030303030303029,0.06250000000000006,-0.6236099230111207,-1.1991266662289055,-0.6615487316421895,-0.30152671755725186,-1.6944444444444453,0.70765148164529,-0.7092511013215862,0.9736842105263159,-0.718115353371243,-0.43295354951796666,-0.2404494382022474,-0.04387372926698774,-1.3660363895825902,-0.913705583756345,0,-1.616,-1.686,Direct Goal Threat / Box Striker [FW]
Dan Taylor,Aston Villa,FW,FW,30,2339,Premier League,2025-2026,4,15,58,25,2,2,29,338,53,5,72.8,37,20,52.6,169,5,6,24,0,68,34.0,0.154,0.577,2.232,0.962,0.077,0.077,1.116,13.006,2.039,0.192,1.424,0.77,6.503,0.192,0.231,0.923,0.0,2.617,7.5,72.5,32.5,31.2,68.8,25.0,18.8,55.0,21.2,56.2,41.9,41.2,18.8,25.0,71.2,23.8,53.8,83.8,5.6,73.8,26.2,0.1923076923076923,1.623188405797101,0.599264705882353,0.8561253561253561,1.264895104895105,-0.34343434343434337,-0.3798076923076923,-0.06757912745936695,-1.0559130606080505,-0.6458611481975968,-0.05343511450381673,-0.8240740740740748,-0.4803184431667404,-0.29251101321585915,-0.2171052631578945,-1.0787977254264827,-0.6389132340052586,-0.48876404494382025,-0.5880149812734083,-0.7802354620049947,-0.6294416243654821,0,-2.14,-1.636,Direct Goal Threat / Box Striker [FW]
George Traore,Aston Villa,FW,FW,18,881,Premier League,2025-2026,6,4,25,4,2,0,12,340,3,2,72.0,17,15,56.1,69,3,6,2,1,23,43.1,0.613,0.409,2.554,0.409,0.204,0.0,1.226,34.733,0.306,0.204,1.737,1.532,7.049,0.306,0.613,0.204,0.102,2.35,78.8,41.2,45.0,7.5,82.5,66.2,5.0,63.7,98.8,7.5,45.0,35.6,28.7,71.2,86.2,33.8,98.8,5.0,15.0,61.3,62.5,2.1538461538461537,1.0144927536231882,0.7965686274509802,0.06837606837606836,1.4176223776223777,0.29797979797979796,-0.7499999999999999,0.026518391787852792,-0.34257009652636433,-1.2242990654205606,-0.007633587786259549,-0.8981481481481487,-0.3418841220698805,0.3788546255506608,0.01315789473684229,-0.9861900893582454,-0.3041191936897458,-1.2966292134831463,-0.5334403424291065,-0.875490545843739,-0.16751269035532979,0,-2.478,-1.809,Direct Goal Threat / Box Striker [FW]
Gabriel Johnson,Aston Villa,W,W,20,1669,Premier League,2025-2026,7,7,54,21,3,6,42,328,56,9,85.5,124,81,48.4,97,28,0,32,0,91,40.9,0.377,0.377,2.912,1.132,0.162,0.324,2.265,17.687,3.02,0.485,6.687,4.368,5.231,1.51,0.0,1.726,0.0,4.907,69.5,55.9,67.8,72.0,45.8,33.9,66.1,79.7,16.9,33.9,71.2,96.6,91.5,98.3,39.8,88.1,4.2,96.6,5.9,86.4,79.7,1.1452991452991452,0.898550724637681,1.0159313725490196,1.0982905982905982,0.9090909090909091,0.08585858585858593,0.8076923076923077,0.9153122326775022,-0.9022260161533916,-0.3184245660881175,1.0648854961832062,0.3518518518518517,1.847412649270235,2.877533039647578,-0.49342105263157887,-0.00812347684809099,-0.8413672217353199,0.4134831460674156,-0.5880149812734083,0.03674634320371022,-0.2791878172588832,4,-2.846,1.548,Attacking Winger / Ball Carrier [W]
Leo Davies,Aston Villa,W,W,24,2320,Premier League,2025-2026,0,1,44,33,10,12,46,893,121,6,78.9,165,36,66.8,122,29,6,20,0,100,59.1,0.0,0.039,1.707,1.28,0.388,0.466,1.784,34.642,4.694,0.233,6.401,1.397,4.733,1.125,0.233,0.776,0.0,3.879,7.6,5.1,16.9,79.7,39.0,94.9,96.6,47.5,81.4,83.1,37.3,61.0,88.1,22.0,93.2,58.5,10.2,10.2,5.9,59.3,100.0,-0.46581196581196577,-0.3260869565217391,0.2775735294117647,1.3091168091168093,0.7697902097902097,1.2272727272727273,1.4903846153846154,0.5038494439692044,-0.3455578173222142,0.24032042723631497,0.1030534351145039,-0.2592592592592591,1.7209199469261391,0.2599118942731277,0.7171052631578945,-0.32087733549959385,-0.6371603856266432,-0.6539325842696629,-0.5880149812734083,-0.33000356760613636,0.6446700507614214,4,-1.331,1.095,Attacking Winger / Ball Carrier [W]
Leo Brown,Aston Villa,W,W,32,2721,Premier League,2025-2026,14,14,103,39,0,9,32,722,109,16,72.5,31,79,75.8,134,34,31,40,17,130,36.5,0.463,0.463,3.407,1.29,0.0,0.298,1.058,23.881,3.605,0.529,1.025,2.613,4.432,1.125,1.025,1.323,0.562,4.3,81.4,80.5,88.1,83.1,35.6,7.6,55.9,15.3,28.8,57.6,86.4,15.3,1.7,66.9,100.0,58.5,96.6,71.2,56.8,71.2,67.8,1.512820512820513,1.210144927536232,1.3192401960784312,1.3233618233618236,0.6855944055944057,-0.7323232323232323,0.6826923076923076,-0.11719418306244654,-0.6988640094556439,-0.12316421895861153,1.2328244274809161,-0.8518518518518523,-0.6567890314020345,1.3312775330396478,1.3092105263157892,-0.32087733549959385,0.05696757230499557,-0.03932584269662937,-0.2873194221508828,-0.1798073492686409,-0.5025380710659897,4,-1.921,-0.421,Attacking Winger / Ball Carrier [W]
Thomas Traore,Aston Villa,AM,AM,31,1780,Premier League,2025-2026,2,4,33,13,4,5,63,622,83,2,88.1,53,42,56.8,108,24,7,11,0,93,43.8,0.101,0.202,1.669,0.657,0.202,0.253,3.185,31.449,4.197,0.101,2.68,2.124,5.461,1.213,0.354,0.556,0.0,4.702,15.5,28.6,26.2,31.0,88.1,21.4,28.6,81.0,14.3,31.0,16.7,92.9,31.0,76.2,76.2,52.4,16.7,4.8,2.4,57.1,81.0,-0.03418803418803416,0.2644927536231884,0.2542892156862745,0.4216524216524217,0.9734265734265735,0.28787878787878796,0.4663461538461538,1.7023096663815227,-0.45039070195022657,0.07443257676902532,-0.40076335877862584,0.592592592592592,0.0751879699248122,0.9004405286343614,0.059210526315789366,-0.24939073923639316,-0.5311130587204207,-0.901123595505618,-0.5880149812734083,-0.03638958259008217,-0.13197969543147214,4,-1.194,0.734,Attacking Winger / Ball Carrier [W]
Gabriel Traore,Aston Villa,AM,AM,24,1553,Premier League,2025-2026,6,4,48,4,2,7,30,696,95,11,77.6,69,17,58.4,59,24,28,13,18,23,15.2,0.348,0.232,2.782,0.232,0.116,0.406,1.739,40.335,5.505,0.637,3.999,0.985,3.419,1.391,1.623,0.753,1.043,1.333,73.8,40.5,85.7,4.8,33.3,14.3,64.3,21.4,38.1,54.8,59.5,28.6,66.7,16.7,85.7,59.5,97.6,16.7,88.1,2.4,4.8,1.0213675213675213,0.37318840579710144,0.9362745098039215,-0.18376068376068375,0.4022377622377622,-0.14646464646464638,1.2019230769230769,0.46535500427716,-0.15864469104997048,0.5110146862483309,1.6450381679389314,-0.37962962962963054,0.658558160106148,-0.10308370044052874,0.16447368421052627,-0.1047928513403737,0.5810692375109553,-0.6797752808988765,-0.029962546816479432,-1.2383160899036747,-1.5837563451776646,5,-1.624,1.011,Advanced Playmaker / Chance Creator [AM]
Lucas Traore,Aston Villa,CM,CM,21,2270,Premier League,2025-2026,1,2,30,6,6,4,52,1681,53,4,82.2,142,33,64.5,3,55,43,46,38,157,48.6,0.04,0.079,1.189,0.238,0.238,0.159,2.062,66.648,2.101,0.159,5.63,1.308,0.119,2.181,1.705,1.824,1.507,6.225,16.9,25.4,32.2,22.0,3.4,75.4,39.0,81.4,91.5,1.7,18.6,16.1,100.0,64.4,83.1,59.3,93.2,76.3,78.0,57.6,48.3,-0.2948717948717949,-0.18115942028985507,-0.03982843137254898,-0.17521367521367523,-0.5208391608391608,0.46969696969696967,0.014423076923076934,0.7416595380667235,0.7052662683038937,-0.6251668891855807,-0.17938931297709917,0.04629629629629631,1.3799203892083152,0.1814977973568282,0.5657894736842105,0.5369618196588141,0.6529360210341806,0.5235955056179775,0.21829855537720705,0.5069568319657508,0.11167512690355343,1,1.027,1.049,Overlapping Wingback / Wide Progressor [FB]
Carlos Garcia,Aston Villa,CM,CM,33,801,Premier League,2025-2026,0,1,13,2,2,2,21,565,55,4,89.5,20,9,57.2,12,25,8,18,9,61,49.7,0.0,0.112,1.461,0.225,0.225,0.225,2.36,63.483,6.18,0.449,2.247,1.011,1.348,2.809,0.899,2.022,1.011,6.854,8.5,35.6,55.9,13.6,27.1,67.8,74.6,93.2,78.0,55.9,79.7,86.4,27.1,45.8,47.5,88.1,30.5,83.1,40.7,67.8,57.6,-0.46581196581196577,-0.06159420289855072,0.1268382352941177,-0.19373219373219372,-0.17706293706293705,0.4040404040404041,0.3317307692307692,0.9965782720273736,0.6013526823822968,0.7363150867823762,0.9274809160305344,0.7222222222222221,-0.11632021229544447,-0.08017621145374468,0.08552631578947395,1.0471161657189278,-0.05346187554776507,0.7460674157303367,-0.04708400214018196,0.7313592579379236,0.16751269035533015,1,1.14,1.871,Overlapping Wingback / Wide Progressor [FB]
Carlos Lopez,Aston Villa,CM,CM,34,870,Premier League,2025-2026,0,3,16,3,1,0,15,314,65,7,88.2,22,15,71.0,31,14,14,13,15,65,24.3,0.0,0.31,1.655,0.31,0.103,0.0,1.552,32.483,6.724,0.724,2.276,1.552,3.207,1.448,1.448,1.345,1.552,6.724,8.5,98.3,78.0,33.9,98.3,23.7,5.9,55.9,5.1,66.1,100.0,81.4,32.2,72.9,96.6,18.6,69.5,45.8,81.4,64.4,1.7,-0.46581196581196577,0.6557971014492753,0.24571078431372548,-0.07264957264957264,0.34293706293706283,-0.2121212121212121,-0.7499999999999999,0.3053892215568862,-0.4164423140061726,0.9178905206942589,1.9770992366412214,0.601851851851852,-0.10349402919062363,0.39647577092511016,0.9934210526315789,-0.058489033306255135,0.42769500438212094,-0.014606741573033846,0.24237560192616378,0.6849803781662505,-1.1218274111675124,1,0.379,1.19,Overlapping Wingback / Wide Progressor [FB]
Jack Garcia,Aston Villa,DM,DM,18,1042,Premier League,2025-2026,0,1,2,1,2,0,13,410,99,2,88.4,21,12,49.8,9,25,9,27,18,90,56.6,0.0,0.086,0.173,0.086,0.173,0.0,1.123,35.413,8.551,0.173,1.814,1.036,0.777,2.159,0.777,2.332,1.555,7.774,16.7,65.4,10.3,23.1,51.3,89.7,12.8,74.4,7.7,92.3,30.8,60.3,51.3,69.2,17.9,25.6,2.6,79.5,30.8,56.4,43.6,-0.46581196581196577,-0.1557971014492754,-0.6623774509803921,-0.3917378917378918,-0.3367832167832168,0.14141414141414138,-0.7499999999999999,-0.061591103507271226,-0.3202442707991334,1.5277036048064083,-0.12595419847328243,0.6203703703703708,-0.30782839451570093,-0.05814977973568288,-0.40131578947368424,0.5190901705930137,-0.1603856266432953,1.0943820224719099,0.24398073836276085,1.0595790224759185,0.517766497461929,2,1.907,0.831,Defensive Anchor / Deep Distributor [DM]
Alex Evans,Aston Villa,FB,FB,30,1911,Premier League,2025-2026,2,1,19,4,6,3,24,1226,59,6,75.3,103,24,56.2,39,18,23,43,61,118,32.5,0.094,0.047,0.895,0.188,0.283,0.141,1.13,57.739,2.779,0.283,4.851,1.13,1.837,0.848,1.083,2.025,2.873,5.557,83.1,33.8,68.8,41.6,70.1,84.4,37.7,27.3,74.0,6.5,67.5,18.2,93.5,42.9,55.2,2.6,23.4,80.5,77.9,63.6,6.5,-0.0641025641025641,-0.2971014492753623,-0.2199754901960784,-0.24643874643874644,-0.040279720279720314,0.6969696969696969,-0.07211538461538468,-0.05560307955517551,0.41276511918051073,-0.39886515353805074,0.2938931297709923,-0.5925925925925932,1.0353825740822646,0.024669603524228905,0.019736842105263434,-0.5458976441917142,0.10780017528483786,0.7494382022471908,0.9491706795077584,0.2686407420620764,-0.7055837563451774,1,0.448,0.455,Overlapping Wingback / Wide Progressor [FB]
Harry King,Aston Villa,FB,FB,19,600,Premier League,2025-2026,0,0,8,1,2,3,8,287,47,3,77.6,18,7,42.9,5,10,7,10,16,47,36.0,0.0,0.0,1.2,0.15,0.3,0.45,1.2,43.05,7.05,0.45,2.7,1.05,0.75,1.5,1.05,1.5,2.4,7.05,16.9,12.3,84.4,31.2,22.1,90.9,98.7,33.8,24.7,87.0,94.8,44.2,35.1,39.0,7.8,16.9,22.1,42.9,57.8,94.8,13.0,-0.46581196581196577,-0.46739130434782605,-0.033088235294117675,-0.3005698005698006,-0.34433566433566437,0.7828282828282828,1.4134615384615385,0.004277159965782629,-0.0695055486243353,1.0267022696929236,0.9312977099236641,-0.37962962962963054,0.08403361344537834,-0.04581497797356833,-0.8552631578947367,-0.01624695369618198,0.0788781770376863,0.1595505617977527,0.6960941680042804,0.8012843382090615,-0.5279187817258881,1,0.418,1.739,Overlapping Wingback / Wide Progressor [FB]
Gabriel Brown,Aston Villa,FB,FB,22,1288,Premier League,2025-2026,1,1,11,5,2,3,30,635,83,2,78.1,44,24,65.7,23,16,25,39,33,45,47.7,0.07,0.07,0.769,0.349,0.14,0.21,2.096,44.371,5.8,0.14,3.075,1.677,1.607,1.118,1.747,2.725,2.306,3.144,65.6,49.4,55.8,83.1,61.0,42.9,59.7,88.3,28.6,70.1,37.7,49.4,46.8,64.9,88.3,6.5,76.6,100.0,53.2,2.6,66.2,-0.16666666666666663,-0.21376811594202896,-0.29718137254901955,-0.01709401709401711,-0.10461538461538464,-0.025252525252525134,0.2596153846153846,0.7707442258340462,-0.02613434893952326,0.6094793057409877,-0.2519083969465648,-0.3333333333333342,0.24988942945599313,0.5066079295154186,0.6447368421052633,-0.3265637692932575,0.689745836985101,1.5359550561797752,0.6457998929909043,-0.592222618622904,0.06598984771573625,1,0.929,0.579,Overlapping Wingback / Wide Progressor [FB]
Harry Johnson M,Aston Villa,FB,FB,23,1130,Premier League,2025-2026,1,1,1,5,4,1,15,642,68,4,89.0,37,9,42.6,11,27,29,16,30,65,57.9,0.08,0.08,0.08,0.398,0.319,0.08,1.195,51.133,5.416,0.319,2.947,0.717,0.876,2.15,2.31,1.274,2.389,5.177,72.7,57.1,9.1,92.2,29.9,92.2,16.9,32.5,54.5,58.4,76.6,97.4,41.6,19.5,6.5,53.2,97.4,24.7,55.8,53.2,94.8,-0.12393162393162392,-0.17753623188405795,-0.7193627450980391,0.05270655270655276,-0.3090909090909091,0.8787878787878788,-0.36538461538461536,0.0,0.19587628865979387,0.48130841121495327,0.4312977099236642,0.6759259259259258,0.1932773109243699,-0.33920704845815,-0.8749999999999997,0.5117790414297319,1.1831726555652937,-0.0943820224719102,0.6902086677367576,0.13307170888333905,0.5837563451776648,1,1.279,0.669,Overlapping Wingback / Wide Progressor [FB]
Ben Johnson,Aston Villa,CB,CB,25,2239,Premier League,2025-2026,2,1,14,8,0,1,6,1349,46,1,86.3,40,18,67.1,20,40,30,60,135,80,61.7,0.08,0.04,0.563,0.322,0.0,0.04,0.241,54.225,1.849,0.04,1.608,0.724,0.804,1.608,1.206,2.412,5.427,3.216,79.2,41.6,54.5,93.5,59.7,28.6,74.0,37.7,32.5,6.5,32.5,19.5,81.8,85.7,33.1,36.4,31.2,80.5,67.5,5.2,50.0,-0.12393162393162392,-0.32246376811594196,-0.42340686274509803,-0.05555555555555553,-0.3292307692307692,-0.7323232323232323,-0.5576923076923076,-0.8160821214713431,0.2973931315253792,-0.7092790387182909,-0.6335877862595419,0.4259259259259255,-0.398938522777532,-0.3330396475770927,0.7368421052631575,0.07148659626320072,0.21560035056967572,1.184269662921348,2.315676832530765,-0.5665358544416697,0.7766497461928935,3,2.523,-1.78,Defensive Stopper / Central Shield [CB]
David Johnson,Aston Villa,CB,CB,33,1699,Premier League,2025-2026,0,2,8,1,0,1,8,1232,50,3,92.9,13,7,88.2,8,16,43,49,73,101,54.2,0.0,0.106,0.424,0.053,0.0,0.053,0.424,65.262,2.649,0.159,0.689,0.371,0.424,0.848,2.278,2.596,3.867,5.35,23.4,93.5,31.2,19.5,32.5,28.6,84.4,68.8,64.9,22.1,88.3,82.5,32.5,48.1,97.4,2.6,92.2,87.0,31.2,42.9,13.0,-0.46581196581196577,-0.08333333333333336,-0.508578431372549,-0.43874643874643876,-0.43552447552447554,-0.7323232323232323,-0.4951923076923077,-0.6595380667236955,0.659760982336332,-0.44225634178905204,-0.17938931297709917,1.0370370370370376,-0.8053958425475454,-0.6440528634361236,2.125,-0.5458976441917142,1.1551270815074497,1.3910112359550562,1.4810058855002677,0.19479129504102724,0.3959390862944164,3,3.237,-1.186,Defensive Stopper / Central Shield [CB]
Leo Rodriguez,Aston Villa,CB,CB,31,2385,Premier League,2025-2026,1,2,11,8,2,1,0,1324,76,0,93.5,5,26,87.6,14,49,41,65,167,154,67.8,0.038,0.075,0.415,0.302,0.075,0.038,0.0,49.962,2.868,0.0,0.189,0.981,0.528,1.849,1.547,2.453,6.302,5.811,51.9,66.2,29.9,87.7,42.9,89.6,70.8,5.8,23.4,28.6,13.0,87.7,6.5,97.4,96.1,54.5,50.6,83.1,88.3,67.5,72.1,-0.30341880341880345,-0.1956521739130435,-0.5140931372549019,-0.08404558404558404,-0.40643356643356643,-0.3535353535353535,-0.5673076923076922,-1.0222412318220702,0.1574299034736359,-0.36915887850467294,-0.7862595419847328,1.0925925925925926,-1.0265369305616985,-0.10660792951541861,2.085526315789473,0.26726238830219334,0.5144609991235758,1.2303370786516852,2.7838416265382557,0.3592579379236531,1.0862944162436545,3,3.669,-1.729,Defensive Stopper / Central Shield [CB]
Ben Evans,Aston Villa,FW,FW,34,2045,Premier League,2025-2026,10,9,51,14,4,2,20,556,54,1,75.8,60,48,58.8,55,17,9,20,7,94,49.8,0.44,0.396,2.244,0.616,0.176,0.088,0.88,24.469,2.377,0.044,2.641,2.112,2.421,0.748,0.396,0.88,0.308,4.137,53.8,36.2,33.8,11.2,3.8,59.4,21.9,35.0,80.0,77.5,12.5,63.7,63.7,96.2,92.5,85.0,87.5,75.0,38.8,98.8,75.6,1.4145299145299146,0.967391304347826,0.6066176470588236,0.3632478632478633,0.123076923076923,0.15656565656565655,-0.3269230769230769,-0.2694610778443114,-0.6795587366209207,-0.5330440587449934,-0.6183206106870228,-0.546296296296297,0.057938965059708206,0.8898678414096918,0.1907894736842104,-0.627132412672624,-0.4943032427695004,-0.5370786516853934,-0.42322097378277157,-0.23795932929004662,0.17258883248730955,0,-1.448,-1.183,Direct Goal Threat / Box Striker [FW]
Lucas Johnson,Aston Villa,FW,FW,26,1223,Premier League,2025-2026,12,11,32,28,3,5,12,216,0,4,75.9,25,14,31.9,107,5,9,9,2,25,25.1,0.883,0.809,2.355,2.061,0.221,0.368,0.883,15.895,0.0,0.294,1.84,1.03,7.874,0.368,0.662,0.662,0.147,1.84,97.5,95.0,40.0,93.8,91.2,69.4,96.2,36.2,28.7,3.1,71.2,65.0,35.0,38.8,15.0,38.8,100.0,42.5,20.0,37.5,7.5,3.3076923076923075,2.463768115942029,0.6746323529411764,2.421652421652422,1.6483916083916081,0.38383838383838387,1.0192307692307692,-0.2668947818648418,-0.9610611333639767,-1.3264352469959946,0.3358778625954198,-0.5370370370370369,-0.29632905793896497,-0.0634361233480177,-1.5789473684210524,-0.9358245329000815,-0.2611744084136722,-0.7820224719101124,-0.5093632958801498,-1.0574384587941492,-1.081218274111675,0,-4.63,-1.978,Direct Goal Threat / Box Striker [FW]
Alex Smith,Bournemouth,FW,FW,24,1705,Premier League,2025-2026,13,8,77,30,3,6,30,676,27,4,81.8,12,36,49.4,71,2,2,0,5,51,36.3,0.686,0.422,4.065,1.584,0.158,0.317,1.584,35.683,1.425,0.211,0.633,1.9,3.748,0.106,0.106,0.0,0.264,2.692,87.5,45.0,91.9,72.5,18.8,52.5,90.0,92.5,100.0,26.2,47.5,96.2,5.0,90.0,60.0,11.2,22.5,1.2,32.5,75.6,37.5,2.465811965811966,1.0615942028985506,1.7224264705882355,1.7421652421652425,0.4942657342657343,0.06565656565656572,0.7740384615384615,0.33276304533789564,-0.3113796047015563,-0.8508010680907877,0.019083969465648873,0.009259259259258735,-0.8301636444051305,0.7030837004405286,-0.42763157894736836,-1.148659626320065,-0.7484662576687117,-1.5258426966292136,-0.44676297485286254,-0.7534784159828756,-0.5126903553299492,0,-3.313,-1.482,Direct Goal Threat / Box Striker [FW]
Arthur Silva,Bournemouth,FW,FW,31,2731,Premier League,2025-2026,23,0,95,35,2,4,21,827,104,3,75.4,28,53,55.5,149,15,6,7,26,48,32.9,0.758,0.0,3.131,1.153,0.066,0.132,0.692,27.254,3.427,0.099,0.923,1.747,4.91,0.494,0.198,0.231,0.857,1.582,95.0,1.2,71.2,52.5,38.8,21.2,36.2,21.2,93.8,93.8,18.8,62.5,6.2,82.5,83.8,58.8,44.4,6.2,96.2,30.0,20.0,2.7735042735042734,-0.46739130434782605,1.1501225490196076,1.1282051282051284,0.8193006993006994,-0.3989898989898989,-0.11538461538461535,-0.43028229255774175,-0.5881213474292468,-0.18257676902536718,-0.4083969465648854,-0.5833333333333333,-0.7019018133569217,0.5682819383259913,-0.026315789473684112,-0.8334687246141349,-0.6678352322524101,-1.2662921348314606,-0.12948100588550027,-1.1494826971102392,-0.6852791878172588,0,-2.301,-1.88,Direct Goal Threat / Box Striker [FW]
Arthur Johnson,Bournemouth,W,W,31,2343,Premier League,2025-2026,17,6,56,12,8,7,33,457,136,1,79.5,34,83,60.7,176,27,25,53,11,86,35.5,0.653,0.23,2.151,0.461,0.307,0.269,1.268,17.554,5.224,0.038,1.306,3.188,6.761,1.037,0.96,2.036,0.423,3.303,96.6,22.0,33.9,23.7,79.7,78.0,42.4,28.8,15.3,93.2,5.1,72.0,3.4,83.9,83.1,45.8,93.2,98.3,37.3,39.0,62.7,2.324786324786325,0.36594202898550726,0.5496323529411763,0.1424501424501425,1.337062937062937,0.8181818181818181,0.5432692307692308,0.062446535500427676,-0.9065926850088648,0.41722296395193587,-0.6412213740458015,-0.20370370370370403,-0.5325077399380804,1.8378854625550667,0.31578947368421073,-0.3923639317627946,0.0,0.7617977528089886,-0.36169074371321563,-0.5354976810560116,-0.5532994923857867,4,-1.726,-0.135,Attacking Winger / Ball Carrier [W]
Harry Jones,Bournemouth,W,W,22,1432,Premier League,2025-2026,3,5,11,20,4,6,0,711,51,9,71.8,100,20,46.4,131,16,9,23,10,63,37.6,0.189,0.314,0.691,1.257,0.251,0.377,0.0,44.686,3.205,0.566,6.285,1.257,8.233,1.006,0.566,1.446,0.628,3.959,37.3,39.0,1.7,78.0,96.6,59.3,81.4,2.5,98.3,45.8,91.5,11.9,78.0,20.3,28.0,40.7,50.8,83.1,67.8,61.9,69.5,0.3418803418803419,0.6702898550724637,-0.3449754901960784,1.2763532763532763,1.748811188811189,0.5353535353535354,1.0625,-1.0222412318220702,-0.015792238492350178,-0.256675567423231,1.3740458015267174,-0.9166666666666674,1.6696152145068557,0.13656387665198222,-0.6249999999999999,-0.4175467099918766,-0.3453111305872042,0.09887640449438186,-0.2520064205457464,-0.3014627185158759,-0.446700507614213,4,-2.024,0.437,Attacking Winger / Ball Carrier [W]
Liam Diallo,Bournemouth,W,W,34,652,Premier League,2025-2026,2,2,18,8,1,2,8,297,17,3,82.0,34,20,64.9,42,9,0,5,6,32,41.2,0.276,0.276,2.485,1.104,0.138,0.276,1.104,40.997,2.347,0.414,4.693,2.761,5.798,1.242,0.0,0.69,0.828,4.417,49.2,33.9,44.1,67.8,62.7,27.1,45.8,18.6,94.9,16.9,64.4,89.8,39.0,78.0,91.5,66.1,4.2,5.1,88.1,76.3,83.1,0.7136752136752138,0.532608695652174,0.7542892156862744,1.0584045584045587,1.0676923076923077,-0.03535353535353524,0.576923076923077,-0.07784431137724548,-0.13690984306257803,-0.5430574098798397,0.7938931297709922,0.027777777777777523,0.9655019902697922,1.461674008810573,0.5921052631578951,-0.22583265637692937,-0.8413672217353199,-0.7505617977528092,-0.1449973247726057,-0.138066357474135,-0.2639593908629439,4,-1.842,0.156,Attacking Winger / Ball Carrier [W]
Ben Santos,Bournemouth,AM,AM,28,1717,Premier League,2025-2026,6,7,20,22,1,9,77,968,31,18,92.2,64,30,43.5,77,37,18,47,12,49,37.7,0.315,0.367,1.048,1.153,0.052,0.472,4.036,50.74,1.625,0.944,3.355,1.573,4.036,1.939,0.944,2.464,0.629,2.568,64.3,83.3,11.9,83.3,52.4,4.8,83.3,97.6,76.2,4.8,95.2,100.0,50.0,40.5,11.9,95.2,83.3,100.0,61.9,16.7,52.4,0.8803418803418803,0.8623188405797101,-0.1262254901960784,1.1282051282051284,0.5748251748251747,-0.46969696969696967,1.519230769230769,2.430282292557741,0.18297327467332067,-0.7840453938584779,2.8167938931297707,0.9722222222222224,0.37372843874391876,0.4149779735682819,-0.8157894736842103,0.3403736799350123,-0.01402278702892201,1.242696629213483,-0.2514713750668807,-0.7977167320727793,-0.4416243654822332,5,-1.643,1.963,Advanced Playmaker / Chance Creator [AM]
George Rodriguez,Bournemouth,AM,AM,28,1293,Premier League,2025-2026,7,4,31,19,3,7,36,658,48,7,74.0,53,27,44.1,93,21,10,22,5,67,28.8,0.487,0.278,2.158,1.323,0.209,0.487,2.506,45.8,3.341,0.487,3.689,1.879,6.473,1.462,0.696,1.531,0.348,4.664,92.9,54.8,47.6,95.2,100.0,23.8,85.7,52.4,52.4,21.4,42.9,7.1,59.5,59.5,16.7,69.0,54.8,81.0,11.9,54.8,16.7,1.6153846153846152,0.5398550724637682,0.5539215686274509,1.3703703703703705,1.2565034965034965,0.3232323232323232,1.5913461538461535,1.121471343028229,0.020782717184319247,-0.21128170894526033,1.0725190839694656,-0.7129629629629635,0.5214506855373731,0.6845814977973569,-0.7763157894736838,-0.047116165718927745,-0.23137598597721298,0.19438202247190992,-0.40181915462814344,-0.049946485907955966,-0.8934010152284262,4,-2.645,1.131,Attacking Winger / Ball Carrier [W]
David Williams,Bournemouth,CM,CM,28,1636,Premier League,2025-2026,4,1,29,14,3,3,17,1250,103,3,85.3,60,23,67.6,39,35,25,30,10,142,45.0,0.22,0.055,1.595,0.77,0.165,0.165,0.935,68.765,5.666,0.165,3.301,1.265,2.145,1.925,1.375,1.65,0.55,7.812,89.8,14.4,71.2,96.6,69.5,37.3,40.7,18.6,93.2,39.0,20.3,49.2,74.6,59.3,89.8,42.4,63.6,67.8,11.9,88.1,37.3,0.47435897435897434,-0.26811594202898553,0.20894607843137253,0.5826210826210827,0.04587412587412585,0.10101010101010109,0.0432692307692308,-0.22241231822070145,0.774771816928229,0.5647530040053405,-0.15648854961832054,0.33333333333333287,0.3498452012383903,0.14361233480176197,0.7697368421052627,0.32900081234768486,0.3637160385626644,0.3280898876404492,-0.29373996789727125,1.0731359257937925,-0.07106598984771566,1,0.801,0.656,Overlapping Wingback / Wide Progressor [FB]
Leo Gomez B,Bournemouth,CM,CM,34,1208,Premier League,2025-2026,1,3,15,9,1,3,13,1043,51,5,87.9,44,15,57.0,25,27,23,34,12,57,47.1,0.075,0.224,1.118,0.671,0.075,0.224,0.969,77.707,3.8,0.373,3.278,1.118,1.863,2.012,1.714,2.533,0.894,4.247,20.3,91.5,28.8,93.2,54.2,16.9,72.9,20.3,98.3,15.3,66.1,78.8,72.9,50.8,44.9,49.2,94.9,98.3,35.6,13.6,43.2,-0.1452991452991453,0.3442028985507246,-0.08333333333333326,0.4415954415954417,-0.033006993006993036,-0.3535353535353535,0.3269230769230769,-0.19332763045337903,1.0683564252413158,-0.0580774365821096,0.6374045801526718,0.5740740740740745,0.3396727111897392,0.014096916299559486,0.07236842105263167,0.3996750609260764,0.6608238387379491,1.3202247191011234,-0.10968432316746923,-0.1987156617909384,0.03553299492385801,1,0.873,0.608,Overlapping Wingback / Wide Progressor [FB]
Jack Johnson,Bournemouth,CM,CM,24,1927,Premier League,2025-2026,7,6,22,11,7,3,30,964,87,4,79.5,61,16,59.9,9,50,35,9,30,170,35.9,0.327,0.28,1.028,0.514,0.327,0.14,1.401,45.023,4.063,0.187,2.849,0.747,0.42,2.335,1.635,0.42,1.401,7.94,100.0,94.9,22.0,78.0,5.1,96.6,27.1,45.8,16.9,16.9,28.8,5.1,62.7,30.5,61.0,69.5,86.4,1.7,71.2,94.9,15.3,0.9316239316239316,0.5471014492753623,-0.13848039215686272,0.217948717948718,-0.4366433566433567,0.9191919191919192,-0.07692307692307686,0.17621899059024804,-0.004727821918707675,0.029706275033377673,-0.0725190839694656,-0.20370370370370403,0.14993365767359595,-0.3127753303964759,0.26315789473684204,0.6620633631194152,0.5915863277826469,-1.0539325842696632,0.16158373461744252,1.1188012843382091,-0.532994923857868,1,0.104,0.402,Overlapping Wingback / Wide Progressor [FB]
Gabriel Taylor,Bournemouth,DM,DM,23,1582,Premier League,2025-2026,1,1,20,0,3,3,14,762,127,3,87.9,35,8,59.7,22,58,40,21,29,119,58.8,0.057,0.057,1.138,0.0,0.171,0.171,0.796,43.35,7.225,0.171,1.991,0.455,1.252,3.3,2.276,1.195,1.65,6.77,47.4,44.9,87.2,7.7,87.2,87.2,74.4,43.6,20.5,76.9,25.6,56.4,53.8,21.8,51.3,79.5,89.7,7.7,35.9,33.3,56.4,-0.2222222222222222,-0.2608695652173913,-0.07107843137254907,-0.5142450142450142,-0.20391608391608393,0.13131313131313144,0.07211538461538468,-0.3413173652694611,-0.05965591962702739,1.0851134846461945,-0.13358778625954187,0.5740740740740745,-0.22954444935869073,-0.5700440528634363,0.2500000000000002,1.445978878960195,1.1533742331288341,-0.18314606741573036,0.29481005885500267,0.7013913663931499,0.6294416243654821,2,2.0,0.711,Defensive Anchor / Deep Distributor [DM]
Marcus Silva,Bournemouth,DM,DM,23,1873,Premier League,2025-2026,2,0,9,2,2,2,25,1002,55,11,83.5,49,17,64.0,17,50,43,33,54,173,60.4,0.096,0.0,0.432,0.096,0.096,0.096,1.201,48.147,2.643,0.529,2.355,0.817,0.817,2.403,2.066,1.586,2.595,8.313,67.9,16.7,28.2,25.6,56.4,46.2,46.2,82.1,28.2,15.4,94.9,24.4,64.1,46.2,76.9,38.5,69.2,23.1,97.4,61.5,64.1,-0.055555555555555546,-0.46739130434782605,-0.5036764705882353,-0.3774928774928775,-0.3255944055944056,-0.2474747474747474,-0.28846153846153844,0.005132591958939269,0.09783964803992373,-0.4442590120160214,1.2328244274809161,0.16666666666666644,-0.06855373728438736,-0.25110132158590326,0.5328947368421053,0.7173030056864339,0.969325153374233,0.25617977528089886,0.8004280363830928,1.2518729932215484,0.7106598984771573,2,1.968,0.546,Defensive Anchor / Deep Distributor [DM]
Dan Fernandez,Bournemouth,FB,FB,26,748,Premier League,2025-2026,0,0,2,3,1,2,11,417,71,1,77.1,32,0,55.6,10,13,14,13,6,37,17.1,0.0,0.0,0.241,0.361,0.12,0.241,1.324,50.174,8.543,0.12,3.85,0.0,1.203,1.564,1.684,1.564,0.722,4.452,16.9,12.3,16.9,87.0,40.3,33.8,67.5,45.5,46.8,96.1,29.9,35.1,68.8,1.9,51.9,18.2,68.8,53.2,5.2,28.6,1.3,-0.46581196581196577,-0.46739130434782605,-0.6207107843137254,0.0,-0.21762237762237763,-0.12626262626262622,0.4086538461538461,0.11035072711719418,0.1643903079650666,1.5250333778371157,-0.32824427480916024,-0.4259259259259268,0.5926581158779304,-0.9709251101321589,-0.019736842105262966,0.03574329813160036,0.6345311130587203,0.23146067415730331,-0.20171214553237027,-0.12557973599714603,-1.4873096446700504,1,0.699,1.09,Overlapping Wingback / Wide Progressor [FB]
Lucas Garcia,Bournemouth,FB,FB,19,1433,Premier League,2025-2026,1,0,1,0,3,3,8,877,111,2,72.2,36,30,59.9,12,52,33,18,26,71,40.9,0.063,0.0,0.063,0.0,0.188,0.188,0.502,55.08,6.971,0.126,2.261,1.884,0.754,3.266,2.073,1.13,1.633,4.459,57.8,12.3,7.8,7.1,23.4,57.8,53.2,9.1,66.2,85.7,31.2,3.9,27.3,80.5,73.4,97.4,93.5,14.3,23.4,31.2,29.9,-0.19658119658119658,-0.46739130434782605,-0.7297794117647058,-0.5142450142450142,-0.34321678321678323,0.2171717171717172,0.15384615384615383,-0.592814371257485,0.32546457416770624,1.0003337783711614,-0.30534351145038163,-0.8796296296296299,-0.11012826183104808,0.6889867841409691,0.26315789473684204,1.4183590576766858,0.9754601226993865,-0.2561797752808991,0.28571428571428575,-0.12308241170174836,-0.2791878172588832,1,1.378,0.916,Overlapping Wingback / Wide Progressor [FB]
George Jones,Bournemouth,FB,FB,24,1858,Premier League,2025-2026,1,2,10,1,6,3,40,1164,100,4,78.2,66,39,47.8,33,29,19,31,13,158,34.1,0.048,0.097,0.484,0.048,0.291,0.145,1.938,56.383,4.844,0.194,3.197,1.889,1.598,1.405,0.92,1.502,0.63,7.653,48.7,61.0,35.1,14.3,59.1,85.7,42.2,77.9,72.7,44.2,50.0,51.3,53.2,81.8,16.9,10.4,15.6,44.2,1.3,98.7,11.7,-0.26068376068376065,-0.11594202898550723,-0.47181372549019607,-0.4458689458689459,-0.10713286713286713,0.7373737373737373,-0.052884615384615426,0.6355859709153121,0.3682447961126798,0.2903871829105474,-0.04580152671755718,-0.3240740740740742,0.30384785493144645,0.6933920704845815,-0.5328947368421053,-0.0934199837530463,-0.03505696757230493,0.16179775280898864,-0.250936329588015,1.0164109882268995,-0.6243654822335023,1,0.259,1.413,Overlapping Wingback / Wide Progressor [FB]
Dan Gomez,Bournemouth,FB,FB,25,2118,Premier League,2025-2026,1,3,19,6,3,5,35,1214,109,8,76.8,75,52,46.5,0,58,30,47,49,105,45.2,0.042,0.127,0.807,0.255,0.127,0.212,1.487,51.586,4.632,0.34,3.187,2.21,0.0,2.465,1.275,1.997,2.082,4.462,42.2,90.9,59.7,57.8,2.6,39.0,62.3,58.4,57.1,39.0,83.1,27.3,51.9,92.2,13.6,67.5,41.6,77.9,41.6,32.5,46.1,-0.2863247863247863,-0.007246376811594209,-0.2738970588235294,-0.15099715099715097,-0.5541258741258741,-0.09090909090909084,0.26923076923076916,0.2497861420017109,0.21074922844572846,0.21962616822429887,0.5114503816793894,-0.45370370370370433,0.29942503317116326,0.9762114537444935,-0.6184210526315788,0.7676685621445979,0.2760736196319018,0.7179775280898877,0.5259497057249867,-0.12201212986086356,-0.06091370558375612,1,0.637,1.111,Overlapping Wingback / Wide Progressor [FB]
Leo Garcia,Bournemouth,CB,CB,18,757,Premier League,2025-2026,0,0,5,1,0,1,5,228,20,1,92.8,10,2,75.1,5,14,13,19,34,53,63.4,0.0,0.0,0.594,0.119,0.0,0.119,0.594,27.107,2.378,0.119,1.189,0.238,0.594,1.664,1.546,2.259,4.042,6.301,23.4,16.9,59.7,42.9,45.5,28.6,100.0,94.8,2.6,16.9,79.2,80.5,63.6,31.2,72.1,40.3,49.4,70.1,35.1,81.8,53.2,-0.46581196581196577,-0.46739130434782605,-0.40441176470588236,-0.34472934472934474,-0.38797202797202796,-0.7323232323232323,-0.1778846153846154,-0.5141146278870831,-0.5929476656379278,-0.5327102803738317,-0.33206106870229,1.0277777777777775,-0.5842547545333923,-0.7612334801762117,1.2631578947368416,0.11697806661251009,0.5135845749342682,1.0123595505617975,1.5746388443017656,0.5340706386014984,0.8629441624365481,3,2.84,-1.118,Defensive Stopper / Central Shield [CB]
Jack Santos,Bournemouth,CB,CB,33,1661,Premier League,2025-2026,0,0,11,1,1,1,0,782,55,2,88.9,22,19,55.9,21,28,35,59,101,110,76.8,0.0,0.0,0.596,0.054,0.054,0.054,0.0,42.372,2.98,0.108,1.192,1.03,1.138,1.517,1.896,3.197,5.473,5.96,23.4,16.9,61.0,20.8,87.0,81.8,85.7,5.8,15.6,32.5,75.3,42.9,64.9,100.0,7.1,35.1,75.3,100.0,71.4,72.7,97.4,-0.46581196581196577,-0.46739130434782605,-0.40318627450980393,-0.43732193732193736,-0.23580419580419584,-0.45959595959595956,-0.49038461538461536,-1.0222412318220702,-0.09176571015825076,-0.3317757009345795,-0.3740458015267175,0.6666666666666671,-0.5829279080053074,-0.0634361233480177,0.0,-0.0024370430544273874,0.8203330411919368,2.0662921348314605,2.3402889245585876,0.4124152693542632,1.5431472081218272,3,3.19,-1.165,Defensive Stopper / Central Shield [CB]
Gabriel Garcia,Bournemouth,CB,CB,28,1718,Premier League,2025-2026,1,1,14,4,1,0,8,1301,128,3,82.9,24,18,74.2,16,41,25,42,79,105,70.6,0.052,0.052,0.733,0.21,0.052,0.0,0.419,68.155,6.705,0.157,1.257,0.943,0.838,2.148,1.31,2.2,4.139,5.501,58.4,52.6,74.0,74.7,62.3,79.2,28.6,67.5,74.0,100.0,87.0,3.9,70.1,94.8,65.6,80.5,36.4,61.0,39.0,51.9,87.0,-0.24358974358974358,-0.27898550724637683,-0.31924019607843135,-0.2150997150997151,-0.3197202797202798,-0.46969696969696967,-0.7499999999999999,-0.6638152266894782,0.7547442379670366,0.9115487316421894,-0.18702290076335873,0.11111111111111141,-0.5541795665634676,-0.1400881057268724,1.2039473684210527,0.5101543460601139,0.3067484662576688,0.9460674157303371,1.6265382557517392,0.24866214769889408,1.228426395939086,3,2.904,-0.541,Defensive Stopper / Central Shield [CB]
James Williams,Bournemouth,CB,CB,25,1856,Premier League,2025-2026,0,2,8,4,0,1,12,1048,40,2,94.6,4,1,63.5,8,27,11,46,103,71,75.7,0.0,0.097,0.388,0.194,0.0,0.048,0.582,50.819,1.94,0.097,0.194,0.048,0.388,1.309,0.533,2.231,4.995,3.443,23.4,77.3,26.0,68.8,28.6,28.6,81.2,93.5,28.6,10.4,61.0,97.4,9.1,13.0,24.7,23.4,3.9,64.9,55.8,6.5,96.1,-0.46581196581196577,-0.11594202898550723,-0.5306372549019608,-0.23789173789173787,-0.44559440559440555,-0.7323232323232323,-0.5192307692307692,-0.5243798118049616,0.18556701030927839,-0.6789052069425902,-0.41603053435114495,1.194444444444444,-1.0243255196815568,-0.9286343612334804,0.5,-0.17140536149471983,-0.3742331288343558,0.9808988764044941,2.0845371856607815,-0.4855511951480557,1.4873096446700507,3,2.764,-1.964,Defensive Stopper / Central Shield [CB]
Leo Wilson,Bournemouth,FW,FW,27,2435,Premier League,2025-2026,10,11,41,10,4,7,22,536,67,1,73.9,46,56,60.6,95,17,10,26,11,88,31.1,0.37,0.407,1.515,0.37,0.148,0.259,0.813,19.811,2.476,0.037,1.7,2.07,3.511,0.628,0.37,0.961,0.407,3.253,43.8,40.0,8.8,6.2,11.2,45.6,76.2,28.7,56.2,78.8,11.2,48.8,27.5,93.8,96.2,70.0,83.8,86.2,50.0,88.8,16.2,1.1153846153846154,1.007246376811594,0.15992647058823523,0.012820512820512832,0.42797202797202794,0.015151515151515164,0.4951923076923077,-0.3267750213857999,-0.8324906428524527,-0.5,-0.6450381679389312,-0.7222222222222221,-0.35824856258292787,0.8528634361233479,0.3092105263157896,-0.7246141348497158,-0.5170902716914987,-0.4460674157303372,-0.3702514713750669,-0.5533357117374242,-0.7766497461928932,0,-1.569,-1.005,Direct Goal Threat / Box Striker [FW]
Mason Smith,Bournemouth,FW,FW,34,825,Premier League,2025-2026,4,5,30,20,0,1,11,228,14,3,64.3,9,12,30.9,29,3,3,1,4,28,39.7,0.436,0.545,3.273,2.182,0.0,0.109,1.2,24.873,1.527,0.327,0.982,1.309,3.164,0.327,0.327,0.109,0.436,3.055,51.2,68.8,73.8,98.8,10.0,6.2,30.0,61.3,82.5,31.2,77.5,5.0,7.5,58.8,13.8,36.2,76.2,2.5,52.5,86.2,48.8,1.3974358974358974,1.5072463768115942,1.2371323529411764,2.594017094017094,0.33090909090909093,-0.7323232323232323,-0.22596153846153844,0.004277159965782629,-0.6662945695712129,-0.8167556742323097,0.46183206106870234,-1.611111111111112,-0.6758071649712517,0.18237885462555056,-1.6447368421052628,-0.9691307879772544,-0.5547765118317266,-1.403370786516854,-0.35473515248796156,-0.6239743132358189,-0.34010152284263934,0,-3.378,-1.89,Direct Goal Threat / Box Striker [FW]
Oliver Mendy,Brentford,FW,FW,34,1053,Premier League,2025-2026,2,5,35,12,0,2,18,265,25,0,76.0,21,15,46.2,42,3,3,7,2,17,38.4,0.171,0.427,2.991,1.026,0.0,0.171,1.538,22.65,2.137,0.0,1.795,1.282,3.59,0.256,0.256,0.598,0.171,1.453,8.8,48.8,62.5,40.0,12.5,6.2,55.0,90.0,71.2,61.3,5.6,66.9,33.8,56.2,52.5,30.0,63.7,36.2,25.0,25.0,43.8,0.264957264957265,1.0797101449275361,1.0643382352941175,0.9472934472934474,0.45006993006992996,-0.7323232323232323,0.07211538461538468,0.2934131736526946,-0.7392803204412636,-0.613150867823765,-0.7862595419847328,-0.5277777777777782,-0.31623175586023883,0.15859030837004404,-0.6381578947368417,-1.0268074735987003,-0.6170026292725679,-0.853932584269663,-0.49652220438737293,-1.195504816268284,-0.4060913705583756,0,-2.07,-1.571,Direct Goal Threat / Box Striker [FW]
David Jones,Brentford,FW,FW,29,1190,Premier League,2025-2026,11,5,37,17,0,0,8,258,25,4,74.5,31,10,53.8,48,2,4,4,15,30,46.2,0.832,0.378,2.798,1.286,0.0,0.0,0.605,19.513,1.891,0.303,2.345,0.756,3.63,0.151,0.303,0.303,1.134,2.269,96.2,31.2,56.2,62.5,13.8,6.2,5.0,16.2,52.5,50.0,73.8,57.5,55.0,23.8,78.8,13.8,72.5,11.2,100.0,55.0,71.2,3.0897435897435894,0.9021739130434782,0.946078431372549,1.3176638176638178,0.46125874125874117,-0.7323232323232323,-0.7499999999999999,-0.504704875962361,-0.842274607656445,-0.695260347129506,0.3702290076335878,-0.6666666666666671,-0.07297655904467033,-0.3048458149779737,-0.13815789473684217,-1.1121039805036557,-0.5758106923751096,-1.1853932584269664,0.018726591760299584,-0.9043881555476276,-0.010152284263959173,0,-2.496,-2.554,Direct Goal Threat / Box Striker [FW]
Thomas Smith,Brentford,W,W,21,1244,Premier League,2025-2026,6,3,43,27,2,4,29,587,46,3,70.7,70,26,70.1,110,8,4,16,13,53,27.5,0.434,0.217,3.111,1.953,0.145,0.289,2.098,42.468,3.328,0.217,5.064,1.881,7.958,0.579,0.289,1.158,0.941,3.834,74.6,20.3,76.3,100.0,89.8,30.5,53.4,67.8,96.6,50.8,35.6,8.5,49.2,40.7,96.6,10.2,16.9,52.5,93.2,55.9,27.1,1.3888888888888888,0.3188405797101449,1.1378676470588236,2.267806267806268,1.671888111888112,0.0,0.6394230769230768,0.772455089820359,-0.08861382887911216,-0.21562082777036057,0.041984732824427516,-1.0185185185185188,1.129588677576294,0.6863436123348018,0.934210526315789,-0.7644191714053616,-0.5880806310254163,-0.2247191011235957,-0.0845371856607812,-0.3460577952194079,-0.9593908629441622,4,-2.715,-0.191,Attacking Winger / Ball Carrier [W]
Mason Wilson,Brentford,W,W,21,2251,Premier League,2025-2026,7,9,41,18,3,7,56,774,137,4,77.6,72,35,63.4,99,17,0,19,11,58,31.4,0.28,0.36,1.639,0.72,0.12,0.28,2.239,30.946,5.478,0.16,2.879,1.399,3.958,0.68,0.0,0.76,0.44,2.319,52.5,50.8,13.6,39.0,23.7,22.0,49.2,77.1,71.2,94.9,22.9,52.5,13.6,23.7,89.0,15.3,4.2,8.5,39.8,6.8,44.1,0.730769230769231,0.8369565217391303,0.23590686274509803,0.5113960113960114,0.553006993006993,-0.12626262626262622,0.5961538461538463,0.8930710008554318,-0.4669052465690459,0.5020026702269691,-0.1755725190839694,-0.37962962962963054,0.16320212295444506,0.2616740088105727,0.49342105263157887,-0.6823720552396426,-0.8413672217353199,-0.6719101123595507,-0.3525949705724987,-0.8865501248662149,-0.7614213197969542,4,-1.679,-0.083,Attacking Winger / Ball Carrier [W]
Gabriel King,Brentford,W,W,25,825,Premier League,2025-2026,1,4,29,3,0,3,9,272,13,6,89.7,51,21,49.1,57,13,7,8,6,29,23.4,0.109,0.436,3.164,0.327,0.0,0.327,0.982,29.673,1.418,0.655,5.564,2.291,6.218,1.418,0.764,0.873,0.655,3.164,20.3,73.7,79.7,8.5,72.9,7.6,67.8,11.9,62.7,6.8,98.3,98.3,57.6,55.9,44.1,76.3,78.0,20.3,69.5,32.2,8.5,0.0,1.11231884057971,1.170343137254902,-0.0484330484330484,1.185174825174825,-0.7323232323232323,0.8221153846153846,-0.18220701454234395,-0.5087005056142887,-0.8531375166889185,1.7137404580152673,0.7407407407407409,1.350729765590447,1.0475770925110133,-0.4473684210526313,-0.08285946385052811,-0.17177914110429443,-0.5449438202247192,-0.2375601926163724,-0.585087406350339,-1.1675126903553297,4,-1.983,0.641,Attacking Winger / Ball Carrier [W]
David Taylor,Brentford,AM,AM,21,1273,Premier League,2025-2026,3,3,38,16,9,6,38,622,69,10,79.5,57,38,44.9,73,28,9,5,6,86,35.8,0.212,0.212,2.687,1.131,0.636,0.424,2.687,43.975,4.878,0.707,4.03,2.687,5.161,1.98,0.636,0.353,0.424,6.08,38.1,33.3,81.0,81.0,81.0,100.0,75.0,64.3,47.6,52.4,66.7,42.9,69.0,92.9,28.6,97.6,52.4,2.4,23.8,92.9,42.9,0.4401709401709401,0.30072463768115937,0.878063725490196,1.096866096866097,0.8895104895104894,2.4797979797979797,1.2884615384615383,1.2763045337895635,-0.03913585921596954,0.30173564753004,1.9122137404580153,-0.20370370370370403,0.6722689075630255,1.39647577092511,-0.7236842105263157,0.3736799350121852,-0.2839614373356704,-1.1292134831460676,-0.36115569823435,0.45522654298965387,-0.5380710659898477,5,-2.537,2.674,Advanced Playmaker / Chance Creator [AM]
Marcus Smith,Brentford,AM,AM,20,2065,Premier League,2025-2026,6,7,53,10,13,2,70,1106,106,18,79.4,65,45,44.9,75,23,13,32,10,98,31.0,0.262,0.305,2.31,0.436,0.567,0.087,3.051,48.203,4.62,0.785,2.833,1.961,3.269,1.002,0.567,1.395,0.436,4.271,54.8,64.3,54.8,14.3,28.6,97.6,4.8,76.2,69.0,45.2,73.8,38.1,33.3,64.3,28.6,28.6,40.5,73.8,28.6,45.2,21.4,0.653846153846154,0.6376811594202898,0.6470588235294118,0.10683760683760686,0.3602797202797203,2.131313131313131,-0.3317307692307692,1.5876817792985458,0.09967824545275467,0.21562082777036043,2.2099236641221376,-0.21296296296296274,0.14285714285714304,0.7568281938325992,-0.7236842105263157,-0.42079610073111295,-0.3444347063978966,0.04157303370786508,-0.35473515248796156,-0.19015340706386027,-0.7817258883248729,5,-1.901,1.95,Advanced Playmaker / Chance Creator [AM]
Dan Fernandez W,Brentford,CM,CM,21,809,Premier League,2025-2026,2,2,9,5,2,0,6,406,32,2,80.4,24,18,57.6,14,21,8,16,13,56,49.5,0.222,0.222,1.001,0.556,0.222,0.0,0.667,45.167,3.56,0.222,2.67,2.002,1.557,2.336,0.89,1.78,1.446,6.23,91.5,89.8,17.8,84.7,34.7,66.1,5.9,5.1,18.6,13.6,37.3,8.5,54.2,93.2,49.2,71.2,28.8,74.6,74.6,59.3,55.9,0.4829059829059829,0.3369565217391304,-0.15502450980392163,0.2777777777777779,-0.11860139860139864,0.38888888888888895,-0.7499999999999999,-0.4516680923866553,0.0,-0.1381842456608812,0.06106870229007639,-0.12037037037037014,0.07076514816452904,0.7929515418502201,0.11184210526315806,0.6628757108042241,-0.0613496932515337,0.47415730337078643,0.18566078116639914,0.5087406350338923,0.1573604060913706,1,0.478,0.025,Overlapping Wingback / Wide Progressor [FB]
Thomas Traore X,Brentford,CM,CM,32,747,Premier League,2025-2026,1,1,10,3,1,1,17,377,57,5,83.4,30,13,76.0,11,22,3,10,11,68,35.7,0.12,0.12,1.205,0.361,0.12,0.12,2.048,45.422,6.867,0.602,3.614,1.566,1.325,2.651,0.361,1.205,1.325,8.193,49.2,39.0,35.6,49.2,23.7,27.1,21.2,79.7,20.3,74.6,94.1,26.3,89.8,74.6,98.3,81.4,8.5,35.6,59.3,96.6,13.6,0.04700854700854699,-0.03260869565217394,-0.030024509803921524,0.0,-0.18349650349650354,-0.12626262626262622,-0.17307692307692307,0.7296834901625321,0.008372184647711453,0.9656208277703603,1.5114503816793894,0.15740740740740772,0.48827952233525,0.4088105726872247,1.3223684210526314,0.9187652315190901,-0.5249780893952672,-0.1719101123595506,0.12092027822364901,1.2090617195861575,-0.5431472081218272,1,0.652,1.801,Overlapping Wingback / Wide Progressor [FB]
Oliver Johnson Y,Brentford,CM,CM,29,2394,Premier League,2025-2026,5,2,35,8,5,4,54,1259,114,6,83.4,72,42,62.6,77,41,37,47,23,157,30.5,0.188,0.075,1.316,0.301,0.188,0.15,2.03,47.331,4.286,0.226,2.707,1.579,2.895,1.541,1.391,1.767,0.865,5.902,81.4,18.6,42.4,29.7,94.9,49.2,33.9,78.0,25.4,22.0,39.8,26.3,57.6,78.0,67.8,22.0,66.1,72.9,33.9,47.5,3.4,0.3376068376068376,-0.1956521739130435,0.037990196078431404,-0.08547008547008547,0.2556643356643356,0.2171717171717172,-0.02884615384615387,0.7142857142857141,0.07104865716724676,0.10413885180240298,0.07633587786259549,0.15740740740740772,0.08712958867757634,0.4202643171806167,0.4407894736842106,0.01705930138099099,0.3777388255915864,0.4595505617977526,-0.12520064205457465,0.39172315376382444,-0.8071065989847714,1,0.208,0.823,Overlapping Wingback / Wide Progressor [FB]
Thomas Smith Z,Brentford,DM,DM,25,1460,Premier League,2025-2026,2,1,18,4,1,0,5,384,70,9,82.8,0,19,80.9,15,48,26,15,13,112,50.4,0.123,0.062,1.11,0.247,0.062,0.0,0.308,23.671,4.315,0.555,0.0,1.171,0.925,2.959,1.603,0.925,0.801,6.904,87.2,48.7,84.6,74.4,74.4,38.5,12.8,7.7,5.1,41.0,97.4,16.7,3.8,78.2,100.0,56.4,35.9,5.1,7.7,35.9,28.2,0.05982905982905982,-0.2427536231884058,-0.088235294117647,-0.1623931623931624,-0.29538461538461536,-0.4191919191919191,-0.7499999999999999,-0.7587681779298545,-0.7057587497537594,0.11381842456608816,1.3320610687022905,0.10185185185185135,-1.1101282618310482,0.06079295154185019,1.6447368421052633,1.1689683184402926,0.5635407537248028,-0.4865168539325843,-0.15944355270197966,0.7491972886193363,0.2030456852791878,2,1.475,0.021,Defensive Anchor / Deep Distributor [DM]
Thomas Evans,Brentford,DM,DM,22,1166,Premier League,2025-2026,1,0,12,3,0,1,17,705,54,0,80.6,31,9,68.2,20,45,19,24,18,81,58.1,0.077,0.0,0.926,0.232,0.0,0.077,1.312,54.417,4.168,0.0,2.393,0.695,1.544,3.473,1.467,1.852,1.389,6.252,59.0,16.7,67.9,66.7,97.4,12.8,38.5,92.3,41.0,35.9,7.7,10.3,66.7,35.9,87.2,92.3,23.1,48.7,28.2,25.6,50.0,-0.13675213675213674,-0.46739130434782605,-0.2009803921568627,-0.18376068376068375,-0.12223776223776224,-0.7323232323232323,-0.3798076923076923,0.10008554319931565,0.3036968940836562,0.06475300400534043,-0.7862595419847328,-0.10185185185185266,-0.051747014595311815,-0.35859030837004424,0.8092105263157896,1.586515028432169,0.4443470639789659,0.5550561797752809,0.15516318887105407,0.5165893685337137,0.5939086294416244,2,2.02,0.031,Defensive Anchor / Deep Distributor [DM]
James Williams B,Brentford,FB,FB,22,2124,Premier League,2025-2026,3,1,21,4,7,7,50,683,123,7,81.7,95,32,48.3,3,41,65,30,15,143,54.6,0.127,0.042,0.89,0.169,0.297,0.297,2.119,28.941,5.212,0.297,4.025,1.356,0.127,1.737,2.754,1.271,0.636,6.059,98.7,27.3,67.5,36.4,6.5,88.3,85.7,89.6,1.3,55.8,68.8,70.1,75.3,53.2,20.8,22.1,100.0,23.4,2.6,77.9,89.0,0.07692307692307693,-0.3152173913043478,-0.2230392156862745,-0.2735042735042735,-0.5186013986013986,0.7676767676767676,0.6778846153846153,0.7904191616766468,-0.5327336003677196,0.4132176234979971,0.34732824427480913,0.0,0.6700574966828841,0.22378854625550665,-0.5,0.17627944760357442,1.5723049956178792,-0.09775280898876426,-0.24772605671482079,0.44773457010346057,0.4162436548223351,1,0.357,1.561,Overlapping Wingback / Wide Progressor [FB]
Mateo Diallo,Brentford,FB,FB,21,724,Premier League,2025-2026,1,1,6,0,2,1,1,519,45,2,78.4,40,28,59.0,5,17,13,3,20,46,59.3,0.124,0.124,0.746,0.0,0.249,0.124,0.124,64.517,5.594,0.249,4.972,3.481,0.622,2.113,1.616,0.373,2.486,5.718,97.4,88.3,53.2,7.1,18.2,74.0,28.6,2.6,85.7,59.7,64.3,54.5,94.8,100.0,70.1,50.0,63.6,2.6,59.7,66.2,97.4,0.0641025641025641,-0.018115942028985522,-0.3112745098039216,-0.5142450142450142,-0.3801398601398601,0.5252525252525253,-0.15384615384615383,-0.9161676646706588,0.6353010703263509,0.5407209612817089,0.16412213740458018,-0.30555555555555536,1.08889871738169,2.096035242290749,0.20394736842105268,0.4817221770917953,0.5749342681858021,-1.106741573033708,0.742108079186731,0.3260792008562254,0.6548223350253806,1,0.741,0.868,Overlapping Wingback / Wide Progressor [FB]
Mason Jones,Brentford,FB,FB,22,1765,Premier League,2025-2026,0,1,14,5,1,4,22,938,112,4,78.0,60,24,51.7,25,65,33,27,54,94,57.7,0.0,0.051,0.714,0.255,0.051,0.204,1.122,47.83,5.711,0.204,3.059,1.224,1.275,3.314,1.683,1.377,2.754,4.793,16.9,36.4,51.9,57.8,44.2,17.5,58.4,24.7,40.3,64.9,55.8,48.1,45.5,45.5,36.4,98.7,67.5,32.5,74.0,40.3,93.5,-0.46581196581196577,-0.28260869565217395,-0.33088235294117646,-0.15099715099715097,-0.19748251748251752,-0.47474747474747475,0.2307692307692307,-0.062446535500427676,0.08743187339943519,0.5797730307076101,-0.007633587786259549,-0.34259259259259295,0.24281291463954022,0.10748898678414089,-0.2763157894736839,1.4573517465475225,0.6336546888694129,0.021348314606741466,0.8855002675227396,-0.003924366749910853,0.5736040609137057,1,1.475,0.595,Overlapping Wingback / Wide Progressor [FB]
Mason Santos,Brentford,FB,FB,32,1873,Premier League,2025-2026,1,4,0,3,2,3,42,1123,128,4,74.1,36,38,56.5,52,50,17,26,55,126,54.6,0.048,0.192,0.0,0.144,0.096,0.144,2.018,53.962,6.151,0.192,1.73,1.826,2.499,2.403,0.817,1.249,2.643,6.054,48.7,100.0,3.2,29.2,89.6,24.7,39.6,85.7,62.3,75.3,46.8,11.7,15.6,75.3,60.4,66.2,10.4,20.8,71.4,76.6,89.0,-0.26068376068376065,0.22826086956521738,-0.7683823529411764,-0.3091168091168091,0.1448951048951049,-0.2474747474747474,-0.05769230769230774,0.7040205303678355,0.2887582901044061,0.7266355140186913,-0.05343511450381673,-0.7037037037037047,-0.3449800973020787,0.6378854625550662,0.039473684210526404,0.7173030056864339,-0.12532865907099036,-0.12247191011235953,0.8261102193686464,0.44595076703531933,0.4162436548223351,1,1.019,0.648,Overlapping Wingback / Wide Progressor [FB]
Liam Davies F,Brentford,CB,CB,22,1348,Premier League,2025-2026,0,1,19,0,1,1,8,889,59,1,90.4,14,9,64.3,13,25,32,28,30,105,56.8,0.0,0.067,1.269,0.0,0.067,0.067,0.534,59.355,3.939,0.067,0.935,0.601,0.868,1.669,2.136,1.869,2.003,7.01,23.4,55.8,100.0,7.8,68.8,84.4,89.6,85.7,50.6,59.7,47.4,59.1,44.2,75.3,27.3,42.9,88.3,48.1,7.8,96.1,22.1,-0.46581196581196577,-0.22463768115942026,0.009191176470588175,-0.5142450142450142,-0.3113286713286713,-0.39393939393939387,-0.4278846153846153,-0.5654405474764757,0.46582178737934193,-0.011682242990654252,-0.5305343511450381,0.805555555555556,-0.696594427244582,-0.44140969162995614,0.5526315789473683,0.12103980503655568,1.030674846625767,0.5741573033707864,0.4836811128945962,0.7870139136639314,0.5279187817258881,2,2.398,-0.448,Defensive Anchor / Deep Distributor [DM]
Alex Garcia,Brentford,CB,CB,34,2064,Premier League,2025-2026,0,1,18,8,0,2,9,1382,80,0,92.9,15,2,76.9,23,40,49,63,145,112,72.1,0.0,0.044,0.785,0.349,0.0,0.087,0.392,60.262,3.488,0.0,0.654,0.087,1.003,1.744,2.137,2.747,6.323,4.884,23.4,48.1,77.9,97.4,83.1,28.6,96.1,63.6,53.2,45.5,13.0,82.5,31.2,16.9,82.5,48.1,89.6,93.5,89.6,27.9,89.6,-0.46581196581196577,-0.3079710144927536,-0.28737745098039214,-0.01709401709401711,-0.2735664335664336,-0.7323232323232323,-0.3317307692307692,-0.6869118905047049,0.4956004990478692,-0.16221628838451274,-0.7862595419847328,1.0370370370370376,-0.8208757187085362,-0.8942731277533043,1.3815789473684212,0.18196588139723802,1.0315512708150745,1.5606741573033704,2.7950775815944358,0.028540849090260462,1.3045685279187813,3,3.758,-1.648,Defensive Stopper / Central Shield [CB]
David Rodriguez,Brentford,CB,CB,19,2692,Premier League,2025-2026,1,0,8,3,0,1,7,1807,155,2,84.7,21,17,74.8,26,70,45,94,169,74,78.4,0.033,0.0,0.267,0.1,0.0,0.033,0.234,60.412,5.182,0.067,0.702,0.568,0.869,2.34,1.504,3.143,5.65,2.474,48.1,16.9,11.7,29.9,70.1,28.6,57.8,35.1,54.5,88.3,47.4,7.8,33.8,71.4,68.8,88.3,44.2,98.7,74.0,2.6,98.7,-0.32478632478632474,-0.46739130434782605,-0.6047794117647058,-0.3717948717948718,-0.3110489510489511,-0.7323232323232323,-0.5913461538461537,-0.8220701454234389,0.5005253135465231,0.4032042723631509,-0.5305343511450381,0.27777777777777785,-0.7996461742591774,-0.4704845814977976,1.2434210526315785,0.6661251015434605,0.476774758983348,2.0056179775280896,2.434991974317817,-0.8312522297538352,1.6243654822335027,3,3.616,-1.371,Defensive Stopper / Central Shield [CB]
Carlos Mendy,Brentford,FW,FW,32,1395,Premier League,2025-2026,4,8,47,22,1,2,10,366,16,3,76.8,27,24,61.0,91,12,0,9,7,21,44.5,0.258,0.516,3.032,1.419,0.065,0.129,0.645,23.613,1.032,0.194,1.742,1.548,5.871,0.774,0.0,0.581,0.452,1.355,21.2,65.0,65.6,67.5,53.8,20.0,35.0,18.8,75.0,15.0,43.8,78.8,30.0,72.5,97.5,88.8,5.6,30.0,58.1,20.0,67.5,0.6367521367521368,1.4021739130434783,1.0894607843137254,1.5071225071225074,1.0881118881118883,-0.404040404040404,-0.1298076923076923,-0.47048759623609926,-0.7076630113599055,-0.9819759679572763,-0.04580152671755718,-0.45370370370370433,-0.339672711189739,0.3929515418502203,0.33552631578947373,-0.6060113728675874,-0.8413672217353199,-0.8730337078651687,-0.34617442482611027,-1.230467356403853,-0.09644670050761413,0,-2.253,-1.971,Direct Goal Threat / Box Striker [FW]
Liam Rodriguez,Brentford,FW,FW,30,1456,Premier League,2025-2026,11,7,56,19,6,5,7,342,17,4,74.3,20,28,47.0,80,6,4,13,6,0,42.2,0.68,0.433,3.462,1.174,0.371,0.309,0.433,21.14,1.051,0.247,1.236,1.731,4.945,0.371,0.247,0.804,0.371,0.0,86.2,50.0,80.0,56.2,40.0,97.5,88.8,5.0,65.0,16.2,63.7,55.0,10.0,80.0,53.8,40.0,58.8,63.7,45.0,1.2,57.5,2.4401709401709404,1.1014492753623186,1.3529411764705883,1.158119658119658,0.8290909090909092,1.1414141414141414,0.735576923076923,-0.6518391787852865,-0.7888567863943792,-0.9756341789052068,0.15648854961832065,-0.6851851851851859,-0.5634674922600619,0.5541850220264318,-0.5855263157894735,-0.933387489845654,-0.6248904469763366,-0.6224719101123596,-0.3895131086142323,-1.7138779878701393,-0.21319796954314696,0,-3.359,-1.706,Direct Goal Threat / Box Striker [FW]
Alex Gomez,Brighton,FW,FW,31,576,Premier League,2025-2026,2,3,15,12,1,1,9,71,18,1,77.4,8,1,53.2,40,1,0,7,0,22,31.2,0.312,0.469,2.344,1.875,0.156,0.156,1.406,11.094,2.812,0.156,1.25,0.156,6.25,0.156,0.0,1.094,0.0,3.438,35.0,57.5,38.8,86.2,62.5,50.0,50.0,81.2,10.0,88.8,33.8,81.2,11.2,2.5,75.0,16.2,5.6,95.0,5.6,93.8,17.5,0.8675213675213675,1.2318840579710142,0.667892156862745,2.156695156695157,1.194125874125874,0.0555555555555556,0.0,0.18049615055603066,-1.1186880294175587,-0.38785046728971967,-0.1908396946564885,-0.398148148148148,-0.5572755417956656,-0.833480176211454,-0.1776315789473681,-1.1080422420796103,-0.8413672217353199,-0.2966292134831461,-0.5880149812734083,-0.48733499821619697,-0.7715736040609136,0,-2.468,-1.609,Direct Goal Threat / Box Striker [FW]
George Garcia,Brighton,FW,FW,20,1898,Premier League,2025-2026,12,3,61,9,1,3,0,478,0,4,74.1,66,23,65.2,125,17,2,16,18,42,44.3,0.569,0.142,2.893,0.427,0.047,0.142,0.0,22.666,0.0,0.19,3.13,1.091,5.927,0.806,0.095,0.759,0.854,1.992,73.8,5.0,57.5,8.8,55.0,15.6,41.2,1.2,72.5,3.1,40.0,52.5,75.0,42.5,98.8,90.0,17.5,55.0,95.0,43.8,66.2,1.9658119658119655,0.04710144927536226,1.0042892156862744,0.09401709401709403,1.1037762237762236,-0.49494949494949486,-0.06730769230769236,-1.0222412318220702,-0.7387550068947404,-1.3264352469959946,-0.061068702290076285,-0.7037037037037047,0.27421494913754985,-0.009691629955947245,0.6118421052631581,-0.5800162469536962,-0.7581069237510956,-0.6730337078651686,-0.1310861423220974,-1.0032108455226545,-0.10659898477157366,0,-1.688,-2.108,Direct Goal Threat / Box Striker [FW]
Lucas Wilson,Brighton,W,W,18,2452,Premier League,2025-2026,0,10,84,10,9,9,6,559,79,9,73.3,103,115,51.0,97,29,18,31,12,84,27.4,0.0,0.367,3.083,0.367,0.33,0.33,0.22,20.518,2.9,0.33,3.781,4.221,3.56,1.064,0.661,1.138,0.44,3.083,7.6,54.2,74.6,11.9,15.3,86.4,69.5,5.1,20.3,28.8,49.2,18.6,25.4,96.6,53.4,50.8,61.0,49.2,39.8,28.8,25.4,-0.46581196581196577,0.8623188405797101,1.1207107843137256,0.008547008547008555,0.44167832167832166,0.9343434343434345,0.8365384615384616,-0.8340461933276305,-0.809278350515464,-0.35847797062750336,0.47328244274809167,-0.7777777777777785,0.5621406457319772,2.7480176211453746,-0.3223684210526314,-0.3704305442729488,-0.2620508326029798,-0.24719101123595527,-0.3525949705724987,-0.6139850160542276,-0.964467005076142,4,-2.057,0.758,Attacking Winger / Ball Carrier [W]
Arthur King,Brighton,W,W,30,2664,Premier League,2025-2026,6,10,77,40,9,7,62,900,168,11,75.1,178,78,37.9,141,31,10,45,8,127,32.5,0.203,0.338,2.601,1.351,0.304,0.236,2.095,30.405,5.676,0.372,6.014,2.635,4.764,1.047,0.338,1.52,0.27,4.291,40.7,42.4,50.8,84.7,40.7,76.3,30.5,66.1,67.8,98.3,57.6,27.1,72.9,71.2,11.9,47.5,23.7,88.1,22.0,69.5,51.7,0.4017094017094017,0.7572463768115942,0.8253676470588235,1.4102564102564104,0.7784615384615385,0.803030303030303,0.3846153846153845,0.7698887938408897,-0.48466741086085763,0.5680907877169559,0.633587786259542,-0.611111111111112,1.5497567448031848,1.3506607929515417,-1.1842105263157892,-0.3842404549147036,-0.5451358457493426,0.18202247191011228,-0.4435527019796683,-0.183018194791295,-0.7055837563451774,4,-2.602,1.37,Attacking Winger / Ball Carrier [W]
Carlos Brown,Brighton,W,W,23,2607,Premier League,2025-2026,2,10,120,8,6,11,58,970,9,14,73.2,167,69,72.5,168,30,1,33,22,108,28.9,0.069,0.345,4.143,0.276,0.207,0.38,2.002,33.487,0.311,0.483,5.765,2.382,5.8,1.036,0.035,1.139,0.759,3.728,16.9,45.8,100.0,5.1,64.4,39.0,83.1,61.0,76.3,1.7,69.5,16.9,69.5,57.6,98.3,44.1,8.5,50.8,76.3,49.2,35.6,-0.17094017094017092,0.7826086956521737,1.770220588235294,-0.12108262108262104,1.0682517482517482,0.3131313131313131,1.0769230769230769,0.6903336184773308,-0.3834788889618491,-1.222630173564753,1.0572519083969467,-0.7870370370370372,1.4396284829721364,1.127753303964758,1.0921052631578947,-0.3931762794476036,-0.8106923751095529,-0.24606741573033716,-0.18191546281433923,-0.38387442026400287,-0.8883248730964466,4,-2.188,0.758,Attacking Winger / Ball Carrier [W]
Liam Jones,Brighton,AM,AM,21,969,Premier League,2025-2026,2,3,22,7,4,6,24,530,34,3,83.4,63,20,50.5,39,7,10,17,5,42,38.7,0.186,0.279,2.043,0.65,0.372,0.557,2.229,49.226,3.158,0.279,5.851,1.858,3.622,0.65,0.929,1.579,0.464,3.901,33.3,57.1,40.5,28.6,40.5,61.9,92.9,42.9,71.4,16.7,26.2,71.4,97.6,57.1,42.9,11.9,81.0,88.1,38.1,38.1,61.9,0.32905982905982906,0.5434782608695653,0.48345588235294124,0.41168091168091175,0.45902097902097894,1.1464646464646464,1.9278846153846154,0.8845166809238666,0.13326548033357402,-0.2723631508678238,0.2786259541984734,0.15740740740740772,1.4776647501105709,0.6660792951541852,-0.35526315789473667,-0.7067424857839156,-0.0271691498685363,0.24831460674157288,-0.3397538790797218,-0.32215483410631485,-0.3908629441624363,4,-1.697,1.425,Attacking Winger / Ball Carrier [W]
Oliver Johnson R,Brighton,AM,AM,29,2026,Premier League,2025-2026,5,8,0,32,4,8,23,850,174,1,86.6,77,45,58.3,95,20,13,14,17,147,17.8,0.222,0.355,0.0,1.422,0.178,0.355,1.022,37.759,7.73,0.044,3.421,1.999,4.22,0.888,0.577,0.622,0.755,6.53,40.5,81.0,2.4,100.0,57.1,19.0,54.8,4.8,35.7,90.5,11.9,90.5,52.4,69.0,83.3,16.7,45.2,9.5,69.0,95.2,7.1,0.4829059829059829,0.8188405797101448,-0.7683823529411764,1.5113960113960114,0.6262937062937062,0.16666666666666666,0.956730769230769,-0.14798973481608216,-0.24322017204018653,1.253671562082777,-0.6183206106870228,0.45370370370370305,0.4029190623617869,0.7903083700440531,0.15789473684210514,-0.5134037367993501,-0.33567046450482035,-0.8269662921348315,-0.18405564472980204,0.6157688191223689,-1.4517766497461926,4,-1.084,0.566,Attacking Winger / Ball Carrier [W]
Ben Traore,Brighton,CM,CM,30,1049,Premier League,2025-2026,1,2,14,4,3,3,21,622,87,2,81.4,42,3,58.7,18,13,9,16,20,62,60.1,0.086,0.172,1.201,0.343,0.257,0.257,1.802,53.365,7.464,0.172,3.603,0.257,1.544,1.115,0.772,1.373,1.716,5.319,23.7,61.0,33.9,42.4,32.2,81.4,83.1,69.5,47.5,86.4,22.0,13.6,86.4,8.5,55.9,6.8,27.1,47.5,91.5,28.8,93.2,-0.09829059829059832,0.15579710144927528,-0.03247549019607839,-0.025641025641025585,-0.12223776223776224,0.5656565656565657,0.4855769230769231,0.5192472198460222,0.26915752839976365,1.164886515353805,-0.1297709923664122,-0.027777777777777523,0.4834144183989388,-0.7444933920704848,0.1842105263157897,-0.32900081234768486,-0.16476774758983342,0.01685393258426955,0.3301230604601392,0.18373171601855146,0.6954314720812184,1,0.584,0.604,Overlapping Wingback / Wide Progressor [FB]
George Johnson,Brighton,CM,CM,19,628,Premier League,2025-2026,1,1,15,6,1,1,16,292,34,1,84.9,18,6,50.3,18,21,14,8,11,46,42.3,0.143,0.143,2.15,0.86,0.143,0.143,2.293,41.847,4.873,0.143,2.58,0.86,2.58,3.01,2.006,1.146,1.576,6.592,56.8,47.5,94.9,98.3,81.4,33.1,29.7,89.8,10.2,27.1,16.9,44.1,50.8,33.9,16.1,94.9,100.0,28.8,83.1,62.7,27.1,0.14529914529914525,0.05072463768115936,0.5490196078431372,0.7108262108262109,0.16755244755244753,-0.010101010101010109,-0.06250000000000006,0.9392643284858854,-0.10900256090353931,0.3000667556742323,-0.24045801526717556,0.2962962962962966,0.030959752321981553,-0.21321585903083715,-0.368421052631579,1.2103980503655565,0.9167397020157755,-0.23820224719101143,0.2552166934189407,0.6378879771673205,-0.20812182741116755,1,0.379,0.69,Overlapping Wingback / Wide Progressor [FB]
Ben Fernandez,Brighton,CM,CM,33,2259,Premier League,2025-2026,4,0,27,11,8,3,22,1756,124,0,85.6,61,65,61.8,42,36,34,53,34,126,53.4,0.159,0.0,1.076,0.438,0.319,0.12,0.876,69.96,4.94,0.0,2.43,2.59,1.673,1.434,1.355,2.112,1.355,5.02,64.4,5.9,27.1,63.6,40.7,94.9,21.2,13.6,94.9,28.8,4.2,50.8,42.4,98.3,64.4,16.9,59.3,84.7,66.1,20.3,75.4,0.21367521367521367,-0.46739130434782605,-0.10906862745098035,0.10968660968660972,-0.08615384615384616,0.8787878787878788,-0.17307692307692307,-0.2728828058169376,0.8140061724341714,0.3224299065420561,-0.7862595419847328,0.36111111111111044,-0.03538257408226433,1.3110132158590309,0.3881578947368419,-0.06986190089358252,0.34618755477651186,0.8471910112359551,0.13697164258962014,0.07706029254370293,0.35532994923857864,1,0.988,0.394,Overlapping Wingback / Wide Progressor [FB]
Mason Evans,Brighton,DM,DM,19,453,Premier League,2025-2026,0,0,4,1,1,0,6,382,39,0,87.3,1,0,63.2,3,15,11,12,9,61,57.8,0.0,0.0,0.795,0.199,0.199,0.0,1.192,75.894,7.748,0.0,0.199,0.0,0.596,2.98,2.185,2.384,1.788,12.119,16.7,16.7,59.0,50.0,41.0,94.9,12.8,79.5,84.6,82.1,7.7,46.2,10.3,3.8,69.2,59.0,82.1,87.2,48.7,100.0,46.2,-0.46581196581196577,-0.46739130434782605,-0.28124999999999994,-0.23076923076923075,-0.38741258741258744,0.2727272727272728,-0.7499999999999999,-0.0025662959794697294,1.0088318340009195,1.2596795727636847,-0.7862595419847328,0.5185185185185182,-1.0221141088014154,-0.9709251101321589,0.48026315789473706,1.1860276198212836,1.0736196319018405,1.1528089887640447,0.3686463349384698,2.6097038886906883,0.5786802030456851,2,3.456,0.856,Defensive Anchor / Deep Distributor [DM]
Leo Traore,Brighton,DM,DM,18,1826,Premier League,2025-2026,3,2,20,6,1,0,27,1081,77,6,86.4,52,21,67.5,2,74,40,33,39,92,58.7,0.148,0.099,0.986,0.296,0.049,0.0,1.331,53.28,3.795,0.296,2.563,1.035,0.099,3.647,1.972,1.627,1.922,4.535,92.3,71.8,74.4,79.5,12.8,30.8,12.8,94.9,35.9,25.6,59.0,38.5,74.4,66.7,84.6,94.9,61.5,28.2,66.7,2.6,53.8,0.16666666666666663,-0.10869565217391303,-0.1642156862745098,-0.0925925925925926,-0.5264335664335664,-0.48484848484848475,-0.7499999999999999,0.1163387510692899,0.2663668001838597,-0.0597463284379173,0.34351145038167935,0.43518518518518556,0.02344095532950039,-0.05903083700440545,0.763157894736842,1.727863525588952,0.8869412795793163,0.30224719101123587,0.4403424291064741,-0.09596860506600076,0.6243654822335026,2,1.836,0.208,Defensive Anchor / Deep Distributor [DM]
Mateo Brown,Brighton,FB,FB,29,1774,Premier League,2025-2026,1,2,16,7,1,1,25,813,81,5,77.7,31,18,58.1,40,52,32,28,50,101,47.1,0.051,0.101,0.812,0.355,0.051,0.051,1.268,41.246,4.109,0.254,1.573,0.913,2.029,2.638,1.623,1.421,2.537,5.124,50.6,68.8,61.0,84.4,77.9,17.5,13.0,41.6,19.5,26.0,66.2,45.5,14.3,29.9,66.9,75.3,64.9,37.7,63.6,51.9,61.7,-0.24786324786324787,-0.10144927536231882,-0.27083333333333326,-0.008547008547008555,0.013426573426573376,-0.47474747474747475,-0.5048076923076923,0.062446535500427676,-0.12873465099481252,0.045060080106809,0.18320610687022906,-0.37037037037037046,-0.4144183989385228,-0.16651982378854635,0.14473684210526333,0.9082047116165719,0.5810692375109553,0.07078651685393252,0.7693953986088818,0.11416339636104153,0.03553299492385801,1,1.23,-0.089,Overlapping Wingback / Wide Progressor [FB]
Thomas Brown,Brighton,FB,FB,26,2318,Premier League,2025-2026,0,0,1,2,2,0,34,1505,77,5,81.8,80,37,56.8,22,84,52,54,78,85,55.3,0.0,0.0,0.039,0.078,0.078,0.0,1.32,58.434,2.99,0.194,3.106,1.437,0.854,3.261,2.019,2.097,3.028,3.3,16.9,12.3,6.5,19.5,27.3,20.8,6.5,44.2,75.3,9.1,50.0,71.4,48.1,55.8,63.0,96.1,88.3,81.8,81.8,3.9,90.9,-0.46581196581196577,-0.46739130434782605,-0.7444852941176471,-0.4031339031339031,-0.3152447552447553,-0.33838383838383834,-0.7499999999999999,0.10692899914456801,0.4355834263576071,-0.3284379172229639,-0.04580152671755718,0.009259259259258735,0.26360017691287047,0.29515418502202645,0.059210526315789366,1.4142973192526405,0.9281332164767749,0.8303370786516853,1.0321027287319424,-0.5365679628968963,0.45177664974619275,2,2.084,0.22,Defensive Anchor / Deep Distributor [DM]
George Taylor,Brighton,FB,FB,21,1438,Premier League,2025-2026,1,0,3,4,3,5,18,742,45,7,80.3,66,29,68.1,13,43,22,41,24,106,49.5,0.063,0.0,0.188,0.25,0.188,0.313,1.127,46.439,2.816,0.438,4.131,1.815,0.814,2.691,1.377,2.566,1.502,6.634,57.8,12.3,14.3,55.8,24.7,57.8,88.3,26.0,31.2,7.8,92.2,64.9,79.2,74.0,92.2,77.9,49.4,96.1,19.5,93.5,71.4,-0.19658119658119658,-0.46739130434782605,-0.6531862745098039,-0.1581196581196581,-0.32643356643356647,0.2171717171717172,0.7548076923076923,-0.058169375534645046,0.04176242694858489,-0.3865153538050735,0.8854961832061069,-0.12962962962963018,0.7169394073418844,0.628193832599119,0.802631578947368,0.9512591389114541,0.3654688869412796,1.3573033707865165,0.2156233279828786,0.6528719229397075,0.1573604060913706,1,1.261,1.412,Overlapping Wingback / Wide Progressor [FB]
Carlos Johnson,Brighton,CB,CB,27,1219,Premier League,2025-2026,1,1,4,2,1,0,7,1234,33,0,90.6,23,4,82.5,2,28,18,40,99,62,59.6,0.074,0.074,0.295,0.148,0.074,0.0,0.517,91.107,2.436,0.0,1.698,0.295,0.148,2.067,1.329,2.953,7.309,4.578,71.4,63.6,14.3,49.4,14.3,87.7,28.6,83.1,98.7,18.2,13.0,61.0,84.4,37.7,88.3,68.8,37.7,97.4,100.0,15.6,35.1,-0.14957264957264957,-0.19927536231884058,-0.5876225490196079,-0.30341880341880345,-0.5127272727272727,-0.35858585858585856,-0.7499999999999999,-0.5799828913601369,1.5083065204543962,-0.513351134846462,-0.7862595419847328,0.8240740740740735,-0.3591331269349845,-0.7110132158590311,1.7499999999999998,0.44435418359057693,0.32340052585451357,1.7921348314606738,3.3226324237560196,-0.08062789867998572,0.6700507614213198,3,3.946,-1.505,Defensive Stopper / Central Shield [CB]
Mateo Santos,Brighton,CB,CB,21,605,Premier League,2025-2026,1,0,0,2,0,0,2,530,24,1,91.4,14,2,86.7,0,14,8,11,36,42,68.9,0.149,0.0,0.0,0.298,0.0,0.0,0.298,78.843,3.57,0.149,2.083,0.298,0.0,2.083,1.19,1.636,5.355,6.248,96.1,16.9,1.9,85.1,5.8,28.6,28.6,45.5,93.5,48.1,84.4,68.2,94.8,39.0,94.2,72.7,29.9,26.0,63.6,77.9,76.6,0.17094017094017092,-0.46739130434782605,-0.7683823529411764,-0.08974358974358974,-0.5541258741258741,-0.7323232323232323,-0.7499999999999999,-0.76732249786142,1.1056536870444549,-0.13484646194926578,-0.21755725190839692,0.8981481481481487,-0.18885448916408654,-0.7083700440528636,2.026315789473684,0.45735174654752253,0.2015775635407537,0.31235955056179754,2.2771535580524347,0.5151623260792009,1.1421319796954317,3,3.47,-1.247,Defensive Stopper / Central Shield [CB]
Carlos King,Brighton,CB,CB,34,663,Premier League,2025-2026,0,0,4,3,0,0,4,477,30,1,96.7,3,4,58.7,7,9,10,13,43,49,54.0,0.0,0.0,0.543,0.407,0.0,0.0,0.543,64.751,4.072,0.136,0.407,0.543,0.95,1.222,1.357,1.765,5.837,6.652,23.4,16.9,49.4,100.0,75.3,28.6,28.6,87.0,62.3,67.5,81.8,98.7,16.9,66.2,11.7,15.6,39.0,35.1,79.2,92.2,11.7,-0.46581196581196577,-0.46739130434782605,-0.4356617647058823,0.06552706552706551,-0.28839160839160843,-0.7323232323232323,-0.7499999999999999,-0.5577416595380668,0.6429837809442512,0.032710280373831724,-0.26717557251908386,1.3888888888888893,-0.9301194161875277,-0.49251101321585916,0.1842105263157897,-0.24207961007311135,0.3479404031551271,0.4573033707865166,2.5350454788657037,0.6592936139850161,0.38578680203045684,3,2.968,-1.153,Defensive Stopper / Central Shield [CB]
James Lopez,Brighton,CB,CB,28,848,Premier League,2025-2026,0,0,1,1,0,1,4,365,26,1,96.8,1,0,86.7,8,12,18,3,42,56,71.4,0.0,0.0,0.106,0.106,0.0,0.106,0.425,38.738,2.759,0.106,0.106,0.0,0.849,1.274,1.91,0.318,4.458,5.943,23.4,16.9,3.9,36.4,66.2,28.6,98.7,70.1,10.4,24.7,73.4,100.0,3.9,5.8,94.2,19.5,77.9,1.3,46.8,71.4,88.3,-0.46581196581196577,-0.46739130434782605,-0.7034313725490196,-0.3632478632478633,-0.31664335664335663,-0.7323232323232323,-0.24038461538461536,-0.6586826347305389,-0.21107754941230555,-0.40554072096128174,-0.38167938931297707,1.398148148148148,-1.0632463511720478,-0.9709251101321589,2.026315789473684,-0.1998375304630382,0.8326029798422436,-1.1685393258426966,1.7972177635098985,0.4063503389225827,1.269035532994924,3,3.052,-1.734,Defensive Stopper / Central Shield [CB]
Marcus Rodriguez,Brighton,FW,FW,30,1806,Premier League,2025-2026,12,10,63,24,1,3,30,495,46,8,76.1,71,33,42.8,140,4,5,18,14,57,54.8,0.598,0.498,3.14,1.196,0.05,0.15,1.495,24.668,2.292,0.399,3.538,1.645,6.977,0.199,0.249,0.897,0.698,2.841,77.5,63.7,72.5,60.0,80.0,17.5,43.8,85.0,81.2,72.5,88.8,69.4,81.2,78.8,38.8,25.0,61.3,78.8,86.2,81.2,83.8,2.0897435897435894,1.3369565217391304,1.1556372549019607,1.1894586894586894,1.3974825174825176,-0.4797979797979797,-0.02884615384615387,0.2566295979469633,-0.6730251493860399,-0.561415220293725,0.7366412213740459,-0.5185185185185195,0.4546660769570987,0.4784140969162996,-0.8618421052631579,-1.073111291632819,-0.6231375985977212,-0.5179775280898877,-0.21455323702514717,-0.7003210845522655,0.4263959390862943,0,-2.981,-1.247,Direct Goal Threat / Box Striker [FW]
Thomas Traore G,Brighton,FW,FW,29,1572,Premier League,2025-2026,7,4,46,14,3,5,15,310,32,6,62.8,31,21,57.0,79,0,5,9,1,30,39.8,0.401,0.229,2.634,0.802,0.172,0.286,0.859,17.748,1.832,0.344,1.775,1.202,4.523,0.0,0.286,0.515,0.057,1.718,47.5,14.4,48.8,23.8,33.8,56.9,82.5,31.2,43.8,43.8,80.0,1.2,32.5,51.2,89.4,4.4,69.4,23.8,11.2,33.8,50.0,1.2478632478632479,0.36231884057971014,0.8455882352941175,0.6282051282051283,0.7110489510489509,0.13636363636363633,0.6249999999999998,-0.28742514970059885,-0.9002232582572723,-0.7149532710280374,0.5267175572519083,-1.7500000000000009,-0.32507739938080493,0.08810572687224659,0.07236842105263167,-1.2347684809098296,-0.5907099035933391,-0.9471910112359552,-0.5575173889780632,-1.1009632536567964,-0.3350253807106599,0,-2.567,-1.221,Direct Goal Threat / Box Striker [FW]
George Mendy,Chelsea,FW,FW,28,2493,Premier League,2025-2026,11,25,84,54,8,6,41,602,21,6,79.4,120,18,50.3,161,13,7,21,16,93,51.4,0.397,0.903,3.032,1.949,0.289,0.217,1.48,21.733,0.758,0.217,4.332,0.65,5.812,0.469,0.253,0.758,0.578,3.357,46.2,98.8,65.6,88.8,51.2,86.2,68.8,83.8,70.0,10.0,49.4,90.0,91.2,18.8,63.7,53.8,62.5,53.1,77.5,92.5,78.8,1.2307692307692308,2.8043478260869565,1.0894607843137254,2.262108262108262,1.0716083916083916,0.7272727272727272,0.2932692307692307,0.243798118049615,-0.7693873530763675,-1.0734312416555407,0.041984732824427516,-0.21296296296296274,0.8058381247235737,-0.3982378854625552,-0.368421052631579,-0.8537774167343625,-0.6196319018404908,-0.6741573033707866,-0.2787586944890316,-0.5162326079200856,0.25380710659898476,0,-3.244,-1.516,Direct Goal Threat / Box Striker [FW]
Oliver King,Chelsea,FW,FW,29,2055,Premier League,2025-2026,12,18,50,43,0,5,11,540,59,12,81.1,53,10,50.7,123,22,0,31,13,35,50.8,0.526,0.788,2.19,1.883,0.0,0.219,0.482,23.65,2.584,0.526,2.321,0.438,5.387,0.964,0.0,1.358,0.569,1.533,65.6,93.8,27.5,87.5,47.5,6.2,70.0,11.2,76.2,81.2,100.0,93.8,52.5,11.2,66.2,93.8,5.6,100.0,75.0,28.7,77.5,1.7820512820512822,2.3876811594202896,0.5735294117647058,2.168091168091168,0.9527272727272726,-0.7323232323232323,0.30288461538461536,-0.609923011120616,-0.706448223783571,-0.4639519359145527,1.221374045801527,-0.05555555555555636,-0.08359133126934969,-0.5850220264317183,-0.3421052631578944,-0.45166531275385874,-0.8413672217353199,0.0,-0.283574103798823,-1.1669639671780236,0.2233502538071065,0,-2.591,-1.805,Direct Goal Threat / Box Striker [FW]
David Fernandez,Chelsea,W,W,30,1272,Premier League,2025-2026,0,6,44,16,5,5,16,558,40,5,75.3,86,26,52.6,36,24,10,14,5,64,26.9,0.0,0.425,3.113,1.132,0.354,0.354,1.132,39.481,2.83,0.354,6.085,1.84,2.547,1.698,0.708,0.991,0.354,4.528,7.6,67.8,78.0,72.0,5.1,91.5,76.3,22.0,89.8,27.1,54.2,32.2,74.6,37.3,59.3,89.8,72.9,30.5,28.8,78.0,21.2,-0.46581196581196577,1.072463768115942,1.1390931372549018,1.0982905982905982,0.15832167832167832,1.0555555555555554,0.9519230769230768,-0.053892215568862416,-0.1866833015956399,-0.3818424566088117,0.564885496183206,-0.5925925925925932,1.5811587793011945,0.6502202643171807,-0.2171052631578945,0.14459788789601946,-0.22085889570552147,-0.41235955056179785,-0.39860888175494924,-0.09846592936139875,-0.9898477157360405,4,-1.938,1.057,Attacking Winger / Ball Carrier [W]
Marcus Mendy,Chelsea,W,W,29,648,Premier League,2025-2026,2,5,10,3,0,2,19,142,35,3,71.5,15,5,46.0,32,13,5,6,4,40,52.7,0.278,0.694,1.389,0.417,0.0,0.278,2.639,19.722,4.861,0.417,2.083,0.694,4.444,1.806,0.694,0.833,0.556,5.556,50.8,100.0,8.5,22.0,37.3,7.6,47.5,89.8,18.6,86.4,67.8,10.2,5.1,11.9,23.7,94.9,67.8,18.6,52.5,93.2,96.6,0.7222222222222223,2.047101449275362,0.08272058823529412,0.07977207977207977,0.688951048951049,-0.7323232323232323,0.5865384615384616,1.2352437981180493,-0.8354126994549872,0.29606141522029356,0.8053435114503816,-0.944444444444445,-0.18885448916408654,-0.3594713656387667,-0.651315789473684,0.23233143785540217,-0.23312883435582823,-0.5898876404494383,-0.29052969502407705,0.268283981448448,0.319796954314721,5,-1.455,0.18,Advanced Playmaker / Chance Creator [AM]
Mateo Fernandez,Chelsea,W,W,19,1688,Premier League,2025-2026,0,2,60,17,6,5,42,526,53,11,78.0,120,48,47.6,144,24,7,30,2,117,32.2,0.0,0.107,3.199,0.906,0.32,0.267,2.239,28.045,2.826,0.586,6.398,2.559,7.678,1.28,0.373,1.6,0.107,6.238,7.6,8.5,81.4,49.2,88.1,84.7,38.1,77.1,52.5,25.4,93.2,55.9,86.4,61.0,32.2,69.5,27.1,91.5,13.6,98.3,47.5,-0.46581196581196577,-0.07971014492753624,1.1917892156862744,0.7763532763532764,1.5935664335664335,0.8838383838383839,0.5336538461538461,0.8930710008554318,-0.562151158973012,-0.38317757009345793,1.450381679389313,-0.34259259259259295,1.7195931003980542,1.2837004405286347,-0.5460526315789471,-0.1949634443541836,-0.5144609991235758,0.27191011235955054,-0.530765115034778,0.5115947199429184,-0.7208121827411165,4,-2.158,1.948,Attacking Winger / Ball Carrier [W]
Thomas Johnson,Chelsea,AM,AM,22,1607,Premier League,2025-2026,6,8,43,15,4,6,31,404,151,5,79.4,84,49,55.1,34,21,8,21,17,26,31.9,0.336,0.448,2.408,0.84,0.224,0.336,1.736,22.626,8.457,0.28,4.704,2.744,1.904,1.176,0.448,1.176,0.952,1.456,71.4,94.0,71.4,54.8,11.9,27.4,50.0,19.0,2.4,97.6,28.6,38.1,81.0,95.2,66.7,45.2,26.2,47.6,85.7,9.5,25.0,0.9700854700854702,1.1557971014492754,0.7071078431372548,0.6823361823361823,-0.021538461538461586,0.39898989898989906,0.8653846153846154,0.46278870829769025,-0.7400682907610481,1.496328437917223,0.2824427480916032,-0.21296296296296274,0.9703670942061036,1.446696035242291,-0.052631578947368224,-0.2794476035743299,-0.44872918492550395,-0.20449438202247208,-0.07865168539325845,-1.1944345344273994,-0.7360406091370557,4,-2.042,0.946,Attacking Winger / Ball Carrier [W]
Leo King,Chelsea,CM,CM,24,986,Premier League,2025-2026,1,2,22,4,0,1,23,585,62,4,84.8,49,8,51.1,6,19,7,17,13,51,53.9,0.091,0.183,2.008,0.365,0.0,0.091,2.099,53.398,5.659,0.365,4.473,0.73,0.548,1.734,0.639,1.552,1.187,4.655,28.0,76.3,93.2,50.8,6.8,5.1,18.6,83.1,49.2,37.3,64.4,42.4,96.6,27.1,20.3,28.8,20.3,61.0,52.5,16.9,80.5,-0.07692307692307693,0.19565217391304343,0.4620098039215686,0.0056980056980057035,-0.4008391608391608,-0.7323232323232323,-0.3125,0.7733105218135159,0.2702409875894675,0.5624165554072094,0.6068702290076335,0.2870370370370366,0.8681999115435649,-0.3277533039647579,-0.3157894736842103,0.17384240454914704,-0.28133216476774753,0.21797752808988757,0.04708400214018196,-0.05315733143061007,0.3807106598984771,1,0.357,0.644,Overlapping Wingback / Wide Progressor [FB]
Lucas Jones,Chelsea,CM,CM,20,2016,Premier League,2025-2026,4,4,24,11,3,4,40,1071,92,4,90.4,66,16,61.2,50,55,16,24,19,128,53.4,0.179,0.179,1.071,0.491,0.134,0.179,1.786,47.812,4.107,0.179,2.946,0.714,2.232,2.455,0.714,1.071,0.848,5.714,76.3,72.0,25.4,72.9,71.2,30.5,49.2,65.3,27.1,18.6,25.4,89.8,64.4,23.7,62.7,74.6,23.7,25.4,32.2,40.7,75.4,0.2991452991452991,0.18115942028985502,-0.11213235294117649,0.1851851851851852,0.07020979020979023,-0.05555555555555546,0.11057692307692303,0.5055603079555175,0.0868408956595967,0.04439252336448598,-0.1030534351145038,0.805555555555556,0.19283502874834163,-0.34185022026431733,0.348684210526316,0.759545085296507,-0.21560035056967572,-0.3224719101123597,-0.13429641519529162,0.3246521584017125,0.35532994923857864,1,0.521,0.282,Overlapping Wingback / Wide Progressor [FB]
George Santos,Chelsea,DM,DM,30,625,Premier League,2025-2026,0,0,7,0,0,0,7,473,44,2,93.5,15,11,63.0,5,22,12,19,18,60,56.2,0.0,0.0,1.008,0.0,0.0,0.0,1.008,68.112,6.336,0.288,2.16,1.584,0.72,3.168,1.728,2.736,2.592,8.64,16.7,16.7,76.9,7.7,48.7,12.8,12.8,59.0,71.8,64.1,55.1,92.3,59.0,100.0,66.7,71.8,48.7,100.0,92.3,69.2,39.7,-0.46581196581196577,-0.46739130434782605,-0.15073529411764705,-0.5142450142450142,-0.3527272727272727,-0.7323232323232323,-0.7499999999999999,-0.15996578272027379,0.7533324578107556,0.788384512683578,0.3129770992366412,1.0925925925925926,-0.154798761609907,0.42466960352422917,0.46710526315789475,1.3387489845653942,0.6730937773882559,1.5483146067415732,0.7988228999464956,1.368533713877988,0.4974619289340103,2,3.04,1.041,Defensive Anchor / Deep Distributor [DM]
Ben Mendy,Chelsea,DM,DM,32,1574,Premier League,2025-2026,1,2,13,4,0,3,13,1208,112,2,83.5,51,13,63.8,18,30,36,32,24,97,60.5,0.057,0.114,0.743,0.229,0.0,0.172,0.743,69.072,6.404,0.114,2.916,0.743,1.029,1.715,2.058,1.83,1.372,5.546,47.4,84.6,51.3,64.1,76.9,12.8,76.9,35.9,74.4,66.7,20.5,24.4,94.9,43.6,74.4,10.3,66.7,46.2,25.6,7.7,66.7,-0.2222222222222222,-0.05434782608695651,-0.3131127450980392,-0.188034188034188,-0.26629370629370636,-0.7323232323232323,0.07692307692307686,-0.38665526090675795,0.7848512706021408,0.8110814419225632,-0.35114503816793885,0.16666666666666644,0.17956656346749233,-0.3162995594713658,0.5197368421052629,0.15840779853777423,0.962313759859772,0.5303370786516853,0.14606741573033716,0.2647163753121655,0.715736040609137,2,1.83,0.141,Defensive Anchor / Deep Distributor [DM]
Leo Jones,Chelsea,FB,FB,23,842,Premier League,2025-2026,1,1,4,3,1,2,14,475,44,2,87.1,42,18,50.9,7,27,17,21,16,46,29.6,0.107,0.107,0.428,0.321,0.107,0.214,1.496,50.772,4.703,0.214,4.489,1.924,0.748,2.886,1.817,2.245,1.71,4.917,88.3,72.7,28.6,76.0,20.8,26.0,63.6,61.0,50.6,41.6,58.4,93.5,88.3,87.0,33.8,83.1,83.1,89.6,26.0,45.5,3.9,-0.008547008547008555,-0.07971014492753624,-0.5061274509803921,-0.05698005698005695,-0.3448951048951049,-0.19191919191919188,0.2788461538461538,0.2574850299401197,0.1840239017663667,0.24332443257676903,0.030534351145038195,0.49999999999999933,0.8752764263600179,0.7242290748898679,-0.32894736842105254,1.1096669374492285,0.7510955302366346,0.996629213483146,0.3269127875869449,0.0403139493399927,-0.8527918781725886,1,0.886,1.348,Overlapping Wingback / Wide Progressor [FB]
Liam Gomez,Chelsea,FB,FB,25,1317,Premier League,2025-2026,1,1,14,2,2,4,12,561,44,5,79.5,22,28,50.0,12,30,31,19,39,89,50.4,0.068,0.068,0.957,0.137,0.137,0.273,0.82,38.337,3.007,0.342,1.503,1.913,0.82,2.05,2.118,1.298,2.665,6.082,63.0,44.8,74.0,27.3,26.0,40.9,80.5,16.9,15.6,10.4,84.4,61.0,9.1,85.7,28.6,44.2,96.1,27.3,72.7,80.5,74.0,-0.17521367521367517,-0.22101449275362317,-0.18198529411764708,-0.3190883190883191,-0.32475524475524475,-0.040404040404040296,0.5625,-0.3207869974337041,-0.22424322017204015,-0.3227636849132176,0.5190839694656489,-0.20370370370370403,-0.44537815126050423,0.7145374449339208,-0.3881578947368419,0.43054427294882197,1.0148992112182296,-0.0674157303370787,0.8378812199036919,0.4559400642169103,0.2030456852791878,1,0.958,0.398,Overlapping Wingback / Wide Progressor [FB]
Liam Mendy,Chelsea,FB,FB,29,1844,Premier League,2025-2026,0,0,13,1,3,4,41,1049,88,5,75.4,65,31,56.2,38,36,40,49,19,77,46.4,0.0,0.0,0.634,0.049,0.146,0.195,2.001,51.198,4.295,0.244,3.172,1.513,1.855,1.757,1.952,2.392,0.927,3.758,16.9,12.3,46.8,15.6,72.7,46.8,54.5,83.1,55.8,31.2,62.3,19.5,49.4,59.7,55.2,24.7,87.0,93.5,6.5,10.4,55.2,-0.46581196581196577,-0.46739130434782605,-0.3799019607843137,-0.4444444444444445,-0.035244755244755274,0.005050505050505054,0.18750000000000003,0.6894781864841744,0.1980103749425438,0.10714285714285704,0.14503816793893132,-0.5833333333333333,0.2927908005307388,0.3621145374449338,0.019736842105263434,0.1925264012997562,0.8694127957931639,1.1617977528089884,-0.092027822364901,-0.3731716018551553,0.0,1,0.835,1.028,Overlapping Wingback / Wide Progressor [FB]
Harry Davies,Chelsea,FB,FB,20,2535,Premier League,2025-2026,1,2,25,6,1,2,38,1398,109,7,89.4,26,48,54.4,52,53,37,44,55,95,43.7,0.036,0.071,0.888,0.213,0.036,0.071,1.349,49.633,3.87,0.249,0.923,1.704,1.846,1.882,1.314,1.562,1.953,3.373,36.4,51.9,66.2,49.4,71.4,15.6,14.3,48.1,45.5,19.5,64.3,100.0,5.2,67.5,48.1,32.5,45.5,51.9,35.1,6.5,38.3,-0.31196581196581197,-0.2101449275362319,-0.22426470588235292,-0.21082621082621084,-0.03776223776223776,-0.5505050505050504,-0.40865384615384615,0.1317365269461077,0.14662814367325502,-0.034712950600801096,0.16412213740458018,0.7129629629629635,-0.7019018133569217,0.5303964757709251,-0.09868421052631578,0.2940698619008935,0.3102541630148993,0.22921348314606738,0.456928838951311,-0.5105244381020335,-0.13705583756345155,1,1.052,-0.05,Overlapping Wingback / Wide Progressor [FB]
Alex Smith X,Chelsea,CB,CB,18,1110,Premier League,2025-2026,0,1,8,2,0,0,7,626,25,0,89.3,7,9,67.4,6,13,23,27,42,35,67.3,0.0,0.081,0.649,0.162,0.0,0.0,0.568,50.757,2.027,0.0,0.568,0.73,0.486,1.054,1.865,2.189,3.405,2.838,23.4,68.8,64.9,57.1,37.7,28.6,28.6,90.9,27.3,11.7,13.0,48.7,27.3,87.0,35.1,10.4,74.0,59.7,26.0,3.9,68.8,-0.46581196581196577,-0.17391304347826086,-0.37071078431372545,-0.28347578347578345,-0.4181818181818182,-0.7323232323232323,-0.7499999999999999,-0.5363558597091532,0.1835314203165013,-0.6498664886515353,-0.7862595419847328,0.7037037037037034,-0.8589119858469704,-0.3277533039647579,0.7565789473684214,-0.3785540211210398,0.7931638913234006,0.9337078651685393,1.2338148742643127,-0.7013913663931503,1.060913705583756,3,2.432,-1.734,Defensive Stopper / Central Shield [CB]
Lucas Brown,Chelsea,CB,CB,34,756,Premier League,2025-2026,0,0,4,0,0,0,1,494,35,0,90.1,4,3,74.1,6,12,14,20,14,58,61.3,0.0,0.0,0.476,0.0,0.0,0.0,0.119,58.81,4.167,0.0,0.476,0.357,0.714,1.429,1.667,2.381,1.667,6.905,23.4,16.9,40.3,7.8,54.5,28.6,28.6,16.9,48.1,70.1,13.0,54.5,22.1,46.8,63.6,29.9,59.7,76.6,5.2,93.5,46.8,-0.46581196581196577,-0.46739130434782605,-0.4767156862745098,-0.5142450142450142,-0.35440559440559444,-0.7323232323232323,-0.7499999999999999,-0.9204448246364414,0.4479282947008996,0.06441922563417876,-0.7862595419847328,0.7777777777777772,-0.8996019460415746,-0.6563876651982381,1.197368421052631,-0.07392363931762792,0.6196319018404909,1.1494382022471907,0.3039058319957197,0.7495540492329646,0.7563451776649744,3,2.986,-0.943,Defensive Stopper / Central Shield [CB]
Leo Lopez,Chelsea,CB,CB,24,1423,Premier League,2025-2026,0,0,16,1,0,1,1,829,62,1,89.2,13,0,71.2,22,27,27,37,43,119,65.6,0.0,0.0,1.012,0.063,0.0,0.063,0.063,52.431,3.921,0.063,0.822,0.0,1.391,1.708,1.708,2.34,2.72,7.526,23.4,16.9,96.1,22.1,93.5,28.6,87.0,11.7,29.9,57.1,41.6,46.8,37.7,5.8,53.9,45.5,64.9,75.3,13.0,98.7,61.0,-0.46581196581196577,-0.46739130434782605,-0.14828431372549017,-0.42450142450142453,-0.16503496503496504,-0.7323232323232323,-0.4471153846153846,-0.9683490162532079,0.23849235012147862,-0.017690253671562208,-0.5458015267175572,0.6944444444444446,-0.7465723131357807,-0.9709251101321589,1.0065789473684212,0.15272136474411044,0.6555652936021034,1.1033707865168536,0.8673087212413058,0.9711023902961111,0.9746192893401011,3,2.99,-0.979,Defensive Stopper / Central Shield [CB]
Oliver Wilson,Chelsea,CB,CB,19,520,Premier League,2025-2026,1,0,4,1,0,0,4,208,17,0,90.8,6,3,69.5,6,11,12,7,36,27,58.7,0.173,0.0,0.692,0.173,0.0,0.0,0.692,36.0,2.942,0.0,1.038,0.519,1.038,1.904,2.077,1.212,6.231,4.673,100.0,16.9,71.4,65.6,84.4,28.6,28.6,97.4,5.2,31.2,13.0,62.3,55.8,63.6,45.5,59.7,85.7,10.4,87.0,20.8,31.2,0.2735042735042734,-0.46739130434782605,-0.3443627450980392,-0.2678062678062678,-0.2637762237762238,-0.7323232323232323,-0.7499999999999999,-0.43028229255774175,-0.30097183006106776,-0.34445927903871826,-0.7862595419847328,0.8425925925925923,-0.6510393631136665,-0.5136563876651984,0.894736842105263,0.3119415109666937,0.978965819456617,-0.16404494382022486,2.745853397538791,-0.04673564038530154,0.6243654822335026,3,2.697,-1.783,Defensive Stopper / Central Shield [CB]
Lucas Johnson B,Chelsea,FW,FW,18,2547,Premier League,2025-2026,8,18,121,49,2,6,13,607,62,0,68.2,61,26,32.9,178,16,5,13,20,100,36.2,0.283,0.636,4.276,1.731,0.071,0.212,0.459,21.449,2.191,0.0,2.155,0.919,6.29,0.565,0.177,0.459,0.707,3.534,27.5,78.8,96.2,80.0,65.0,23.8,66.2,6.2,68.8,63.7,5.6,11.2,48.8,28.7,16.2,63.7,38.1,17.5,88.8,95.0,36.2,0.7435897435897435,1.8369565217391304,1.8517156862745094,1.9515669515669518,1.2053146853146852,-0.3737373737373737,0.26923076923076916,-0.6295979469632164,-0.7787116685271522,-0.5951268357810414,-0.7862595419847328,-1.2500000000000002,-0.15701017249004867,-0.16123348017621153,-1.5131578947368418,-0.775792038992689,-0.6862401402278702,-1.010112359550562,-0.20973782771535585,-0.4530859793078846,-0.5177664974619286,0,-3.132,-2.052,Direct Goal Threat / Box Striker [FW]
Mateo Santos C,Chelsea,FW,FW,24,1821,Premier League,2025-2026,6,6,39,20,0,2,33,464,17,7,64.2,110,38,39.4,127,2,4,13,3,37,35.2,0.297,0.297,1.928,0.988,0.0,0.099,1.631,22.932,0.84,0.346,5.437,1.878,6.277,0.099,0.198,0.643,0.148,1.829,32.5,21.2,21.2,33.8,63.7,6.2,27.5,95.0,73.8,12.5,81.2,3.8,100.0,87.5,27.5,10.0,44.4,41.2,21.2,36.2,32.5,0.8034188034188033,0.608695652173913,0.4129901960784313,0.8931623931623932,1.2016783216783218,-0.7323232323232323,-0.2740384615384615,0.37296834901625314,-0.7300216691837942,-1.0460614152202936,0.5343511450381678,-1.620370370370371,1.2945599292348522,0.6837004405286343,-1.0855263157894735,-1.1543460601137288,-0.6678352322524101,-0.803370786516854,-0.5088282504012841,-1.0613628255440601,-0.5685279187817256,0,-3.028,-0.783,Direct Goal Threat / Box Striker [FW]
Mason Williams,Crystal Palace,FW,FW,25,2210,Premier League,2025-2026,12,9,46,18,7,1,31,519,42,11,76.5,116,17,38.7,161,10,11,20,2,20,41.1,0.489,0.367,1.873,0.733,0.285,0.041,1.262,21.136,1.71,0.448,4.724,0.692,6.557,0.407,0.448,0.814,0.081,0.814,60.0,28.1,18.8,17.5,70.0,85.0,11.9,66.2,63.7,40.0,95.0,75.6,95.0,20.0,26.2,45.0,91.2,66.2,13.8,8.8,53.8,1.623931623931624,0.8623188405797101,0.3792892156862745,0.5299145299145299,1.28,0.707070707070707,-0.5528846153846153,0.05731394354148841,-0.78898811478101,-0.7556742323097463,0.9236641221374047,-0.4814814814814819,0.97921273772667,-0.36123348017621165,-1.1315789473684206,-0.9041429731925265,-0.44872918492550395,-0.6112359550561799,-0.5446762974852863,-1.4234748483767392,-0.26903553299492367,0,-2.815,-0.87,Direct Goal Threat / Box Striker [FW]
George Santos E,Crystal Palace,FW,FW,19,1179,Premier League,2025-2026,6,3,24,21,2,2,17,161,25,3,72.1,20,15,44.5,60,2,3,7,1,29,61.3,0.458,0.229,1.832,1.603,0.153,0.153,1.298,12.29,1.908,0.229,1.527,1.145,4.58,0.153,0.229,0.534,0.076,2.214,55.0,14.4,15.0,73.8,35.0,48.1,48.1,75.0,17.5,51.2,56.2,38.1,25.0,48.1,43.8,15.0,52.5,26.2,12.5,52.5,95.0,1.4914529914529915,0.36231884057971014,0.3541666666666667,1.7692307692307694,0.7269930069930071,0.040404040404040435,-0.014423076923076934,0.08810949529512402,-1.0794208418149585,-0.6895861148197596,0.08778625954198481,-0.88888888888889,-0.43476337903582485,0.03788546255506602,-0.7499999999999998,-1.1104792851340375,-0.6406660823838738,-0.9258426966292136,-0.5473515248796148,-0.9240099892971817,0.7563451776649744,0,-2.427,-1.69,Direct Goal Threat / Box Striker [FW]
Ben Taylor,Crystal Palace,W,W,27,479,Premier League,2025-2026,3,3,22,5,1,1,7,132,20,1,68.7,29,8,22.8,31,3,4,7,3,35,32.6,0.564,0.564,4.134,0.939,0.188,0.188,1.315,24.802,3.758,0.188,5.449,1.503,5.825,0.564,0.752,1.315,0.564,6.576,91.5,93.2,98.3,52.5,67.8,35.6,25.4,32.2,33.9,62.7,28.8,6.8,54.2,25.4,1.7,8.5,76.3,69.5,59.3,100.0,54.2,1.9444444444444442,1.5760869565217388,1.7647058823529413,0.8233618233618234,1.0752447552447553,0.2171717171717172,0.15384615384615383,0.10265183917878519,-0.668625648433909,-0.07209612817089459,-0.06870229007633583,-1.203703703703704,1.2998673153471918,0.35330396475770914,-2.1776315789473677,-0.7766043866774981,-0.18229623137598594,-0.0483146067415732,-0.2862493311931515,0.6321798073492684,-0.7005076142131977,0,-3.22,-0.219,Direct Goal Threat / Box Striker [FW]
Jack Smith,Crystal Palace,W,W,21,2387,Premier League,2025-2026,13,3,65,34,6,16,17,967,84,13,79.2,103,70,35.3,156,33,18,40,16,105,25.2,0.49,0.113,2.451,1.282,0.226,0.603,0.641,36.46,3.167,0.49,3.884,2.639,5.882,1.244,0.679,1.508,0.603,3.959,86.4,10.2,42.4,81.4,69.5,44.1,100.0,8.5,84.7,40.7,75.4,64.4,27.1,72.9,5.1,67.8,64.4,86.4,62.7,61.9,13.6,1.6282051282051282,-0.05797101449275362,0.7334558823529411,1.3119658119658122,1.091188811188811,0.40909090909090917,2.1490384615384612,-0.47390932420872545,-0.28586906559852915,-0.2693591455273699,1.083969465648855,-0.23148148148148154,0.6076957098628927,1.3541850220264318,-1.3552631578947367,-0.22420796100731116,-0.24627519719544252,0.1685393258426965,-0.265382557517389,-0.3014627185158759,-1.0761421319796953,4,-2.688,0.884,Attacking Winger / Ball Carrier [W]
George Davies I,Crystal Palace,AM,AM,31,2364,Premier League,2025-2026,4,7,49,20,0,11,56,749,188,21,79.4,57,46,54.0,129,28,29,26,5,83,35.4,0.152,0.266,1.865,0.761,0.0,0.419,2.132,28.515,7.157,0.799,2.17,1.751,4.911,1.066,1.104,0.99,0.19,3.16,28.6,50.0,31.0,46.4,73.8,2.4,71.4,40.5,9.5,78.6,82.1,38.1,11.9,50.0,64.3,33.3,90.5,33.3,4.8,26.2,40.5,0.18376068376068375,0.4963768115942029,0.37438725490196073,0.5698005698005698,0.8195804195804195,-0.7323232323232323,1.2644230769230769,0.8015397775876818,-0.5467200735438966,1.0624165554072094,2.2633587786259546,-0.21296296296296274,-0.15037593984962402,0.571806167400881,-0.12499999999999989,-0.3688058489033306,0.12620508326029808,-0.4134831460674158,-0.48635634028892466,-0.586514448804852,-0.5583756345177664,5,-1.548,1.41,Advanced Playmaker / Chance Creator [AM]
Mateo Wilson,Crystal Palace,AM,AM,32,915,Premier League,2025-2026,4,0,29,9,1,2,38,331,35,10,82.7,25,18,44.8,52,19,9,14,11,46,24.2,0.393,0.0,2.852,0.885,0.098,0.197,3.738,32.557,3.443,0.984,2.459,1.77,5.115,1.869,0.885,1.377,1.082,4.525,89.3,4.8,88.1,57.1,78.6,9.5,19.0,92.9,16.7,23.8,97.6,67.9,21.4,52.4,23.8,92.9,71.4,71.4,90.5,50.0,9.5,1.2136752136752138,-0.46739130434782605,0.9791666666666665,0.7464387464387465,0.8766433566433567,-0.2373737373737373,0.19711538461538464,2.1753635585970916,-0.4140127388535032,-0.1772363150867824,2.969465648854962,0.09259259259259262,-0.022556390977443486,0.588546255506608,-0.7302631578947368,0.2835093419983753,-0.06573181419807182,0.021348314606741466,-0.00909577314071691,-0.09953621120228325,-1.1269035532994922,5,-1.861,1.848,Advanced Playmaker / Chance Creator [AM]
Dan Rodriguez,Crystal Palace,CM,CM,30,1416,Premier League,2025-2026,2,2,19,14,2,1,24,1041,152,7,79.3,78,19,51.3,13,42,21,25,29,80,61.7,0.127,0.127,1.208,0.89,0.127,0.064,1.525,66.165,9.661,0.445,4.958,1.208,0.826,2.669,1.335,1.589,1.843,5.085,52.5,40.7,37.3,100.0,10.2,28.8,11.9,54.2,88.1,98.3,78.0,3.4,98.3,55.9,23.7,83.1,57.6,64.4,99.2,23.7,94.9,0.07692307692307693,-0.007246376811594209,-0.028186274509803943,0.7535612535612537,-0.32307692307692315,-0.09090909090909084,-0.44230769230769224,0.2822925577416594,0.6894083656182286,1.8981975967957272,0.9122137404580153,-0.22222222222222282,1.0827067669172936,0.0933920704845814,-0.3026315789473685,0.933387489845654,0.32865907099035935,0.25955056179775265,0.3980738362760835,0.10024973242953968,0.7766497461928935,1,0.788,1.436,Overlapping Wingback / Wide Progressor [FB]
Mateo Wilson L,Crystal Palace,CM,CM,21,2294,Premier League,2025-2026,5,5,39,9,8,5,30,1592,152,9,85.9,85,16,46.4,79,58,40,13,44,139,39.9,0.196,0.196,1.53,0.353,0.314,0.196,1.177,62.459,5.963,0.353,3.335,0.628,3.099,2.276,1.569,0.51,1.726,5.453,83.1,79.7,64.4,46.6,96.6,93.2,52.5,32.2,76.3,50.8,60.2,57.6,76.3,18.6,5.1,64.4,79.7,6.8,93.2,32.2,25.4,0.3717948717948718,0.2427536231884058,0.16911764705882354,-0.011396011396011407,0.31272727272727274,0.8535353535353536,0.19230769230769232,-0.015397775876817807,0.5677326154048198,0.6638851802403203,0.5610687022900763,0.38888888888888923,0.36488279522335265,-0.4176211453744495,-0.6249999999999999,0.6141348497156782,0.5337423312883436,-0.9528089887640451,0.3354735152487962,0.2315376382447378,-0.32994923857868014,1,0.047,0.864,Overlapping Wingback / Wide Progressor [FB]
Carlos Fernandez,Crystal Palace,CM,CM,20,1147,Premier League,2025-2026,1,1,17,5,3,4,30,316,54,0,79.6,27,18,53.8,17,28,4,12,12,75,48.8,0.078,0.078,1.334,0.392,0.235,0.314,2.354,24.795,4.237,0.0,2.119,1.412,1.334,2.197,0.314,0.942,0.942,5.885,22.0,22.9,44.1,54.2,25.4,72.9,91.5,91.5,1.7,20.3,4.2,6.8,25.4,71.2,33.9,61.0,5.1,20.3,37.3,45.8,50.8,-0.13247863247863248,-0.18478260869565216,0.049019607843137296,0.0441595441595442,-0.18097902097902097,0.45454545454545453,0.7596153846153846,0.9914456800684346,-0.6688554731105129,0.08778371161548727,-0.7862595419847328,-0.19444444444444528,-0.1729323308270675,0.27312775330396466,-0.13815789473684217,0.5499593826157596,-0.5661700262927256,-0.4674157303370788,-0.08400214018191549,0.38565822333214395,0.1218274111675126,1,-0.062,0.603,Overlapping Wingback / Wide Progressor [FB]
George Garcia N,Crystal Palace,DM,DM,21,2468,Premier League,2025-2026,3,2,2,9,3,5,26,1341,134,9,84.9,37,20,52.8,12,78,69,54,48,166,64.9,0.109,0.073,0.073,0.328,0.109,0.182,0.948,48.902,4.887,0.328,1.349,0.729,0.438,2.844,2.516,1.969,1.75,6.053,82.1,53.8,2.6,84.6,28.2,61.5,79.5,53.8,30.8,48.7,74.4,33.3,41.0,38.5,25.6,51.3,100.0,53.8,43.6,20.5,83.3,0.0,-0.2028985507246377,-0.7236519607843137,-0.04700854700854697,-0.43160839160839165,-0.18181818181818177,0.12499999999999997,-0.21129170230966646,0.1226278810164817,0.30473965287049376,0.4656488549618321,0.2962962962962966,-0.5134896063688633,-0.32863436123348033,-0.20394736842105268,1.075548334687246,1.3637160385626643,0.6865168539325842,0.3483146067415731,0.44559400642169095,0.9390862944162439,2,1.938,0.483,Defensive Anchor / Deep Distributor [DM]
Liam Wilson,Crystal Palace,DM,DM,18,791,Premier League,2025-2026,1,1,1,2,2,1,6,337,62,2,82.1,23,1,60.2,6,35,14,15,7,56,47.6,0.114,0.114,0.114,0.228,0.228,0.114,0.683,38.344,7.054,0.228,2.617,0.114,0.683,3.982,1.593,1.707,0.796,6.372,84.6,84.6,7.7,61.5,43.6,100.0,53.8,33.3,10.3,71.8,46.2,12.8,76.9,7.7,55.1,100.0,33.3,35.9,5.1,28.2,15.4,0.021367521367521385,-0.05434782608695651,-0.6985294117647057,-0.18945868945868943,-0.3630769230769231,0.4191919191919193,-0.20192307692307687,-0.43798118049615054,-0.22401339549543636,1.02803738317757,0.08396946564885503,0.03703703703703626,0.047324192835028846,-0.8704845814977976,0.2828947368421055,2.0000000000000004,0.5547765118317266,0.3921348314606741,-0.16211878009630817,0.5594006421691045,0.06091370558375648,2,1.654,0.917,Defensive Anchor / Deep Distributor [DM]
Jack Taylor,Crystal Palace,FB,FB,29,732,Premier League,2025-2026,1,1,1,4,1,2,5,436,53,4,86.3,32,2,56.2,8,19,6,11,15,37,40.6,0.123,0.123,0.123,0.492,0.123,0.246,0.615,53.607,6.516,0.492,3.934,0.246,0.984,2.336,0.738,1.352,1.844,4.549,96.1,87.0,11.7,96.1,35.1,35.1,69.5,10.4,61.0,80.5,97.4,92.2,72.1,11.7,55.2,63.6,9.1,31.2,29.9,35.1,28.6,0.05982905982905982,-0.021739130434782625,-0.6930147058823529,0.18660968660968663,-0.2788811188811189,-0.11111111111111106,0.43269230769230765,-0.4961505560307956,0.2771028957909252,0.8484646194926567,1.0916030534351147,0.4259259259259255,0.6298098186643081,-0.7541850220264319,0.019736842105263434,0.6628757108042241,-0.1945661700262927,-0.006741573033707871,0.3986088817549493,-0.0909739564752051,-0.29441624365482216,1,0.783,0.785,Overlapping Wingback / Wide Progressor [FB]
Alex Jones,Crystal Palace,FB,FB,30,1253,Premier League,2025-2026,1,0,6,2,2,2,16,699,68,1,76.4,56,23,55.5,31,12,16,13,56,84,45.2,0.072,0.0,0.431,0.144,0.144,0.144,1.149,50.208,4.884,0.072,4.022,1.652,2.227,0.862,1.149,0.934,4.022,6.034,68.2,12.3,29.9,29.2,84.4,44.2,39.6,28.6,48.1,46.8,20.8,24.7,74.0,63.6,50.6,3.9,26.0,10.4,97.4,75.3,46.1,-0.15811965811965814,-0.46739130434782605,-0.5042892156862745,-0.3091168091168091,0.06881118881118875,-0.005050505050505054,-0.05769230769230774,-0.03934987168520106,0.1655065992514281,0.3037383177570093,-0.5114503816793893,-0.4907407407407406,0.668730650154799,0.48458149779735676,-0.026315789473684112,-0.5345247766043868,0.16564417177914115,-0.47640449438202254,1.5639379347244518,0.438815554762754,-0.06091370558375612,1,0.91,-0.004,Overlapping Wingback / Wide Progressor [FB]
Mason Fernandez,Crystal Palace,FB,FB,33,769,Premier League,2025-2026,1,1,5,0,1,2,6,577,8,1,80.5,33,6,65.2,3,15,15,17,9,72,37.0,0.117,0.117,0.585,0.0,0.117,0.234,0.702,67.529,0.936,0.117,3.862,0.702,0.351,1.756,1.756,1.99,1.053,8.427,92.9,82.5,40.3,7.1,13.0,31.8,66.2,14.3,93.5,2.6,27.3,67.5,70.1,18.2,87.0,23.4,77.9,76.6,7.8,100.0,14.3,0.03418803418803422,-0.0434782608695652,-0.4099264705882353,-0.5142450142450142,-0.45594405594405596,-0.14141414141414133,0.37500000000000006,-0.4217279726261763,0.7341913454593209,-1.014018691588785,-0.3396946564885495,-0.11111111111111141,0.59796550199027,-0.35242290748898697,0.6118421052631581,0.1917140536149472,0.6976336546888694,0.7101123595505616,-0.02461209202782239,1.2925437031751692,-0.47715736040609125,2,1.379,0.266,Defensive Anchor / Deep Distributor [DM]
Mateo Traore,Crystal Palace,FB,FB,20,1348,Premier League,2025-2026,0,1,8,2,3,0,6,621,98,2,87.2,71,22,58.1,26,35,18,21,20,38,57.0,0.0,0.067,0.534,0.134,0.2,0.0,0.401,41.461,6.543,0.134,4.74,1.469,1.736,2.337,1.202,1.402,1.335,2.537,16.9,42.9,39.0,26.0,66.2,66.2,6.5,7.8,20.8,81.8,32.5,94.8,90.9,57.1,66.9,64.9,32.5,35.1,15.6,1.3,92.2,-0.46581196581196577,-0.22463768115942026,-0.4411764705882352,-0.32336182336182334,-0.06853146853146856,0.27777777777777785,-0.7499999999999999,-0.679213002566296,-0.12167575021340873,0.8574766355140185,-0.2748091603053434,0.5092592592592594,0.9862892525431228,0.32334801762114546,0.14473684210526333,0.6636880584890336,0.21209465381244522,0.0494382022471908,0.12627073301230604,-0.8087763110952553,0.5380710659898477,1,1.098,0.272,Overlapping Wingback / Wide Progressor [FB]
Marcus Gomez,Crystal Palace,CB,CB,20,793,Premier League,2025-2026,1,1,2,1,0,0,5,398,40,2,88.9,14,5,55.8,4,11,12,21,32,48,55.7,0.113,0.113,0.227,0.113,0.0,0.0,0.567,45.17,4.54,0.227,1.589,0.567,0.454,1.248,1.362,2.383,3.632,5.448,94.8,94.8,9.1,39.0,35.1,28.6,28.6,89.6,22.1,74.0,98.7,42.9,79.2,70.1,5.2,18.2,40.3,77.9,27.3,46.8,15.6,0.01709401709401711,-0.05797101449275362,-0.6292892156862744,-0.3532763532763533,-0.42713286713286713,-0.7323232323232323,-0.7499999999999999,-0.5372112917023097,9.849628997308142e-05,0.1889185580774365,0.08015267175572525,0.6666666666666671,-0.40734188412206984,-0.47136563876652005,-0.006578947368421145,-0.22095857026807478,0.3523225241016653,1.1516853932584268,1.3552701979668276,0.22975383517659656,0.4720812182741118,3,2.152,-0.774,Defensive Stopper / Central Shield [CB]
David Davies,Crystal Palace,CB,CB,33,1962,Premier League,2025-2026,2,0,7,1,1,0,0,1203,86,1,87.4,16,9,59.1,12,45,21,41,44,126,56.2,0.092,0.0,0.321,0.046,0.046,0.0,0.0,55.183,3.945,0.046,0.734,0.413,0.55,2.064,0.963,1.881,2.018,5.78,84.4,16.9,18.2,16.9,44.2,75.3,28.6,5.8,41.6,61.0,35.1,23.4,36.4,57.1,13.0,67.5,18.8,49.4,9.1,64.9,20.8,-0.07264957264957266,-0.46739130434782605,-0.5716911764705882,-0.44871794871794873,-0.40027972027972025,-0.49999999999999994,-0.7499999999999999,-1.0222412318220702,0.32884628012344863,-0.009679572763685031,-0.6106870229007633,0.5277777777777782,-0.7854931446262716,-0.6070484581497799,0.21052631578947384,0.44191714053614956,0.002629272567922877,0.5876404494382022,0.4917067950775816,0.3481983589011773,0.4974619289340103,2,2.27,-0.948,Defensive Anchor / Deep Distributor [DM]
Marcus Taylor V,Crystal Palace,CB,CB,33,1872,Premier League,2025-2026,0,0,8,2,0,1,15,808,53,2,88.1,31,14,75.5,20,53,17,58,82,134,55.8,0.0,0.0,0.385,0.096,0.0,0.048,0.721,38.846,2.548,0.096,1.49,0.673,0.962,2.548,0.817,2.788,3.942,6.442,23.4,16.9,24.7,27.3,79.2,28.6,81.2,100.0,11.7,20.8,59.7,33.1,74.0,81.8,76.6,94.8,7.8,94.8,32.5,84.4,16.9,-0.46581196581196577,-0.46739130434782605,-0.5324754901960784,-0.3774928774928775,-0.28503496503496506,-0.7323232323232323,-0.5192307692307692,-0.4054747647562019,-0.20753168297327484,-0.4759679572763685,-0.41984732824427473,0.592592592592592,-0.45112781954887216,-0.37797356828193845,1.289473684210526,0.8350934199837532,-0.12532865907099036,1.6067415730337076,1.5211342964151955,0.5843738851230824,0.47715736040609125,3,2.892,-0.737,Defensive Stopper / Central Shield [CB]
Alex Johnson,Crystal Palace,CB,CB,22,2644,Premier League,2025-2026,0,3,20,5,1,1,7,1125,147,0,85.8,77,13,69.8,28,27,27,48,95,159,67.9,0.0,0.102,0.681,0.17,0.034,0.034,0.238,38.294,5.004,0.0,2.621,0.443,0.953,0.919,0.919,1.634,3.234,5.412,23.4,85.1,67.5,62.3,76.6,60.4,61.7,36.4,7.8,84.4,13.0,14.3,98.7,59.7,48.7,5.2,15.6,24.7,23.4,45.5,74.7,-0.46581196581196577,-0.09782608695652177,-0.35110294117647056,-0.2720797720797721,-0.2875524475524475,-0.5606060606060606,-0.5865384615384615,-0.8186484174508127,-0.22565500032832114,0.34379172229639493,-0.7862595419847328,0.3796296296296292,0.049093321539142074,-0.5806167400881058,0.9144736842105261,-0.4882209585702681,-0.03593339176161255,0.31011235955056154,1.1423220973782773,0.2169104530859792,1.0913705583756348,3,2.077,-1.247,Defensive Stopper / Central Shield [CB]
Arthur Jones,Crystal Palace,FW,FW,20,943,Premier League,2025-2026,3,3,18,21,2,1,14,222,29,1,76.0,15,10,45.6,61,6,3,5,5,17,77.0,0.286,0.286,1.718,2.004,0.191,0.095,1.336,21.188,2.768,0.095,1.432,0.954,5.822,0.573,0.286,0.477,0.477,1.622,30.0,20.0,12.5,91.2,52.5,65.0,26.2,77.5,67.5,87.5,17.5,66.9,21.2,31.2,50.0,65.0,69.4,18.8,62.5,31.2,100.0,0.7564102564102563,0.5688405797101448,0.284313725490196,2.3404558404558404,1.0744055944055944,0.23232323232323238,-0.2932692307692307,0.12061591103507271,-0.78728084575481,-0.4025367156208278,-0.4236641221374045,-0.5277777777777782,-0.47678018575851394,-0.13039647577092525,-0.6776315789473681,-0.7692932575142162,-0.5907099035933391,-0.9898876404494383,-0.3327982878544677,-1.135212272565109,1.5532994923857866,0,-1.922,-1.928,Direct Goal Threat / Box Striker [FW]
David Santos,Crystal Palace,FW,FW,24,867,Premier League,2025-2026,2,5,28,6,3,4,11,113,18,3,70.9,23,13,57.0,68,7,1,8,2,28,55.8,0.208,0.519,2.907,0.623,0.311,0.415,1.142,11.73,1.869,0.311,2.388,1.349,7.059,0.727,0.104,0.83,0.208,2.907,13.8,66.2,58.8,12.5,83.8,91.2,100.0,57.5,12.5,47.5,76.2,26.9,57.5,61.3,89.4,82.5,20.0,68.8,28.7,83.8,88.1,0.423076923076923,1.4130434782608694,1.0128676470588234,0.37321937321937326,1.4204195804195805,0.8383838383838383,1.2451923076923077,-0.04533789563729697,-1.0978068159432661,-0.7026034712950601,0.40076335877862596,-1.0,-0.0539584254754533,0.2176211453744493,0.07236842105263167,-0.6441917140536151,-0.7502191060473269,-0.5932584269662923,-0.47672552166934196,-0.6767748840528006,0.47715736040609125,0,-2.454,-0.635,Direct Goal Threat / Box Striker [FW]
George Johnson Z,Everton,FW,FW,20,2634,Premier League,2025-2026,14,13,113,34,1,4,35,743,69,2,86.4,82,55,43.5,192,22,11,30,19,57,35.1,0.478,0.444,3.861,1.162,0.034,0.137,1.196,25.387,2.358,0.068,2.802,1.879,6.56,0.752,0.376,1.025,0.649,1.948,58.8,53.8,90.0,55.0,71.2,12.5,40.0,60.0,83.8,75.0,13.8,100.0,71.2,88.8,41.2,86.2,85.0,91.2,82.5,40.0,30.6,1.5769230769230769,1.141304347826087,1.5974264705882353,1.141025641025641,1.2808391608391607,-0.5606060606060606,-0.09134615384615379,0.0008554319931564498,-0.6494188718891589,-0.5393858477970627,-0.5267175572519083,0.43518518518518556,0.1291463954002655,0.6845814977973569,-0.8157894736842103,-0.6238830219333875,-0.5118317265556529,-0.37415730337078673,-0.24077046548956663,-1.0189083125222977,-0.5736040609137053,0,-2.52,-1.462,Direct Goal Threat / Box Striker [FW]
Liam Fernandez,Everton,FW,FW,32,1955,Premier League,2025-2026,11,14,53,34,1,6,28,379,42,0,74.5,51,7,38.3,114,7,0,22,8,8,67.6,0.506,0.645,2.44,1.565,0.046,0.276,1.289,17.448,1.934,0.0,2.348,0.322,5.248,0.322,0.0,1.013,0.368,0.368,63.7,80.0,43.8,71.2,43.8,13.8,78.8,72.5,40.0,52.5,5.6,57.5,56.2,7.5,25.0,35.0,5.6,90.0,43.8,2.5,98.8,1.6965811965811965,1.8695652173913042,0.7267156862745097,1.7150997150997151,0.9138461538461539,-0.49999999999999994,0.576923076923077,0.08041060735671501,-0.9100728872545801,-0.6809078771695594,-0.7862595419847328,-0.6666666666666671,-0.07164971251658556,-0.6872246696035244,-1.157894736842105,-0.9731925264012998,-0.8413672217353199,-0.3876404494382025,-0.39111824505082937,-1.5825900820549412,1.076142131979695,0,-2.781,-2.466,Direct Goal Threat / Box Striker [FW]
Harry Brown B,Everton,W,W,33,2703,Premier League,2025-2026,4,18,29,24,7,13,73,439,102,11,75.9,190,26,48.3,170,43,16,30,14,139,34.3,0.133,0.599,0.966,0.799,0.233,0.433,2.431,14.617,3.396,0.366,6.326,0.866,5.66,1.432,0.533,0.999,0.466,4.628,28.0,94.9,3.4,44.1,59.3,45.8,94.9,81.4,6.8,54.2,55.9,39.0,81.4,16.9,35.6,83.1,45.8,32.2,45.8,79.7,59.3,0.10256410256410259,1.7028985507246375,-0.17647058823529413,0.623931623931624,1.029090909090909,0.44444444444444453,1.3317307692307692,1.0573139435414884,-1.0030205528925078,-0.19292389853137523,0.6106870229007634,-0.5370370370370369,1.6877487837240162,-0.20792951541850233,-0.5,-0.07148659626320072,-0.3742331288343558,-0.40337078651685404,-0.3386837881219904,-0.06278986799857302,-0.6142131979695431,4,-2.234,0.981,Attacking Winger / Ball Carrier [W]
Liam Garcia C,Everton,W,W,18,2681,Premier League,2025-2026,3,13,49,36,3,10,24,812,69,16,82.6,166,77,58.3,203,33,10,40,0,143,26.9,0.101,0.436,1.645,1.209,0.101,0.336,0.806,27.258,2.316,0.537,5.573,2.585,6.815,1.108,0.336,1.343,0.0,4.8,18.6,73.7,15.3,74.6,81.4,20.3,74.6,10.2,47.5,15.3,88.1,91.5,59.3,64.4,76.3,54.2,22.0,73.7,5.9,84.7,21.2,-0.03418803418803416,1.11231884057971,0.23958333333333331,1.2079772079772082,1.3521678321678323,-0.22222222222222213,0.8653846153846154,-0.33276304533789564,-0.5879900190426162,-0.5534045393858479,1.2633587786259544,0.08333333333333257,1.354710305174702,1.3066079295154187,0.15789473684210514,-0.3346872461413485,-0.5468886941279578,-0.0168539325842698,-0.5880149812734083,-0.0014270424545131815,-0.9898477157360405,4,-2.105,0.671,Attacking Winger / Ball Carrier [W]
David Wilson,Everton,AM,AM,32,1417,Premier League,2025-2026,6,5,35,10,7,5,68,687,20,0,84.1,88,15,69.8,93,22,14,25,18,84,37.9,0.381,0.318,2.223,0.635,0.445,0.318,4.319,43.634,1.27,0.0,5.589,0.953,5.907,1.397,0.889,1.588,1.143,5.335,85.7,67.9,52.4,26.2,97.6,83.3,42.9,100.0,42.9,2.4,6.0,73.8,92.9,14.3,100.0,61.9,73.8,90.5,100.0,81.0,54.8,1.1623931623931625,0.6847826086956521,0.5937499999999999,0.39031339031339035,1.0981818181818181,1.5151515151515154,0.7788461538461539,2.6723695466210433,-0.05033160417624274,-0.9025367156208277,-0.7862595419847328,0.2222222222222215,1.361786819991155,-0.13127753303964773,0.9144736842105261,-0.0999187652315191,-0.062226117440841326,0.2584269662921348,0.02354200107009098,0.18943988583660354,-0.4314720812182741,4,-1.434,0.886,Attacking Winger / Ball Carrier [W]
Jack Williams,Everton,CM,CM,34,2471,Premier League,2025-2026,5,4,39,15,5,7,82,1692,205,8,78.8,7,24,37.4,62,50,15,40,23,188,55.1,0.182,0.146,1.42,0.546,0.182,0.255,2.987,61.627,7.467,0.291,0.255,0.874,2.258,1.821,0.546,1.457,0.838,6.847,79.7,52.5,52.5,83.1,74.6,47.5,81.4,98.3,71.2,88.1,52.5,1.7,1.7,35.6,1.7,35.6,18.6,55.9,28.8,66.1,87.3,0.3119658119658119,0.06159420289855067,0.10171568627450975,0.2635327635327636,0.07748251748251746,0.18686868686868688,0.47596153846153844,1.5329341317365268,0.5404163109856196,1.1658878504672894,0.32442748091603046,-0.2685185185185191,-0.9973463069438303,-0.20088105726872257,-1.2171052631578945,0.24451665312753856,-0.36283961437335666,0.11123595505617975,-0.13964686998394865,0.7288619336425259,0.4416243654822336,1,0.026,1.216,Overlapping Wingback / Wide Progressor [FB]
Mateo Silva,Everton,CM,CM,26,504,Premier League,2025-2026,1,0,7,3,1,0,5,287,38,0,84.3,17,10,63.5,13,9,1,7,10,46,55.1,0.179,0.0,1.25,0.536,0.179,0.0,0.893,51.25,6.786,0.0,3.036,1.786,2.321,1.607,0.179,1.25,1.786,8.214,76.3,5.9,39.0,81.4,78.0,44.9,5.9,15.3,39.0,67.8,4.2,39.0,67.8,87.3,76.3,23.7,3.4,39.0,96.6,98.3,87.3,0.2991452991452991,-0.46739130434782605,-0.002450980392156865,0.24928774928774936,0.09510489510489513,0.1717171717171717,-0.7499999999999999,-0.2583404619332763,0.1997176439687438,0.9385847797062747,-0.7862595419847328,0.24074074074074028,0.23264042459088913,0.6026431718061674,0.5,0.07067424857839154,-0.6844872918492549,-0.12134831460674168,0.36757624398073846,1.2165536924723512,0.4416243654822336,1,0.99,0.092,Overlapping Wingback / Wide Progressor [FB]
Marcus Smith J,Everton,DM,DM,34,1491,Premier League,2025-2026,1,3,8,7,0,2,17,1370,69,1,87.5,50,7,41.3,14,57,20,37,18,119,61.8,0.06,0.181,0.483,0.423,0.0,0.121,1.026,82.696,4.165,0.06,3.018,0.423,0.845,3.441,1.207,2.233,1.087,7.183,51.3,97.4,33.3,94.9,64.1,12.8,59.0,61.5,94.9,33.3,15.4,50.0,97.4,17.9,2.6,89.7,15.4,71.8,15.4,38.5,71.8,-0.2094017094017094,0.18840579710144922,-0.4724264705882353,0.08831908831908833,-0.3177622377622378,-0.7323232323232323,-0.16826923076923078,-0.14456800684345597,1.232155755466544,0.06375166889185574,-0.5572519083969465,0.5370370370370369,0.22467934542237952,-0.5982378854625552,-0.9605263157894736,1.5605199025182779,0.21647677475898344,0.9831460674157303,-0.00642054574638845,0.8487334998216196,0.7817258883248729,2,1.901,0.373,Defensive Anchor / Deep Distributor [DM]
Marcus Taylor K,Everton,DM,DM,31,1248,Premier League,2025-2026,0,2,11,2,2,2,12,708,153,4,92.3,12,8,78.9,21,43,22,23,18,77,63.3,0.0,0.144,0.793,0.144,0.144,0.144,0.865,51.058,11.034,0.288,0.865,0.577,1.514,3.101,1.587,1.659,1.298,5.553,16.7,92.3,56.4,35.9,91.0,71.8,64.1,46.2,33.3,100.0,55.1,82.1,25.6,28.2,97.4,61.5,30.8,30.8,23.1,10.3,79.5,-0.46581196581196577,0.054347826086956465,-0.28247549019607837,-0.3091168091168091,-0.13062937062937063,-0.005050505050505054,-0.05769230769230774,-0.28229255774165957,0.19341388141046684,2.356475300400534,0.3129770992366412,0.9814814814814812,-0.7275541795665634,-0.46255506607929536,1.5131578947368423,1.2843216896831846,0.5495179666958808,0.33820224719101116,0.10647405029427506,0.2672136996075632,0.8578680203045683,2,2.445,0.979,Defensive Anchor / Deep Distributor [DM]
Harry Brown L,Everton,FB,FB,22,1382,Premier League,2025-2026,0,1,15,0,3,4,27,723,83,3,72.4,53,16,48.7,54,47,13,26,52,52,46.8,0.0,0.065,0.977,0.0,0.195,0.26,1.758,47.084,5.405,0.195,3.452,1.042,3.517,3.061,0.847,1.693,3.386,3.386,16.9,40.3,75.3,7.1,100.0,62.3,74.0,68.8,37.7,57.1,51.9,5.2,59.7,36.4,23.4,92.2,13.0,61.0,92.2,7.8,57.1,-0.46581196581196577,-0.23188405797101447,-0.16973039215686275,-0.5142450142450142,0.4296503496503496,0.2525252525252526,0.5,0.48160821214713423,0.0629391292927967,0.4776368491321762,-0.04198473282442741,-0.861111111111111,0.41662980981866443,-0.052863436123348075,-0.47368421052631543,1.2518277822908206,-0.0990359333917616,0.37640449438202245,1.2236490101658641,-0.5058865501248663,0.020304568527918707,1,0.723,0.804,Overlapping Wingback / Wide Progressor [FB]
Jack Jones M,Everton,FB,FB,25,986,Premier League,2025-2026,1,1,14,2,5,0,18,356,55,1,82.3,33,8,48.2,33,28,6,19,22,57,54.2,0.091,0.091,1.278,0.183,0.456,0.0,1.643,32.495,5.02,0.091,3.012,0.73,3.012,2.556,0.548,1.734,2.008,5.203,80.5,59.7,89.6,40.3,98.7,100.0,6.5,64.9,3.9,51.9,22.7,76.6,44.2,20.8,19.5,72.7,2.6,62.3,39.0,54.5,84.4,-0.07692307692307693,-0.13768115942028986,0.014705882352941188,-0.2535612535612536,0.2883916083916084,1.570707070707071,-0.7499999999999999,0.3832335329341317,-0.4160483288462803,0.3491321762349797,-0.4389312977099236,0.055555555555555046,0.22202565236620977,-0.3277533039647579,-0.5065789473684207,0.8415922014622259,-0.3610867659947414,0.4224719101123594,0.48635634028892466,0.14234748483767393,0.3959390862944164,1,0.583,0.415,Overlapping Wingback / Wide Progressor [FB]
James Jones,Everton,FB,FB,23,1619,Premier League,2025-2026,1,2,14,2,2,2,12,1112,73,1,73.1,0,32,62.1,44,38,22,22,34,118,45.7,0.056,0.111,0.778,0.111,0.111,0.111,0.667,61.816,4.058,0.056,0.0,1.779,2.446,2.112,1.223,1.223,1.89,6.56,55.8,74.0,57.1,22.1,88.3,27.9,22.1,11.7,80.5,24.7,16.9,9.7,1.3,71.4,76.6,48.1,35.1,19.5,32.5,92.2,49.4,-0.22649572649572647,-0.06521739130434782,-0.29166666666666663,-0.3561253561253562,0.1300699300699301,-0.17171717171717166,-0.21634615384615383,-0.4516680923866553,0.5466215772539235,0.028037383177569965,-0.5725190839694656,-0.7962962962962973,-1.1101282618310482,0.5964757709251101,0.40789473684210537,0.4809098294069863,0.23049956178790545,-0.15168539325842698,0.42322097378277157,0.6264716375312164,-0.03553299492385765,1,1.24,-0.269,Overlapping Wingback / Wide Progressor [FB]
Jack Mendy,Everton,FB,FB,25,2267,Premier League,2025-2026,2,3,10,8,4,3,31,1648,69,4,84.1,39,56,63.0,43,47,17,47,111,135,27.7,0.079,0.119,0.397,0.318,0.159,0.119,1.231,65.426,2.739,0.159,1.548,2.223,1.707,1.866,0.675,1.866,4.407,5.36,71.4,84.4,24.0,74.0,64.9,50.6,26.0,36.4,87.0,5.2,39.0,88.3,13.0,93.5,82.5,29.9,6.5,74.0,100.0,59.7,2.6,-0.1282051282051282,-0.036231884057971044,-0.5251225490196078,-0.06125356125356123,-0.07664335664335664,0.07070707070707076,-0.1778846153846154,0.030795551753635613,0.6651454461881936,-0.41221628838451274,-0.17938931297709917,0.2222222222222215,-0.42547545333923037,0.9876651982378855,0.46710526315789475,0.2810722989439481,-0.24978089395267303,0.5707865168539326,1.7699304440877477,0.19835890117731006,-0.9492385786802029,1,1.28,-0.009,Overlapping Wingback / Wide Progressor [FB]
Arthur Traore,Everton,CB,CB,22,1211,Premier League,2025-2026,1,1,3,0,1,0,7,1196,33,0,90.2,27,2,68.3,17,12,23,21,63,85,65.8,0.074,0.074,0.223,0.0,0.074,0.0,0.52,88.885,2.453,0.0,2.007,0.149,1.263,0.892,1.709,1.561,4.682,6.317,71.4,63.6,7.8,7.8,92.2,87.7,28.6,84.4,96.1,19.5,13.0,56.5,92.2,22.1,39.0,3.9,66.2,23.4,49.4,83.1,62.3,-0.14957264957264957,-0.19927536231884058,-0.6317401960784312,-0.5142450142450142,-0.2008391608391609,-0.35858585858585856,-0.7499999999999999,-0.5774165953806673,1.4353536016810036,-0.5076769025367157,-0.7862595419847328,0.7870370370370372,-0.22246793454223784,-0.8396475770925113,0.8157894736842103,-0.5101543460601138,0.6564417177914111,0.22808988764044927,1.9170679507758164,0.5397788084195505,0.9847715736040606,3,2.936,-1.393,Defensive Stopper / Central Shield [CB]
Thomas Rodriguez,Everton,CB,CB,22,1770,Premier League,2025-2026,0,2,11,1,1,0,3,1193,77,0,93.2,31,4,52.6,13,29,33,33,33,99,61.6,0.0,0.102,0.559,0.051,0.051,0.0,0.153,60.661,3.915,0.0,1.576,0.203,0.661,1.475,1.678,1.678,1.678,5.034,23.4,85.1,51.9,18.2,49.4,77.3,28.6,23.4,57.1,55.8,13.0,85.7,76.6,28.6,3.9,32.5,62.3,29.9,6.5,33.8,48.1,-0.46581196581196577,-0.09782608695652177,-0.42585784313725483,-0.4415954415954416,-0.36923076923076925,-0.47474747474747475,-0.7499999999999999,-0.8913601368691189,0.5087005056142886,-0.019692923898531427,-0.7862595419847328,1.064814814814815,-0.41309155241043777,-0.792070484581498,-0.2171052631578945,-0.03655564581640937,0.6292725679228747,0.35955056179775263,0.3097913322632424,0.08205494113449859,0.7715736040609137,2,2.177,-0.979,Defensive Anchor / Deep Distributor [DM]
Marcus Williams,Everton,CB,CB,25,2733,Premier League,2025-2026,1,3,0,5,2,2,8,1197,164,2,88.9,17,1,73.6,29,55,37,38,76,147,56.0,0.033,0.099,0.0,0.165,0.066,0.066,0.263,39.418,5.401,0.066,0.56,0.033,0.955,1.811,1.218,1.251,2.503,4.841,48.1,80.5,1.9,59.7,77.9,83.1,88.3,39.0,13.0,94.8,43.5,42.9,26.0,11.7,62.3,51.9,32.5,14.3,11.7,26.0,18.2,-0.32478632478632474,-0.10869565217391303,-0.7683823529411764,-0.2792022792022792,-0.28699300699300706,-0.3989898989898989,-0.43269230769230765,-0.7972626176218991,-0.18875172368507462,0.4763017356475298,-0.5343511450381678,0.6666666666666671,-0.8624502432551968,-0.9418502202643175,1.1644736842105259,0.23639317627944756,0.22611744084136723,-0.12022471910112383,0.751203852327448,0.013200142704245424,0.4873096446700508,3,2.234,-1.046,Defensive Stopper / Central Shield [CB]
Jack Williams S,Everton,CB,CB,22,922,Premier League,2025-2026,0,1,7,4,0,1,0,435,35,0,86.0,6,0,60.1,9,27,20,23,23,58,63.5,0.0,0.098,0.683,0.39,0.0,0.098,0.0,42.462,3.416,0.0,0.586,0.0,0.879,2.636,1.952,2.245,2.245,5.662,23.4,79.2,68.8,98.7,71.4,28.6,97.4,5.8,16.9,41.6,13.0,16.2,29.9,5.8,14.9,97.4,79.2,68.8,10.4,58.4,54.5,-0.46581196581196577,-0.11231884057971013,-0.3498774509803921,0.04131054131054135,-0.3082517482517483,-0.7323232323232323,-0.2788461538461538,-1.0222412318220702,-0.08881082145905832,-0.18624833110814426,-0.7862595419847328,0.398148148148148,-0.850950906678461,-0.9709251101321589,0.27631578947368435,0.9065800162469538,0.8694127957931639,0.996629213483146,0.6131621187800964,0.30610060649304305,0.8680203045685279,2,2.491,-1.105,Defensive Anchor / Deep Distributor [DM]
Leo Rodriguez T,Everton,FW,FW,32,1541,Premier League,2025-2026,8,1,46,30,4,0,15,486,28,4,82.1,40,27,49.1,116,11,2,10,2,15,56.9,0.467,0.058,2.687,1.752,0.234,0.0,0.876,28.384,1.635,0.234,2.336,1.577,6.775,0.642,0.117,0.584,0.117,0.876,57.5,2.5,50.0,82.5,76.2,76.2,5.0,33.8,97.5,35.0,58.8,97.5,53.8,73.8,58.8,75.0,26.2,31.2,16.2,10.0,91.2,1.52991452991453,-0.25724637681159424,0.878063725490196,1.9814814814814816,1.340979020979021,0.4494949494949496,-0.7499999999999999,-0.2728828058169376,-0.5510210782060543,-0.7807076101468625,0.10687022900763368,0.03703703703703626,-0.07695709862892523,0.4185022026431718,-0.4473684210526313,-0.7132412672623883,-0.7388255915863278,-0.8696629213483147,-0.5254146602461209,-1.4013556903317876,0.532994923857868,0,-2.321,-1.679,Direct Goal Threat / Box Striker [FW]
Leo Jones V,Fulham,FW,FW,28,1948,Premier League,2025-2026,12,3,66,16,6,4,34,392,38,9,78.9,57,21,27.9,133,10,6,21,17,53,29.4,0.554,0.139,3.049,0.739,0.277,0.185,1.571,18.111,1.756,0.416,2.633,0.97,6.145,0.462,0.277,0.97,0.785,2.449,70.0,3.8,67.5,18.8,60.0,82.5,59.4,91.2,45.0,42.5,91.2,88.8,62.5,33.8,6.9,52.5,67.5,88.8,92.5,66.2,13.8,1.9017094017094018,0.036231884057971044,1.0998774509803921,0.5384615384615385,1.1647552447552447,0.6666666666666669,0.1394230769230769,0.32164242942686044,-0.88830520717053,-0.740320427236315,0.8015267175572518,-0.2592592592592591,0.05440070765148175,-0.11629955947136576,-1.8421052631578945,-0.8594638505280261,-0.5985977212971078,-0.4359550561797754,-0.16800428036383092,-0.8401712450945418,-0.8629441624365481,0,-2.848,-0.559,Direct Goal Threat / Box Striker [FW]
David Jones W,Fulham,FW,FW,30,2452,Premier League,2025-2026,0,13,103,22,8,2,13,576,79,6,76.2,132,50,45.3,126,23,9,22,8,58,40.2,0.0,0.477,3.781,0.808,0.294,0.073,0.477,21.142,2.9,0.22,4.845,1.835,4.625,0.844,0.33,0.808,0.294,2.129,2.5,60.0,85.0,25.0,36.2,88.1,16.2,10.0,66.2,90.0,51.2,71.9,97.5,85.0,48.8,91.2,78.1,65.0,36.2,50.0,51.2,-0.46581196581196577,1.2608695652173911,1.548406862745098,0.6367521367521369,0.7395804195804195,0.7525252525252525,-0.3990384615384615,-0.6142001710863987,-0.7887911222010638,-0.35847797062750336,0.05343511450381684,-0.5092592592592594,1.0327288810260948,0.6458149779735682,-0.6973684210526315,-0.5491470349309505,-0.5521472392638036,-0.6179775280898877,-0.4307116104868914,-0.9543346414555834,-0.31472081218274084,4,-2.168,-0.525,Attacking Winger / Ball Carrier [W]
Carlos Brown X,Fulham,W,W,27,1430,Premier League,2025-2026,2,6,41,16,3,4,45,453,80,2,79.9,62,28,48.3,63,14,14,18,9,52,42.6,0.126,0.378,2.58,1.007,0.189,0.252,2.832,28.51,5.035,0.126,3.902,1.762,3.965,0.881,0.881,1.133,0.566,3.273,25.4,57.6,49.2,55.9,25.4,37.3,35.6,94.9,55.1,88.1,13.6,80.5,28.8,33.9,35.6,23.7,86.4,47.5,61.0,37.3,88.1,0.07264957264957266,0.9021739130434782,0.8125,0.9202279202279201,0.5549650349650349,0.22222222222222227,0.4615384615384615,1.4003421727972625,-0.546884234027185,0.3541388518024031,-0.30534351145038163,-0.16666666666666644,0.6156567890314023,0.5814977973568283,-0.5,-0.5190901705930139,-0.06923751095530233,-0.25280898876404506,-0.2851792402354201,-0.5462004994648592,-0.19289340101522826,4,-1.69,0.474,Attacking Winger / Ball Carrier [W]
Liam Silva,Fulham,W,W,25,1852,Premier League,2025-2026,7,4,71,18,2,8,33,701,62,7,79.5,118,4,41.9,133,21,7,11,4,32,33.0,0.34,0.194,3.45,0.875,0.097,0.389,1.604,34.066,3.013,0.34,5.734,0.194,6.463,1.021,0.34,0.535,0.194,1.555,64.4,15.3,89.8,45.8,76.3,16.9,84.7,40.7,78.0,32.2,52.5,72.0,66.1,5.1,16.9,42.4,25.4,1.7,16.9,5.1,56.8,0.9871794871794873,0.23550724637681159,1.3455882352941178,0.7321937321937323,1.2537062937062937,-0.24242424242424235,1.1201923076923077,0.3498716852010265,-0.3644691049970451,-0.3207610146862484,0.5114503816793894,-0.20370370370370403,1.425917735515259,-0.8000000000000003,-0.9210526315789472,-0.4053614947197402,-0.5433829973707274,-0.9247191011235956,-0.4842161583734618,-1.1591152336782022,-0.680203045685279,4,-2.618,-0.119,Attacking Winger / Ball Carrier [W]
Liam King,Fulham,W,W,23,1257,Premier League,2025-2026,8,5,57,15,2,6,24,124,47,4,85.0,50,28,63.4,77,14,4,17,7,41,26.8,0.573,0.358,4.081,1.074,0.143,0.43,1.718,8.878,3.365,0.286,3.58,2.005,5.513,1.002,0.286,1.217,0.501,2.936,93.2,49.2,96.6,62.7,50.8,28.8,93.2,42.4,1.7,52.5,42.4,94.1,20.3,45.8,89.0,37.3,15.3,57.6,47.5,22.0,18.6,1.9829059829059827,0.8297101449275361,1.732230392156863,1.015669515669516,0.9879720279720279,-0.010101010101010109,1.3173076923076923,0.44739093242087247,-1.1914439556110055,-0.20327102803738314,0.30534351145038163,0.30555555555555536,0.47324192835028767,0.7955947136563877,0.49342105263157887,-0.42079610073111295,-0.5907099035933391,-0.15842696629213485,-0.3199571963616908,-0.6664288262575813,-0.9949238578680201,4,-2.79,-0.172,Attacking Winger / Ball Carrier [W]
Jack Williams A,Fulham,AM,AM,27,1902,Premier League,2025-2026,3,8,30,10,6,2,15,1117,79,4,76.9,55,31,44.3,91,34,5,20,9,91,46.8,0.142,0.379,1.42,0.473,0.284,0.095,0.71,52.855,3.738,0.189,2.603,1.467,4.306,1.609,0.237,0.946,0.426,4.306,26.2,85.7,16.7,16.7,61.9,38.1,7.1,2.4,85.7,26.2,21.4,25.0,28.6,33.3,19.0,78.6,4.8,26.2,26.2,47.6,83.3,0.14102564102564097,0.9057971014492753,0.10171568627450975,0.15954415954415954,0.6503496503496504,0.7020202020202019,-0.2932692307692307,-0.4148845166809239,0.25241315910434026,-0.07877169559412556,-0.06488549618320606,-0.4444444444444443,0.041132242370632656,0.3215859030837005,-0.763157894736842,0.07229894394800973,-0.6336546888694128,-0.4629213483146069,-0.3600856072766186,-0.1776667855868713,0.020304568527918707,4,-0.862,-0.208,Attacking Winger / Ball Carrier [W]
Mateo Johnson,Fulham,AM,AM,20,791,Premier League,2025-2026,2,1,3,12,1,0,22,219,36,7,89.9,38,11,52.6,9,9,5,11,10,19,31.9,0.228,0.114,0.341,1.365,0.114,0.0,2.503,24.918,4.096,0.796,4.324,1.252,1.024,1.024,0.569,1.252,1.138,2.162,45.2,14.3,4.8,97.6,7.1,11.9,2.4,50.0,4.8,28.6,78.6,95.2,76.2,28.6,52.4,31.0,42.9,52.4,97.6,14.3,25.0,0.5085470085470085,-0.05434782608695651,-0.5594362745098039,1.4301994301994303,-0.2676923076923077,-0.1565656565656565,-0.7499999999999999,1.1189050470487596,-0.6648171252216167,0.0407209612817089,2.251908396946565,0.7592592592592597,0.8022998673153473,0.13215859030837,-0.2171052631578945,-0.40292445166531277,-0.34268185801928136,-0.11910112359550572,0.020866773675762403,-0.942561541205851,-0.7360406091370557,5,-1.039,0.763,Advanced Playmaker / Chance Creator [AM]
Lucas Fernandez,Fulham,CM,CM,23,1539,Premier League,2025-2026,0,3,28,8,1,3,38,767,160,3,85.1,35,23,44.1,22,23,22,32,26,49,68.4,0.0,0.175,1.637,0.468,0.058,0.175,2.222,44.854,9.357,0.175,2.047,1.345,1.287,1.345,1.287,1.871,1.52,2.865,8.5,64.4,76.3,69.5,22.0,14.4,45.8,86.4,13.6,96.6,23.7,45.8,22.0,68.6,3.4,15.3,52.5,81.4,79.7,3.4,100.0,-0.46581196581196577,0.1666666666666666,0.2346813725490196,0.15242165242165248,-0.19412587412587418,-0.43939393939393934,0.09134615384615379,0.8785286569717706,-0.01027644625385785,1.7967289719626163,-0.11832061068702289,0.3148148148148141,-0.20477664750110558,0.2140969162995594,-0.7763157894736838,-0.14216084484159225,0.2865907099035933,0.5764044943820223,0.22525414660246126,-0.6917588298251873,1.1167512690355332,1,0.676,0.653,Overlapping Wingback / Wide Progressor [FB]
Oliver Wilson D,Fulham,CM,CM,30,2232,Premier League,2025-2026,5,0,29,3,7,3,36,1432,260,9,83.9,36,51,56.5,82,71,24,17,33,132,48.4,0.202,0.0,1.169,0.121,0.282,0.121,1.452,57.742,10.484,0.363,1.452,2.056,3.306,2.863,0.968,0.685,1.331,5.323,84.7,5.9,30.5,5.1,100.0,84.7,23.7,51.7,59.3,100.0,62.7,31.4,8.5,94.9,42.4,91.5,32.2,8.5,61.0,30.5,45.8,0.39743589743589747,-0.46739130434782605,-0.05208333333333331,-0.3418803418803419,0.3706293706293706,0.6919191919191918,-0.16826923076923078,0.21984602224123173,0.41286361547048384,2.172897196261682,0.599236641221374,0.20370370370370403,-0.4679345422379478,0.8405286343612336,0.039473684210526404,1.0909829406986191,0.007011393514461005,-0.7561797752808989,0.12413055109684323,0.18515875847306462,0.1015228426395939,1,0.632,1.612,Overlapping Wingback / Wide Progressor [FB]
Harry Wilson,Fulham,CM,CM,18,630,Premier League,2025-2026,1,1,14,3,1,1,8,387,44,4,84.1,25,8,63.1,11,18,11,6,12,42,43.3,0.143,0.143,2.0,0.429,0.143,0.143,1.143,55.286,6.286,0.571,3.571,1.143,1.571,2.571,1.571,0.857,1.714,6.0,56.8,47.5,91.5,61.0,37.3,33.1,29.7,27.1,55.9,59.3,89.8,36.4,84.7,54.2,72.9,76.3,81.4,15.3,89.8,51.7,32.2,0.14529914529914525,0.05072463768115936,0.4571078431372549,0.09686609686609687,-0.11468531468531472,-0.010101010101010109,-0.06250000000000006,-0.04448246364414033,0.332227986079191,0.7716955941255004,1.3931297709923662,0.2222222222222215,0.46926138876603296,0.036123348017621085,0.4736842105263159,0.8537774167343625,0.5354951796669588,-0.5629213483146068,0.32905296950240775,0.4266856938993934,-0.1573604060913706,1,0.547,1.125,Overlapping Wingback / Wide Progressor [FB]
Alex Gomez F,Fulham,DM,DM,18,1794,Premier League,2025-2026,2,0,25,4,2,4,9,1256,98,6,95.7,24,6,55.5,14,55,37,54,59,189,77.6,0.1,0.0,1.254,0.201,0.1,0.201,0.452,63.01,4.916,0.301,1.204,0.301,0.702,2.759,1.856,2.709,2.96,9.482,73.1,16.7,97.4,56.4,46.2,55.1,94.9,12.8,64.1,51.3,65.4,97.4,35.9,15.4,35.9,46.2,56.4,97.4,100.0,89.7,100.0,-0.038461538461538436,-0.46739130434782605,0.0,-0.2279202279202279,-0.35776223776223776,-0.22727272727272718,0.21634615384615388,-0.6355859709153123,0.5858231006632083,0.3144192256341789,0.36259541984732824,1.2962962962962967,-0.5776205218929678,-0.7057268722466963,-0.026315789473684112,1.0064987814784727,0.785276073619632,1.5179775280898875,0.9957196361690744,1.6689261505529787,1.5837563451776646,2,3.037,0.348,Defensive Anchor / Deep Distributor [DM]
Arthur Gomez,Fulham,DM,DM,21,898,Premier League,2025-2026,1,1,5,2,0,1,13,752,25,3,93.6,29,10,53.5,11,20,16,20,12,56,59.2,0.1,0.1,0.501,0.2,0.0,0.1,1.303,75.367,2.506,0.301,2.906,1.002,1.102,2.004,1.604,2.004,1.203,5.612,73.1,74.4,35.9,53.8,84.6,12.8,51.3,89.7,82.1,10.3,65.4,94.9,92.3,59.0,30.8,17.9,38.5,59.0,20.5,12.8,60.3,-0.038461538461538436,-0.10507246376811592,-0.4613970588235294,-0.22934472934472933,-0.24587412587412585,-0.7323232323232323,-0.26923076923076916,0.09238665526090664,0.9915293190623155,-0.4899866488651536,0.36259541984732824,1.1018518518518514,0.1751437417072094,-0.08810572687224678,-0.15789473684210514,0.3931762794476036,0.5644171779141105,0.7258426966292134,0.05564472980203323,0.28826257581163034,0.6497461928934012,2,1.61,0.242,Defensive Anchor / Deep Distributor [DM]
Harry Jones H,Fulham,FB,FB,23,914,Premier League,2025-2026,1,1,10,3,3,0,15,478,51,1,82.3,22,9,49.1,22,22,12,13,22,73,33.6,0.098,0.098,0.985,0.295,0.295,0.0,1.477,47.068,5.022,0.098,2.166,0.886,2.166,2.166,1.182,1.28,2.166,7.188,84.4,62.3,76.6,70.1,83.1,87.0,6.5,57.1,35.1,53.2,24.7,76.6,24.7,24.7,26.0,54.5,31.2,26.0,46.8,96.1,9.7,-0.04700854700854699,-0.11231884057971013,-0.16482843137254902,-0.09401709401709403,0.0517482517482517,0.7575757575757575,-0.7499999999999999,0.24123182207014543,0.062413815746273436,0.34979973297730305,-0.4122137404580152,0.055555555555555046,-0.15214506855373724,-0.19030837004405296,-0.4473684210526313,0.5247766043866775,0.1945661700262927,-0.08764044943820232,0.5708935259497058,0.8505173028897608,-0.6497461928934007,1,0.812,0.411,Overlapping Wingback / Wide Progressor [FB]
Marcus Rodriguez I,Fulham,FB,FB,19,2152,Premier League,2025-2026,2,1,29,0,3,3,37,799,137,12,82.1,79,8,48.0,35,44,46,42,104,96,46.3,0.084,0.042,1.213,0.0,0.125,0.125,1.547,33.415,5.73,0.502,3.304,0.335,1.464,1.84,1.924,1.757,4.349,4.015,75.3,27.3,85.7,7.1,49.4,37.0,29.9,62.3,6.5,67.5,98.7,74.0,57.1,13.0,18.2,28.6,85.7,64.9,98.7,16.9,53.2,-0.1068376068376068,-0.3152173913043478,-0.025122549019607796,-0.5142450142450142,-0.14461538461538465,-0.10101010101010095,-0.14903846153846154,0.3011120615911034,-0.3858427999212031,0.5861148197596796,1.1297709923664123,0.03703703703703626,0.3511720477664751,-0.6757709251101324,-0.5197368421052629,0.25995125913891154,0.8448729184925503,0.4483146067415728,1.738897806313537,-0.28148412415269375,-0.005076142131979767,1,1.197,0.494,Overlapping Wingback / Wide Progressor [FB]
Ben Garcia,Fulham,FB,FB,30,1745,Premier League,2025-2026,1,2,12,3,0,2,24,667,62,4,71.7,40,52,51.9,22,38,24,35,50,92,43.9,0.052,0.103,0.619,0.155,0.0,0.103,1.238,34.401,3.198,0.206,2.063,2.682,1.135,1.96,1.238,1.805,2.579,4.745,52.6,70.1,42.9,32.5,39.0,6.5,19.5,37.7,7.8,11.7,57.1,1.3,22.1,96.1,38.3,39.0,39.0,70.1,66.2,37.7,40.3,-0.24358974358974358,-0.09420289855072467,-0.3890931372549019,-0.2934472934472934,-0.23664335664335664,-0.7323232323232323,-0.2548076923076923,0.03678357570573133,-0.35347035261671805,-0.25901201602136187,0.0,-0.9259259259259262,-0.19770013268465267,1.392070484581498,-0.26315789473684204,0.35743298131600326,0.24364592462751974,0.5022471910112357,0.7918673087212416,-0.02104887620406713,-0.12690355329949238,1,0.674,0.083,Overlapping Wingback / Wide Progressor [FB]
Noah Fernandez,Fulham,FB,FB,29,2240,Premier League,2025-2026,3,0,19,8,4,3,69,1093,145,0,75.1,101,51,51.5,1,52,37,39,44,125,38.5,0.121,0.0,0.763,0.321,0.161,0.121,2.772,43.915,5.826,0.0,4.058,2.049,0.04,2.089,1.487,1.567,1.768,5.022,94.8,12.3,54.5,76.0,5.2,51.9,27.3,100.0,26.0,71.4,7.8,16.9,76.6,89.6,35.1,45.5,53.2,54.5,27.3,48.1,20.8,0.051282051282051266,-0.46739130434782605,-0.3008578431372549,-0.05698005698005695,-0.5429370629370629,0.08080808080808087,-0.16826923076923078,1.3490162532078698,-0.04110578501543117,0.618157543391188,-0.7862595419847328,-0.611111111111112,0.6846528084918179,0.8343612334801762,-0.28947368421052616,0.46222583265637696,0.4618755477651184,0.23483146067415714,0.35794542536115576,0.07777381377095968,-0.4010152284263958,1,0.468,1.159,Overlapping Wingback / Wide Progressor [FB]
James Mendy,Fulham,CB,CB,22,869,Premier League,2025-2026,1,0,3,1,1,0,1,530,18,2,87.5,17,4,58.2,7,20,15,25,57,64,60.3,0.104,0.0,0.311,0.104,0.104,0.0,0.104,54.891,1.864,0.207,1.761,0.414,0.725,2.071,1.554,2.589,5.903,6.628,90.3,16.9,16.9,34.4,55.8,98.7,28.6,15.6,39.0,7.8,96.1,24.7,85.7,58.4,10.4,71.4,51.9,85.7,80.5,89.6,40.3,-0.021367521367521385,-0.46739130434782605,-0.5778186274509803,-0.36609686609686615,-0.35132867132867135,-0.20707070707070704,-0.7499999999999999,-0.9332763045337895,0.3192593078994024,-0.7042723631508678,0.0038167938931297743,0.5370370370370369,-0.33126934984520123,-0.6061674008810576,0.15131578947368446,0.44760357432981335,0.5205959684487292,1.38314606741573,2.57035848047084,0.6507313592579379,0.7055837563451774,3,2.996,-1.082,Defensive Stopper / Central Shield [CB]
Oliver Wilson M,Fulham,CB,CB,23,1235,Premier League,2025-2026,0,1,7,4,0,1,3,974,52,3,84.3,5,13,60.7,6,17,30,16,62,71,72.3,0.0,0.073,0.51,0.291,0.0,0.073,0.219,70.98,3.789,0.219,0.364,0.947,0.437,1.239,2.186,1.166,4.518,5.174,23.4,61.0,42.2,83.1,33.8,28.6,92.2,31.2,76.6,53.2,97.4,5.8,15.6,96.1,16.9,16.9,90.9,7.8,48.1,39.0,90.9,-0.46581196581196577,-0.2028985507246377,-0.45588235294117646,-0.09971509971509973,-0.4318881118881119,-0.7323232323232323,-0.3990384615384615,-0.834901625320787,0.8474949110250182,-0.06174899866488653,0.049618320610687064,0.24074074074074028,-0.9491375497567449,-0.13656387665198252,0.31578947368421073,-0.22826969943135658,1.074496056091148,-0.21573033707865188,1.8293204922418405,0.13200142704245454,1.314720812182741,3,2.543,-1.157,Defensive Stopper / Central Shield [CB]
Alex Davies,Fulham,CB,CB,25,2423,Premier League,2025-2026,2,0,19,2,0,1,6,1786,93,2,87.8,12,5,67.0,39,66,34,52,110,152,66.1,0.074,0.0,0.706,0.074,0.0,0.037,0.223,66.339,3.454,0.074,0.446,0.186,1.449,2.452,1.263,1.931,4.086,5.646,71.4,16.9,72.7,23.4,94.8,28.6,68.2,33.8,67.5,44.2,52.6,29.2,20.8,27.3,31.2,92.2,35.1,53.2,36.4,55.8,64.9,-0.14957264957264957,-0.46739130434782605,-0.3357843137254902,-0.40883190883190884,-0.14881118881118882,-0.7323232323232323,-0.5721153846153846,-0.8314798973481609,0.6951211504366668,-0.1735647530040053,-0.5038167938931297,0.5648148148148144,-0.9128704113224236,-0.80704845814978,0.7302631578947368,0.7571080422420796,0.2655565293602103,0.643820224719101,1.598180845371857,0.30039243667499094,0.9999999999999997,3,2.965,-1.236,Defensive Stopper / Central Shield [CB]
James Gomez,Fulham,CB,CB,18,1102,Premier League,2025-2026,1,1,7,2,1,1,8,471,42,0,88.7,13,7,68.5,12,25,33,21,39,71,57.6,0.082,0.082,0.572,0.163,0.082,0.082,0.653,38.466,3.43,0.0,1.062,0.572,0.98,2.042,2.695,1.715,3.185,5.799,80.5,70.1,57.1,58.4,80.5,94.8,94.8,96.1,9.1,42.9,13.0,40.3,57.1,72.7,40.3,66.2,98.7,33.8,19.5,66.2,27.3,-0.11538461538461536,-0.17028985507246375,-0.4178921568627451,-0.28205128205128205,-0.28,-0.3181818181818181,-0.3557692307692307,-0.4636441402908469,-0.22000787970319788,-0.1815754339118825,-0.7862595419847328,0.6481481481481484,-0.6404245908889872,-0.4669603524229077,0.8289473684210525,0.4240454914703492,1.5205959684487291,0.40112359550561794,1.116104868913858,0.3549768105601142,0.5685279187817259,3,2.42,-0.866,Defensive Stopper / Central Shield [CB]
Ben Taylor Q,Fulham,FW,FW,19,2563,Premier League,2025-2026,9,12,107,39,2,5,43,499,53,3,74.1,79,21,34.2,230,19,3,22,0,18,55.0,0.316,0.421,3.757,1.369,0.07,0.176,1.51,17.522,1.861,0.105,2.774,0.737,8.076,0.667,0.105,0.773,0.0,0.632,37.5,43.8,83.8,65.0,93.8,22.5,56.2,86.2,42.5,46.2,20.0,52.5,68.8,22.5,20.0,77.5,21.2,58.8,5.6,7.5,86.2,0.8846153846153847,1.0579710144927534,1.5337009803921569,1.435897435897436,1.704895104895105,-0.3787878787878787,0.0961538461538461,0.26946107784431134,-0.907643312101911,-0.7052736982643525,-0.38549618320610685,-0.7037037037037047,0.11676249447147292,-0.3215859030837006,-1.427631578947368,-0.6929325751421609,-0.7493426818580192,-0.6573033707865169,-0.5880149812734083,-1.488405280057082,0.43654822335025384,0,-3.01,-1.758,Direct Goal Threat / Box Striker [FW]
James Wilson,Ipswich Town,FW,FW,31,2050,Premier League,2025-2026,10,13,29,28,4,2,29,392,47,6,76.7,85,30,40.2,96,4,5,25,7,58,33.0,0.439,0.571,1.273,1.229,0.176,0.088,1.273,17.21,2.063,0.263,3.732,1.317,4.215,0.176,0.22,1.098,0.307,2.546,52.5,71.2,2.5,61.3,26.2,59.4,21.9,67.5,38.8,57.5,68.8,77.5,85.0,60.0,28.7,18.8,50.0,96.2,37.5,70.0,21.9,1.4102564102564101,1.6014492753623186,0.01164215686274504,1.2364672364672367,0.6248951048951049,0.15656565656565655,-0.3269230769230769,0.0667236954662103,-0.917886926259111,-0.6378504672897195,0.21755725190839703,-0.4629629629629631,0.5404688191065903,0.18942731277533031,-1.0328947368421049,-1.0917952883834283,-0.6485539000876424,-0.29213483146067415,-0.4237560192616373,-0.805565465572601,-0.680203045685279,0,-2.673,-1.091,Direct Goal Threat / Box Striker [FW]
Harry Silva,Ipswich Town,FW,FW,22,2367,Premier League,2025-2026,13,5,90,38,5,4,34,727,41,6,68.6,38,30,56.0,131,11,4,14,13,26,57.4,0.494,0.19,3.422,1.445,0.19,0.152,1.293,27.643,1.559,0.228,1.445,1.141,4.981,0.418,0.152,0.532,0.494,0.989,61.3,8.8,76.2,68.8,41.2,63.7,46.2,73.8,96.2,32.5,55.0,14.4,22.5,46.2,85.0,47.5,33.8,25.0,65.0,12.5,92.5,1.6452991452991452,0.22101449275362317,1.3284313725490196,1.5441595441595444,0.8391608391608392,0.22727272727272732,-0.019230769230769246,0.0838323353293412,-0.5753496618294045,-0.8060747663551401,0.08396946564885503,-1.2129629629629641,-0.4710305174701459,0.034361233480176154,0.006578947368421145,-0.8952071486596265,-0.7081507449605609,-0.9280898876404495,-0.3237025147137507,-1.3610417409917948,0.5583756345177664,0,-2.488,-1.817,Direct Goal Threat / Box Striker [FW]
Liam Rodriguez T,Ipswich Town,W,W,21,563,Premier League,2025-2026,3,1,12,9,1,1,9,86,20,1,78.3,45,0,48.3,35,0,6,8,5,20,29.6,0.48,0.16,1.918,1.439,0.16,0.16,1.439,13.748,3.197,0.16,7.194,0.0,5.595,0.0,0.959,1.279,0.799,3.197,84.7,11.9,23.7,91.5,55.9,32.2,20.3,37.3,5.1,44.1,22.9,57.6,94.9,2.5,35.6,1.7,91.5,64.4,83.9,35.6,37.3,1.5854700854700854,0.11231884057971013,0.40686274509803916,1.5356125356125359,1.0109090909090908,0.07575757575757582,0.019230769230769246,0.20872540633019673,-1.0315516448880426,-0.25934579439252337,-0.1755725190839694,-0.31481481481481544,2.071649712516586,-0.9709251101321589,-0.5,-1.2347684809098296,-0.0008764241893076257,-0.08876404494382042,-0.16051364365971105,-0.5733143061006066,-0.8527918781725886,0,-2.263,-0.734,Direct Goal Threat / Box Striker [FW]
Leo Diallo,Ipswich Town,W,W,26,1278,Premier League,2025-2026,4,5,36,16,8,4,26,359,53,3,79.5,37,30,58.6,78,12,6,22,2,35,24.7,0.282,0.352,2.535,1.127,0.563,0.282,1.831,25.282,3.732,0.211,2.606,2.113,5.493,0.845,0.423,1.549,0.141,2.465,54.2,47.5,45.8,69.5,49.2,100.0,50.8,50.8,35.6,61.0,33.9,72.0,10.2,49.2,78.0,22.0,32.2,89.8,15.3,13.6,10.2,0.7393162393162392,0.8079710144927534,0.7849264705882353,1.0911680911680912,0.9823776223776225,2.1111111111111107,0.6057692307692306,0.5440547476475619,-0.6528662420382166,-0.08077436582109478,0.019083969465648873,-0.20370370370370403,0.042459088898717426,0.8907488986784142,0.17763157894736858,-0.5483346872461414,-0.4706397896581945,0.21460674157303353,-0.512573568753344,-0.8344630752764897,-1.1015228426395938,4,-2.407,0.438,Attacking Winger / Ball Carrier [W]
Thomas Jones,Ipswich Town,W,W,19,2022,Premier League,2025-2026,13,6,65,3,7,3,45,585,115,4,80.1,106,50,50.3,74,25,11,27,12,105,43.2,0.579,0.267,2.893,0.134,0.312,0.134,2.003,26.039,5.119,0.178,4.718,2.226,3.294,1.113,0.49,1.202,0.534,4.674,94.9,30.5,64.4,1.7,13.6,83.1,15.3,62.7,40.7,89.8,27.1,83.1,40.7,52.5,50.0,55.9,39.0,55.9,49.2,83.1,90.7,2.0085470085470085,0.5,1.0042892156862744,-0.32336182336182334,0.36727272727272725,0.8434343434343434,-0.10576923076923073,0.6911890504704876,-0.6280123448683433,0.3821762349799731,-0.10687022900763357,-0.14814814814814897,0.9765590446705,0.9903083700440529,-0.368421052631579,-0.33062550771730304,-0.41191936897458364,-0.17528089887640463,-0.30230069555912253,-0.04637887977167317,-0.16243654822335002,4,-1.746,0.457,Attacking Winger / Ball Carrier [W]
Harry Davies W,Ipswich Town,AM,AM,27,2483,Premier League,2025-2026,3,9,67,6,8,7,49,1531,119,10,81.4,131,41,62.3,120,6,14,27,21,37,61.5,0.109,0.326,2.429,0.217,0.29,0.254,1.776,55.493,4.313,0.362,4.748,1.486,4.35,0.217,0.507,0.979,0.761,1.341,19.0,71.4,73.8,2.4,64.3,40.5,31.0,26.2,92.9,40.5,38.1,52.4,83.3,35.7,95.2,2.4,31.0,28.6,72.6,4.8,100.0,0.0,0.7137681159420289,0.7199754901960783,-0.20512820512820512,0.6626573426573426,0.7323232323232323,0.47115384615384615,0.49700598802395207,0.3390242300873334,0.11315086782376485,0.5954198473282443,-0.027777777777777523,0.9898275099513493,0.3383259911894273,0.4210526315789472,-1.058489033306255,-0.397020157756354,-0.4258426966292136,-0.18084537185660782,-1.2354620049946488,0.766497461928934,4,-1.122,0.244,Attacking Winger / Ball Carrier [W]
Harry Evans,Ipswich Town,AM,AM,20,744,Premier League,2025-2026,3,5,22,9,2,2,17,279,35,2,80.6,12,14,52.7,31,9,15,14,2,40,29.9,0.363,0.605,2.661,1.089,0.242,0.242,2.056,33.75,4.234,0.242,1.452,1.694,3.75,1.089,1.815,1.694,0.242,4.839,81.0,100.0,78.6,73.8,45.2,33.3,22.6,35.7,23.8,33.3,23.8,45.2,2.4,45.2,56.0,38.1,100.0,95.2,8.3,64.3,19.0,1.0854700854700854,1.7246376811594202,0.8621323529411764,1.037037037037037,0.4948251748251748,0.4898989898989899,0.4134615384615384,0.7365269461077844,-0.374844047540876,0.08678237650200259,0.13740458015267176,-0.10185185185185266,-0.4679345422379478,0.5215859030837005,-0.21052631578947337,-0.35012185215272146,0.7493426818580192,0.3775280898876403,-0.458533975387908,0.012486621476988992,-0.8375634517766496,4,-1.661,0.16,Attacking Winger / Ball Carrier [W]
Mason Wilson Y,Ipswich Town,CM,CM,31,1531,Premier League,2025-2026,1,3,27,4,2,4,17,1131,116,6,86.8,39,14,54.6,38,38,17,30,19,89,50.5,0.059,0.176,1.587,0.235,0.118,0.235,0.999,66.486,6.819,0.353,2.293,0.823,2.234,2.234,0.999,1.764,1.117,5.232,18.6,66.9,69.5,19.5,72.9,25.4,78.0,23.7,89.8,71.2,60.2,72.0,33.9,32.2,35.6,62.7,33.9,71.2,45.8,27.1,61.0,-0.21367521367521367,0.1702898550724637,0.2040441176470588,-0.1794871794871795,0.07076923076923074,-0.13636363636363633,0.37980769230769224,-0.16766467065868268,0.6999474686453478,0.9495994659546059,0.5610687022900763,0.4722222222222218,-0.09597523219814227,-0.24581497797356844,-0.08552631578947348,0.5800162469536962,0.0341805433829974,0.45617977528089876,0.009630818619582674,0.1526935426328933,0.20812182741116755,1,0.924,0.836,Overlapping Wingback / Wide Progressor [FB]
Arthur Diallo,Ipswich Town,CM,CM,31,2677,Premier League,2025-2026,5,5,23,17,5,0,39,1561,142,16,90.7,71,27,57.0,48,50,0,68,36,177,51.3,0.168,0.168,0.773,0.572,0.168,0.0,1.311,52.48,4.774,0.538,2.387,0.908,1.614,1.681,0.0,2.286,1.21,5.951,67.8,59.3,6.8,86.4,39.0,39.0,5.9,40.7,42.4,23.7,86.4,91.5,39.0,37.3,44.9,27.1,1.7,91.5,55.9,49.2,62.7,0.2521367521367522,0.14130434782608697,-0.2947303921568627,0.30056980056980054,-0.10265734265734265,0.11616161616161626,-0.7499999999999999,0.099230111206159,0.24010112285770555,0.2670226969292389,1.2671755725190843,0.8333333333333336,-0.054400707651481556,-0.17092511013215866,0.07236842105263167,0.13078797725426486,-0.8413672217353199,1.0426966292134832,0.0593900481540931,0.40920442383160877,0.24873096446700496,1,0.709,0.464,Overlapping Wingback / Wide Progressor [FB]
Ben Gomez,Ipswich Town,CM,CM,28,1221,Premier League,2025-2026,2,4,20,7,4,3,16,632,84,1,84.4,54,0,70.3,38,24,20,19,25,103,34.0,0.147,0.295,1.474,0.516,0.295,0.221,1.179,46.585,6.192,0.074,3.98,0.0,2.801,1.769,1.474,1.4,1.843,7.592,61.0,96.6,61.0,79.7,89.8,89.8,71.2,33.9,23.7,57.6,8.5,40.7,93.2,4.2,94.9,30.5,71.2,50.8,99.2,86.4,10.2,0.16239316239316234,0.6014492753623187,0.13480392156862742,0.22079772079772084,0.22937062937062938,0.7575757575757575,0.3125,-0.013686911890504716,0.04655591306060803,0.740320427236315,-0.5038167938931297,0.25000000000000033,0.6501547987616101,-0.9709251101321589,0.9473684210526313,0.20227457351746542,0.4504820333041192,0.04719101123595485,0.3980738362760835,0.994648590795576,-0.6294416243654821,1,0.642,0.435,Overlapping Wingback / Wide Progressor [FB]
Jack Evans,Ipswich Town,DM,DM,32,1722,Premier League,2025-2026,3,2,6,6,3,1,21,1026,146,5,84.3,43,23,63.6,20,51,21,33,41,138,62.2,0.157,0.105,0.314,0.314,0.157,0.052,1.098,53.624,7.631,0.261,2.247,1.202,1.045,2.666,1.098,1.725,2.143,7.213,94.9,76.9,17.9,82.1,79.5,79.5,25.6,67.9,38.5,79.5,51.3,30.8,61.5,82.1,71.8,43.6,12.8,38.5,76.9,41.0,74.4,0.20512820512820512,-0.08695652173913046,-0.5759803921568627,-0.06695156695156694,-0.26181818181818184,0.060606060606060656,-0.5,-0.08297690333618475,0.277661041434106,1.2206275033377836,0.20992366412213748,0.24074074074074028,-0.11632021229544447,0.08810572687224659,0.5065789473684211,0.9309504467912266,0.12094653812445234,0.41235955056179774,0.5585874799357945,0.8594363182304673,0.802030456852792,2,1.79,0.665,Defensive Anchor / Deep Distributor [DM]
Harry Fernandez,Ipswich Town,DM,DM,19,1675,Premier League,2025-2026,1,1,14,4,0,1,17,1438,47,9,87.5,15,5,64.2,2,42,31,44,47,119,53.1,0.054,0.054,0.752,0.215,0.0,0.054,0.913,77.266,2.525,0.484,0.806,0.269,0.107,2.257,1.666,2.364,2.525,6.394,42.3,41.0,53.8,59.0,15.4,12.8,29.5,51.3,89.7,12.8,89.7,50.0,23.1,12.8,79.5,28.2,41.0,84.6,89.7,30.8,33.3,-0.23504273504273504,-0.27173913043478265,-0.30759803921568624,-0.20797720797720798,-0.5241958041958042,-0.7323232323232323,-0.49038461538461536,-0.24123182207014543,1.0538774706152736,-0.48364485981308414,1.0610687022900764,0.5370370370370369,-0.7536488279522335,-0.7339207048458152,0.5460526315789476,0.5987002437043056,0.6187554776511831,1.130337078651685,0.7629748528624933,0.5672493756689261,0.34010152284263967,2,2.426,-0.036,Defensive Anchor / Deep Distributor [DM]
Alex Fernandez D,Ipswich Town,FB,FB,25,1318,Premier League,2025-2026,1,1,6,3,3,8,28,566,62,2,71.9,41,27,43.5,34,37,15,21,51,89,46.1,0.068,0.068,0.41,0.205,0.205,0.546,1.912,38.649,4.234,0.137,2.8,1.844,2.322,2.527,1.024,1.434,3.483,6.077,63.0,44.8,26.0,45.5,85.7,67.5,100.0,76.6,16.9,27.3,33.8,2.6,37.7,76.6,9.1,70.1,20.8,39.0,96.1,79.2,50.6,-0.17521367521367517,-0.22101449275362317,-0.5171568627450981,-0.22222222222222224,0.09538461538461537,0.303030303030303,1.875,0.6133447390932419,-0.21399960601484014,0.08678237650200259,-0.2633587786259541,-0.9074074074074073,0.1282618310482088,0.6537444933920706,-0.8157894736842103,0.8180341186027622,0.05609114811568804,0.08539325842696611,1.2755484216158377,0.45415626114876906,-0.01522842639593894,1,0.339,1.147,Overlapping Wingback / Wide Progressor [FB]
Ben Johnson F,Ipswich Town,FB,FB,32,771,Premier League,2025-2026,1,1,9,1,3,1,16,541,40,0,85.2,30,16,54.0,25,6,14,19,20,48,41.7,0.117,0.117,1.051,0.117,0.35,0.117,1.868,63.152,4.669,0.0,3.502,1.868,2.918,0.7,1.634,2.218,2.335,5.603,92.9,82.5,81.8,23.4,96.1,96.1,24.7,72.7,83.1,40.3,7.8,89.6,61.0,77.9,46.1,1.3,66.2,88.3,54.5,64.9,31.2,0.03418803418803422,-0.0434782608695652,-0.12438725490196081,-0.3475783475783476,0.2620979020979021,1.0353535353535352,-0.18749999999999994,0.5757057313943542,0.5904852583886007,0.23197596795727612,-0.7862595419847328,0.3240740740740742,0.43874391862007966,0.6748898678414098,-0.12499999999999989,-0.6661251015434607,0.5907099035933391,0.9662921348314605,0.6613162118780097,0.2850517302889759,-0.23857868020304543,1,0.696,0.613,Overlapping Wingback / Wide Progressor [FB]
Lucas Evans,Ipswich Town,FB,FB,21,1975,Premier League,2025-2026,1,1,10,4,3,5,26,1232,136,2,83.8,97,1,57.6,24,68,25,18,48,90,54.5,0.046,0.046,0.456,0.182,0.137,0.228,1.185,56.142,6.197,0.091,4.42,0.046,1.094,3.099,1.139,0.82,2.187,4.101,46.1,32.5,32.5,39.0,37.7,40.9,64.9,31.2,70.1,77.9,22.7,87.0,87.0,3.9,64.9,93.5,24.7,3.9,49.4,19.5,86.4,-0.2692307692307692,-0.3007246376811594,-0.4889705882352941,-0.254985754985755,-0.2481118881118881,-0.040404040404040296,0.34615384615384615,-0.008554319931565448,0.36033226081817593,0.7419893190921226,-0.4389312977099236,0.19444444444444398,0.8447589562140647,-0.9303964757709253,0.11184210526315806,1.2826969943135664,0.1568799298860649,-0.6044943820224721,0.5821294810058855,-0.2508027113806637,0.41116751269035534,1,1.365,0.465,Overlapping Wingback / Wide Progressor [FB]
Gabriel Jones,Ipswich Town,CB,CB,22,2618,Premier League,2025-2026,0,2,15,3,1,1,4,1676,151,3,91.7,29,16,55.9,15,48,28,41,144,165,70.5,0.0,0.069,0.516,0.103,0.034,0.034,0.138,57.617,5.191,0.103,0.997,0.55,0.516,1.65,0.963,1.409,4.95,5.672,23.4,58.4,44.2,32.5,41.6,60.4,61.7,19.5,44.2,89.6,66.2,71.4,53.2,67.5,7.1,39.0,18.8,18.2,53.2,59.7,85.1,-0.46581196581196577,-0.21739130434782605,-0.4522058823529411,-0.36752136752136755,-0.4097902097902098,-0.5606060606060606,-0.5865384615384615,-0.904191616766467,0.4087596033882723,0.4062082777036046,-0.3931297709923664,0.9259259259259262,-0.6691729323308271,-0.4863436123348019,0.0,0.1056051990251827,0.002629272567922877,0.05730337078651678,2.0604601391118247,0.30966821262932553,1.2233502538071066,3,2.73,-1.142,Defensive Stopper / Central Shield [CB]
Liam Santos,Ipswich Town,CB,CB,29,2616,Premier League,2025-2026,0,2,25,6,2,1,13,1717,60,3,86.0,82,9,74.5,20,31,19,68,194,134,50.7,0.0,0.069,0.86,0.206,0.069,0.034,0.447,59.071,2.064,0.103,2.821,0.31,0.688,1.067,0.654,2.339,6.674,4.61,23.4,58.4,84.4,71.4,51.9,85.7,61.7,71.4,49.4,13.0,66.2,16.2,100.0,41.6,67.5,11.7,5.2,74.0,96.1,16.9,7.8,-0.46581196581196577,-0.21739130434782605,-0.24142156862745098,-0.2207977207977208,-0.3616783216783217,-0.38383838383838376,-0.5865384615384615,-0.6398631308810949,0.4564974719285573,-0.6375166889185581,-0.3931297709923664,0.398148148148148,0.13754975674480338,-0.697797356828194,1.2236842105263157,-0.36799350121852165,-0.2681858019281332,1.1022471910112357,2.9828785446762978,-0.06921155904388154,0.21827411167512709,3,2.618,-1.523,Defensive Stopper / Central Shield [CB]
James Lopez J,Ipswich Town,CB,CB,21,642,Premier League,2025-2026,0,1,4,0,0,0,2,387,30,0,86.4,2,6,75.1,6,7,14,19,38,39,69.1,0.0,0.14,0.561,0.0,0.0,0.0,0.28,54.252,4.206,0.0,0.28,0.841,0.841,0.981,1.963,2.664,5.327,5.467,23.4,96.1,53.2,7.8,63.6,28.6,28.6,42.9,33.8,71.4,13.0,20.8,11.7,90.9,72.1,9.1,80.5,89.6,61.0,48.1,77.9,-0.46581196581196577,0.03985507246376815,-0.4246323529411764,-0.5142450142450142,-0.3188811188811189,-0.7323232323232323,-0.7499999999999999,-0.7827202737382378,0.29827959813513694,0.07743658210947936,-0.7862595419847328,0.43518518518518556,-0.9862892525431225,-0.22995594713656403,1.2631578947368416,-0.43785540211210405,0.8790534618755479,1.4674157303370787,2.262172284644195,0.23653228683553312,1.1522842639593904,3,3.319,-1.588,Defensive Stopper / Central Shield [CB]
Gabriel Traore K,Ipswich Town,CB,CB,24,2626,Premier League,2025-2026,1,3,16,4,1,2,11,2622,67,3,87.6,17,12,69.4,54,47,30,60,47,157,64.1,0.034,0.103,0.548,0.137,0.034,0.069,0.377,89.863,2.296,0.103,0.583,0.411,1.851,1.611,1.028,2.056,1.611,5.381,50.6,87.0,50.6,48.1,100.0,60.4,90.9,59.7,97.4,15.6,66.2,26.0,28.6,55.8,44.2,37.7,20.8,58.4,3.9,44.2,57.1,-0.3205128205128205,-0.09420289855072467,-0.43259803921568624,-0.3190883190883191,-0.0363636363636364,-0.5606060606060606,-0.4182692307692307,-0.699743370402053,1.4674633922122267,-0.5600801068090788,-0.3931297709923664,0.5462962962962956,-0.8522777532065459,-0.6088105726872248,0.8881578947368424,0.07392363931762792,0.059596844872918546,0.7842696629213483,0.27394328517924027,0.2058508740635034,0.8984771573604058,3,2.293,-0.974,Defensive Stopper / Central Shield [CB]
Liam Evans,Ipswich Town,FW,FW,31,1148,Premier League,2025-2026,4,6,27,8,2,0,11,153,29,6,67.5,4,13,45.2,76,5,2,10,9,8,37.6,0.314,0.47,2.117,0.627,0.157,0.0,0.862,11.995,2.274,0.47,0.314,1.019,5.958,0.392,0.157,0.784,0.706,0.627,36.2,58.8,23.8,13.8,56.2,51.2,5.0,32.5,16.2,70.0,96.2,8.1,2.5,36.9,47.5,43.8,36.2,60.0,87.5,6.2,42.5,0.8760683760683761,1.2355072463768113,0.5287990196078431,0.378917378917379,1.1124475524475526,0.060606060606060656,-0.7499999999999999,-0.28485885372112923,-1.0891063103289778,-0.5674232309746329,1.0076335877862594,-1.3148148148148153,-0.9712516585581601,-0.07312775330396494,-0.7039473684210522,-0.916328188464663,-0.7037686240140227,-0.6449438202247192,-0.21027287319422155,-1.4901890831252231,-0.446700507614213,0,-2.342,-1.633,Direct Goal Threat / Box Striker [FW]
Liam Fernandez M,Ipswich Town,FW,FW,34,2538,Premier League,2025-2026,14,12,115,21,0,6,40,408,42,7,73.2,104,72,27.9,224,15,12,26,12,79,37.3,0.496,0.426,4.078,0.745,0.0,0.213,1.418,14.468,1.489,0.248,3.688,2.553,7.943,0.532,0.426,0.922,0.426,2.801,62.5,47.5,93.8,20.0,92.5,6.2,67.5,82.5,25.0,30.0,65.6,45.6,83.8,98.8,6.9,60.0,88.8,82.5,51.2,80.0,40.6,1.6538461538461537,1.076086956521739,1.7303921568627452,0.5470085470085471,1.6676923076923076,-0.7323232323232323,0.2740384615384615,0.1907613344739092,-1.007912535294504,-0.8294392523364486,0.1603053435114504,-0.7870370370370372,0.5210084033613448,1.2784140969162996,-1.8421052631578945,-0.8025995125913892,-0.4680105170902717,-0.4898876404494383,-0.3600856072766186,-0.7145915090973957,-0.4619289340101523,0,-3.442,-0.894,Direct Goal Threat / Box Striker [FW]
David Brown,Leicester City,FW,FW,23,670,Premier League,2025-2026,4,3,17,4,2,1,7,93,33,0,71.9,22,11,54.6,68,5,0,5,4,29,25.2,0.537,0.403,2.284,0.537,0.269,0.134,0.94,12.493,4.433,0.0,2.955,1.478,9.134,0.672,0.0,0.672,0.537,3.896,67.5,38.8,35.0,10.0,97.5,80.0,38.8,42.5,20.0,100.0,5.6,33.8,72.5,68.8,82.5,78.8,5.6,46.2,68.8,97.5,8.8,1.8290598290598292,0.9927536231884058,0.631127450980392,0.2507122507122508,2.0008391608391607,0.6262626262626264,-0.10576923076923073,-0.21813515825491883,-1.0727559261934467,0.15320427236315073,-0.7862595419847328,-0.9074074074074073,0.19681556833259636,0.3312775330396475,-0.08552631578947348,-0.6888708367181154,-0.8413672217353199,-0.7707865168539326,-0.30069555912252544,-0.3239386371744561,-1.0761421319796953,0,-2.595,-1.057,Direct Goal Threat / Box Striker [FW]
Thomas King O,Leicester City,FW,FW,19,620,Premier League,2025-2026,5,3,28,7,1,2,7,137,16,1,78.1,13,5,29.7,31,2,1,6,0,4,33.0,0.726,0.435,4.065,1.016,0.145,0.29,1.016,19.887,2.323,0.145,1.887,0.726,4.5,0.29,0.145,0.871,0.0,0.581,92.5,51.2,91.9,38.8,32.5,42.5,85.0,48.8,57.5,73.8,31.2,86.2,37.5,21.2,11.2,32.5,31.2,73.8,5.6,5.0,21.9,2.6367521367521367,1.1086956521739129,1.7224264705882355,0.9330484330484331,0.7046153846153846,0.0,0.644230769230769,-0.1531223267750214,-0.829995403506468,-0.5510680907877169,-0.23282442748091603,-0.3333333333333342,-0.27554179566563464,-0.33127753303964774,-1.7236842105263155,-0.999187652315191,-0.7142857142857142,-0.5471910112359551,-0.5880149812734083,-1.506600071352123,-0.680203045685279,0,-3.459,-1.721,Direct Goal Threat / Box Striker [FW]
Dan Williams,Leicester City,W,W,29,1139,Premier League,2025-2026,7,3,38,5,3,5,27,598,52,4,91.2,103,8,44.9,37,18,8,17,0,39,32.5,0.553,0.237,3.003,0.395,0.237,0.395,2.133,47.252,4.109,0.316,8.139,0.632,2.924,1.422,0.632,1.343,0.0,3.082,89.8,23.7,72.9,17.8,8.5,47.5,86.4,71.2,100.0,72.9,47.5,100.0,100.0,8.5,22.0,78.8,57.6,73.7,5.9,27.1,51.7,1.8974358974358976,0.39130434782608686,1.0716911764705883,0.04843304843304848,0.26377622377622373,0.46464646464646464,1.1490384615384615,0.8023952095808382,0.06845492153128901,0.045060080106809,0.41984732824427484,0.8796296296296299,2.4896063688633348,-0.41409691629955964,-0.7236842105263157,-0.07961007311129172,-0.2874671340929009,-0.0168539325842698,-0.5880149812734083,-0.614341776667856,-0.7055837563451774,4,-1.988,1.126,Attacking Winger / Ball Carrier [W]
Ben Smith,Leicester City,W,W,27,1019,Premier League,2025-2026,0,3,13,12,3,2,14,255,21,0,76.6,50,23,42.9,71,26,3,19,7,43,30.6,0.0,0.265,1.148,1.06,0.265,0.177,1.237,22.522,1.855,0.0,4.416,2.031,6.271,2.296,0.265,1.678,0.618,3.798,7.6,28.8,5.1,61.0,74.6,61.0,22.0,27.1,25.4,13.6,2.5,42.4,33.9,47.5,20.3,100.0,13.6,94.9,66.1,54.2,39.0,-0.46581196581196577,0.49275362318840576,-0.06495098039215691,0.9957264957264959,1.2,0.6060606060606062,0.10096153846153841,0.035928143712574884,-0.7434828288134482,-0.7072763684913217,-0.7862595419847328,-0.47222222222222315,0.8429898275099518,0.818502202643172,-0.8552631578947367,0.6303818034118602,-0.6091148115687992,0.35955056179775263,-0.25735687533440343,-0.3589011773100251,-0.8020304568527916,4,-1.324,0.109,Attacking Winger / Ball Carrier [W]
Jack Rodriguez,Leicester City,W,W,28,2599,Premier League,2025-2026,4,7,82,27,7,4,51,1070,38,6,67.9,178,108,50.3,86,18,12,28,22,88,38.4,0.139,0.242,2.84,0.935,0.242,0.139,1.766,37.053,1.316,0.208,6.164,3.74,2.978,0.623,0.416,0.97,0.762,3.047,30.5,25.4,62.7,50.8,10.2,51.7,16.9,44.1,86.4,5.1,32.2,1.7,76.3,91.5,50.0,11.9,30.5,25.4,78.0,23.7,74.6,0.12820512820512825,0.4094202898550724,0.971813725490196,0.8176638176638178,0.2788811188811189,0.4898989898989899,-0.08173076923076916,0.4884516680923866,-0.2663996322805176,-0.8871829105473965,0.007633587786259549,-1.277777777777778,1.6160990712074306,2.3242290748898684,-0.368421052631579,-0.7286758732737613,-0.476774758983348,-0.4359550561797754,-0.1803103263777421,-0.6268283981448448,-0.4060913705583756,4,-2.32,0.365,Attacking Winger / Ball Carrier [W]
George Gomez,Leicester City,AM,AM,21,795,Premier League,2025-2026,2,2,14,6,3,1,23,504,15,1,84.4,50,11,37.0,50,8,5,12,4,30,27.4,0.226,0.226,1.585,0.679,0.34,0.113,2.604,57.057,1.698,0.113,5.66,1.245,5.66,0.906,0.566,1.358,0.453,3.396,42.9,35.7,21.4,33.3,92.9,53.6,9.5,59.5,97.6,7.1,19.0,76.2,95.2,26.2,4.8,21.4,38.1,64.3,31.0,28.6,11.9,0.5,0.35144927536231885,0.20281862745098037,0.4529914529914531,1.029090909090909,0.984848484848485,-0.2067307692307692,1.2053036783575706,0.3903736292599646,-0.7596795727636849,-0.3549618320610686,0.25000000000000033,1.3931888544891644,0.1259911894273128,-1.2434210526315785,-0.4987814784727864,-0.3453111305872042,0.0,-0.34563937934724454,-0.5023189439885838,-0.964467005076142,4,-1.708,0.49,Attacking Winger / Ball Carrier [W]
Marcus Santos,Leicester City,AM,AM,28,2183,Premier League,2025-2026,8,0,58,23,2,8,79,1157,104,15,84.7,94,63,56.2,113,41,8,30,12,140,40.6,0.33,0.0,2.391,0.948,0.082,0.33,3.257,47.7,4.288,0.618,3.875,2.597,4.659,1.69,0.33,1.237,0.495,5.772,66.7,4.8,69.0,61.9,69.0,7.1,46.4,85.7,64.3,38.1,57.1,81.0,64.3,90.5,71.4,85.7,11.9,50.0,47.6,90.5,69.0,0.9444444444444445,-0.46739130434782605,0.6966911764705882,0.8361823361823362,0.749090909090909,-0.3181818181818181,0.8365384615384616,1.763900769888794,0.0831637008339353,0.10480640854472631,1.5725190839694656,0.27777777777777785,0.603715170278638,1.3171806167400884,0.019736842105263434,0.13809910641754666,-0.5521472392638036,-0.13595505617977527,-0.323167469234885,0.3453442739921513,-0.29441624365482216,5,-1.413,1.819,Advanced Playmaker / Chance Creator [AM]
Oliver Diallo,Leicester City,CM,CM,32,1539,Premier League,2025-2026,2,1,25,6,1,7,14,1113,56,7,83.9,36,23,58.5,18,26,7,27,10,106,53.9,0.117,0.058,1.462,0.351,0.058,0.409,0.819,65.088,3.275,0.409,2.105,1.345,1.053,1.52,0.409,1.579,0.585,6.199,43.2,16.9,57.6,44.1,11.9,14.4,100.0,10.2,84.7,8.5,72.0,31.4,23.7,68.6,54.2,20.3,10.2,62.7,13.6,55.9,80.5,0.03418803418803422,-0.25724637681159424,0.12745098039215683,-0.01424501424501426,-0.2595804195804196,-0.43939393939393934,1.2163461538461537,-0.32164242942686067,0.6540481975178932,-0.2333110814419226,0.7748091603053434,0.20370370370370403,-0.1791242812914639,0.2140969162995594,0.17105263157894743,0.0,-0.48290972830850126,0.24831460674157288,-0.2750133761369717,0.4976810560114162,0.3807106598984771,1,0.468,0.557,Overlapping Wingback / Wide Progressor [FB]
David Taylor V,Leicester City,CM,CM,25,1176,Premier League,2025-2026,0,1,21,3,3,1,15,515,91,4,80.6,31,0,64.2,22,5,6,16,7,96,52.2,0.0,0.077,1.607,0.23,0.23,0.077,1.148,39.413,6.964,0.306,2.372,0.0,1.684,0.383,0.459,1.224,0.536,7.347,8.5,20.3,73.7,16.9,42.4,71.2,13.6,28.8,8.5,79.7,54.2,10.2,37.3,4.2,79.7,1.7,13.6,37.3,8.5,83.1,67.8,-0.46581196581196577,-0.18840579710144928,0.21629901960784312,-0.18660968660968658,-0.08307692307692312,0.4292929292929294,-0.3798076923076923,-0.0402053036783577,-0.18891588416836316,0.9979973297730307,0.3816793893129771,-0.10185185185185266,-0.0610349402919062,-0.9709251101321589,0.5460526315789476,-0.9236393176279448,-0.43908851884311995,-0.15056179775280912,-0.3012306046013911,0.9072422404566537,0.2944162436548225,1,0.646,0.272,Overlapping Wingback / Wide Progressor [FB]
Gabriel Brown W,Leicester City,CM,CM,28,1649,Premier League,2025-2026,3,1,15,6,1,4,36,1102,102,13,90.1,49,17,68.7,50,20,32,24,14,63,45.3,0.164,0.055,0.819,0.327,0.055,0.218,1.965,60.146,5.567,0.71,2.674,0.928,2.729,1.092,1.747,1.31,0.764,3.438,66.1,14.4,10.2,39.0,84.7,11.9,68.6,76.3,64.4,33.9,98.3,88.1,55.9,39.0,93.2,5.1,96.6,42.4,23.7,6.8,39.0,0.23504273504273507,-0.26811594202898553,-0.2665441176470588,-0.0484330484330484,0.20923076923076922,-0.45454545454545453,0.2980769230769231,0.6586826347305389,0.4917919758355769,0.5317089452603471,1.9236641221374045,0.7777777777777772,0.07253427686864226,-0.15330396475770933,0.8421052631578949,-0.3476848090982941,0.689745836985101,-0.05393258426966297,-0.1792402354200107,-0.48733499821619697,-0.05583756345177671,1,0.436,1.055,Overlapping Wingback / Wide Progressor [FB]
Jack King,Leicester City,DM,DM,30,2086,Premier League,2025-2026,2,2,19,3,1,3,25,1296,23,0,90.5,0,30,70.3,19,74,49,40,19,207,67.7,0.086,0.086,0.82,0.129,0.043,0.129,1.079,55.916,0.992,0.0,0.0,1.294,0.82,3.193,2.114,1.726,0.82,8.931,64.1,65.4,61.5,33.3,59.0,28.2,61.5,64.1,46.2,2.6,7.7,71.8,3.8,89.7,92.3,74.4,71.8,41.0,10.3,82.1,92.3,-0.09829059829059832,-0.1557971014492754,-0.2659313725490196,-0.33048433048433046,-0.32475524475524475,-0.5151515151515151,-0.1298076923076923,-0.0992301112061592,0.3529122069735372,-0.9953271028037383,-0.7862595419847328,0.8148148148148148,-1.1101282618310482,0.16916299559471365,0.9473684210526313,1.3590576766856217,1.0113935144609991,0.4134831460674156,-0.14927768860353133,1.47235105244381,1.0812182741116751,2,2.459,-0.257,Defensive Anchor / Deep Distributor [DM]
Noah Rodriguez,Leicester City,DM,DM,27,907,Premier League,2025-2026,0,2,12,1,1,1,5,478,47,2,96.2,10,13,59.5,0,23,25,20,21,96,45.7,0.0,0.198,1.191,0.099,0.099,0.099,0.496,47.431,4.664,0.198,0.992,1.29,0.0,2.282,2.481,1.985,2.084,9.526,16.7,100.0,89.7,28.2,5.1,51.3,48.7,17.9,25.6,43.6,38.5,100.0,28.2,87.2,48.7,33.3,94.9,56.4,74.4,92.3,10.3,-0.46581196581196577,0.25,-0.038602941176470555,-0.37321937321937326,-0.5541258741258741,-0.23232323232323224,-0.2740384615384615,-0.5979469632164244,0.07433186683301582,0.23030707610146842,-0.030534351145038087,1.342592592592593,-0.6713843432109686,0.16563876651982376,0.23684210526315794,0.619008935824533,1.3330411919368974,0.7044943820224719,0.5270197966827181,1.6846236175526221,-0.03553299492385765,2,2.369,0.434,Defensive Anchor / Deep Distributor [DM]
Carlos Williams,Leicester City,FB,FB,32,687,Premier League,2025-2026,0,1,4,2,2,1,8,469,44,0,77.0,17,7,62.8,12,9,9,14,15,34,49.3,0.0,0.131,0.524,0.262,0.262,0.131,1.048,61.441,5.764,0.0,2.227,0.917,1.572,1.179,1.179,1.834,1.965,4.454,16.9,92.9,37.7,60.4,55.8,77.3,32.5,23.4,79.2,68.8,7.8,31.2,26.0,31.2,79.2,9.1,29.9,71.4,36.4,29.9,70.1,-0.46581196581196577,0.007246376811594209,-0.4473039215686274,-0.141025641025641,-0.1144055944055944,0.5909090909090909,-0.12019230769230765,-0.125748502994012,0.5343095410072888,0.5974632843791722,-0.7862595419847328,-0.43518518518518556,-0.12516585581601058,-0.16299559471365646,0.45394736842105243,-0.2770105605199025,0.19193689745836992,0.5348314606741573,0.46334938469769943,-0.1248662147698896,0.14720812182741108,1,1.171,-0.036,Overlapping Wingback / Wide Progressor [FB]
James Diallo,Leicester City,FB,FB,26,1002,Premier League,2025-2026,1,1,19,0,1,0,22,741,82,4,79.1,30,1,73.3,21,21,23,11,28,56,52.4,0.09,0.09,1.707,0.0,0.09,0.0,1.976,66.557,7.365,0.359,2.695,0.09,1.886,1.886,2.066,0.988,2.515,5.03,79.2,58.4,96.1,7.1,74.0,23.4,6.5,80.5,92.2,90.9,87.0,59.1,33.8,6.5,100.0,33.8,92.2,11.7,62.3,49.4,81.8,-0.0811965811965812,-0.14130434782608697,0.2775735294117647,-0.5142450142450142,-0.026573426573426626,-0.27777777777777773,-0.7499999999999999,0.6680923866552608,0.702278547508044,1.1318424566088117,0.5839694656488549,-0.2407407407407416,0.08182220256523666,-0.8916299559471368,1.1447368421052628,0.2973192526401299,0.969325153374233,-0.4157303370786518,0.7576243980738364,0.08062789867998572,0.3045685279187817,1,1.566,0.446,Overlapping Wingback / Wide Progressor [FB]
Dan Lopez,Leicester City,FB,FB,31,1630,Premier League,2025-2026,1,0,9,6,0,3,36,851,148,0,75.7,3,49,46.5,0,32,13,22,40,112,44.3,0.055,0.0,0.497,0.331,0.0,0.166,1.988,46.988,8.172,0.0,0.166,2.706,0.0,1.767,0.718,1.215,2.209,6.184,54.5,12.3,36.4,79.2,2.6,6.5,46.8,81.8,33.8,94.8,7.8,22.1,2.6,97.4,13.6,26.0,7.8,18.2,50.6,83.1,42.9,-0.23076923076923075,-0.46739130434782605,-0.46384803921568624,-0.042735042735042694,-0.5541258741258741,-0.7323232323232323,0.048076923076923114,0.6783575705731394,0.05978724801365809,1.4012016021361815,-0.7862595419847328,-0.5555555555555557,-1.0367094206103495,1.4132158590308372,-0.6184210526315788,0.2006498781478472,-0.21209465381244522,-0.1606741573033708,0.5939004815409311,0.4923296468069925,-0.10659898477157366,1,0.942,0.675,Overlapping Wingback / Wide Progressor [FB]
Dan Rodriguez C,Leicester City,FB,FB,30,1369,Premier League,2025-2026,1,1,26,3,3,2,36,717,70,5,77.8,23,29,49.7,11,56,20,27,34,63,52.9,0.066,0.066,1.709,0.197,0.197,0.131,2.367,47.137,4.602,0.329,1.512,1.907,0.723,3.682,1.315,1.775,2.235,4.142,60.4,41.6,97.4,44.2,19.5,64.3,32.5,97.4,39.0,36.4,77.9,46.8,10.4,84.4,27.3,100.0,46.8,66.2,51.9,20.8,83.1,-0.18376068376068375,-0.22826086956521738,0.27879901960784315,-0.2336182336182336,-0.35188811188811187,0.2626262626262627,-0.12019230769230765,1.0025662959794694,0.0646792304156543,0.20961281708945262,0.4694656488549619,-0.3611111111111117,-0.4413976116762494,0.709251101321586,-0.4078947368421049,1.7562956945572705,0.31113058720420683,0.4685393258426964,0.6078116639914393,-0.23617552622190507,0.32994923857868014,1,0.866,1.157,Overlapping Wingback / Wide Progressor [FB]
Harry Diallo,Leicester City,CB,CB,28,2098,Premier League,2025-2026,2,1,16,8,1,1,5,519,76,1,90.9,25,7,50.2,8,45,57,43,116,155,57.5,0.086,0.043,0.686,0.343,0.043,0.043,0.214,22.264,3.26,0.043,1.072,0.3,0.343,1.93,2.445,1.845,4.976,6.649,83.1,46.1,70.1,96.1,23.4,72.7,77.9,29.9,1.3,39.0,33.8,63.6,58.4,40.3,2.6,61.0,96.1,46.8,54.5,90.9,25.3,-0.09829059829059832,-0.3115942028985507,-0.34803921568627444,-0.025641025641025585,-0.4581818181818182,-0.5151515151515151,-0.5432692307692307,-0.8391787852865698,-0.7519535097511328,-0.2383177570093459,-0.6221374045801525,0.8518518518518523,-0.6360017691287041,-0.7066079295154186,-0.37499999999999967,0.33306255077173025,1.301489921121823,0.5471910112359549,2.074371321562333,0.6582233321441312,0.5634517766497462,3,2.515,-1.28,Defensive Stopper / Central Shield [CB]
Harry Johnson E,Leicester City,CB,CB,18,2205,Premier League,2025-2026,1,1,13,7,2,1,12,1344,69,0,92.0,44,6,70.7,43,56,28,61,79,50,63.8,0.041,0.041,0.531,0.286,0.082,0.041,0.49,54.857,2.816,0.0,1.796,0.245,1.755,2.286,1.143,2.49,3.224,2.041,53.9,43.5,45.5,81.8,98.7,94.8,76.0,81.2,37.7,26.0,13.0,73.4,87.0,32.5,51.9,85.7,24.7,84.4,22.1,1.3,55.8,-0.2905982905982906,-0.3188405797101449,-0.4430147058823529,-0.10683760683760686,-0.06321678321678327,-0.3181818181818181,-0.5528846153846153,-0.6030795551753636,0.31814301661304084,-0.3865153538050735,-0.7862595419847328,0.9537037037037037,-0.31578947368421045,-0.7550660792951545,0.9736842105263159,0.6222583265637693,0.1603856266432954,1.2719101123595506,1.1369716425896204,-0.9857295754548699,0.8832487309644668,3,2.396,-1.301,Defensive Stopper / Central Shield [CB]
Lucas Fernandez F,Leicester City,CB,CB,30,2696,Premier League,2025-2026,1,3,11,5,1,1,5,2014,38,2,94.3,27,5,75.3,23,62,49,14,184,239,74.3,0.033,0.1,0.367,0.167,0.033,0.033,0.167,67.233,1.269,0.067,0.901,0.167,0.768,2.07,1.636,0.467,6.142,7.978,48.1,82.5,22.1,61.0,57.1,57.1,57.8,24.7,71.4,2.6,47.4,95.5,39.0,25.3,75.3,70.1,58.4,2.6,85.7,100.0,93.5,-0.32478632478632474,-0.10507246376811592,-0.5435049019607843,-0.27635327635327633,-0.3393006993006993,-0.5656565656565655,-0.5913461538461537,-0.8793840889649273,0.7244730448486442,-0.9028704939919893,-0.5305343511450381,1.1666666666666665,-0.7116320212295445,-0.8237885462555068,1.2763157894736838,0.446791226645004,0.5924627519719544,-1.001123595505618,2.6982343499197436,1.1323581876560826,1.4162436548223347,3,3.392,-1.807,Defensive Stopper / Central Shield [CB]
Marcus Wilson,Leicester City,CB,CB,20,2081,Premier League,2025-2026,0,1,8,1,0,0,7,1158,33,4,87.8,7,8,68.7,0,43,25,68,121,116,58.0,0.0,0.043,0.346,0.043,0.0,0.0,0.303,50.082,1.427,0.173,0.303,0.346,0.0,1.86,1.081,2.941,5.233,5.017,23.4,46.1,20.8,15.6,5.8,28.6,28.6,48.1,26.0,3.9,92.2,29.2,13.0,45.5,41.6,55.8,23.4,96.1,59.7,32.5,29.2,-0.46581196581196577,-0.3115942028985507,-0.5563725490196079,-0.45299145299145305,-0.5541258741258741,-0.7323232323232323,-0.7499999999999999,-0.7630453378956373,0.1613697550725589,-0.8501335113484646,-0.12595419847328243,0.5648148148148144,-0.9761167624944715,-0.6660792951541853,0.8421052631578949,0.2761982128350935,0.10604732690622261,1.7786516853932581,2.2118780096308184,0.07599001070281844,0.5888324873096447,3,3.16,-1.488,Defensive Stopper / Central Shield [CB]
Thomas King H,Leicester City,FW,FW,21,1998,Premier League,2025-2026,9,13,62,24,3,2,21,122,59,5,70.1,106,26,34.6,160,14,6,13,12,44,48.7,0.405,0.586,2.793,1.081,0.135,0.09,0.946,5.495,2.658,0.225,4.775,1.171,7.207,0.631,0.27,0.586,0.541,1.982,48.8,73.8,55.0,45.0,88.8,36.2,23.8,43.8,1.2,83.8,53.8,21.2,96.2,50.0,21.2,71.2,66.2,32.5,70.0,41.2,73.8,1.2649572649572651,1.6557971014492752,0.9430147058823529,1.0256410256410258,1.4618181818181817,-0.05050505050505041,-0.3173076923076923,-0.21300256629597955,-1.3025149386039794,-0.4392523364485982,0.07251908396946571,-1.074074074074075,1.0017691287041137,0.06079295154185019,-1.4013157894736838,-0.7221770917952884,-0.6047326906222611,-0.8674157303370787,-0.2985553772070626,-1.0067784516589369,0.11675126903553319,0,-3.165,-1.418,Direct Goal Threat / Box Striker [FW]
George Rodriguez I,Leicester City,FW,FW,33,490,Premier League,2025-2026,0,2,21,6,1,2,4,33,0,0,83.4,11,6,58.0,31,3,2,4,2,9,42.9,0.0,0.367,3.857,1.102,0.184,0.367,0.735,6.061,0.0,0.0,2.02,1.102,5.694,0.551,0.367,0.735,0.367,1.653,2.5,28.1,87.5,48.8,50.0,61.3,95.0,26.2,2.5,3.1,5.6,98.8,43.8,43.8,91.2,61.3,82.5,51.2,42.5,32.5,59.4,-0.46581196581196577,0.8623188405797101,1.5949754901960784,1.0555555555555558,1.0386013986013987,0.196969696969697,1.0144230769230769,-0.3934987168520103,-1.2839319718957254,-1.3264352469959946,-0.7862595419847328,0.15740740740740772,-0.2167182662538699,0.0,0.13815789473684217,-0.7871649065800163,-0.5197195442594216,-0.7000000000000001,-0.39165329052969505,-1.124152693542633,-0.17766497461928932,0,-1.946,-1.6,Direct Goal Threat / Box Striker [FW]
James King,Liverpool,FW,FW,27,2446,Premier League,2025-2026,5,20,41,45,8,1,28,454,45,13,68.5,58,54,41.8,99,16,9,16,15,30,26.1,0.184,0.736,1.509,1.656,0.294,0.037,1.03,16.705,1.656,0.478,2.134,1.987,3.643,0.589,0.331,0.589,0.552,1.104,11.2,88.8,7.5,76.2,15.0,88.1,10.0,51.2,35.0,36.2,97.5,12.5,47.5,92.5,36.2,66.2,80.0,35.0,71.2,13.8,10.0,0.3205128205128205,2.1992753623188404,0.15624999999999992,1.8447293447293447,0.46489510489510477,0.7525252525252525,-0.5721153846153846,-0.14114627887082978,-0.9344671350712458,-0.77369826435247,1.0381679389312977,-1.2222222222222228,-0.16629809818664304,0.7797356828193834,-0.9276315789473684,-0.7562956945572706,-0.551270815074496,-0.8640449438202249,-0.2926698769395399,-1.3200142704245452,-1.0304568527918778,0,-3.111,-0.935,Direct Goal Threat / Box Striker [FW]
Ben King,Liverpool,FW,FW,29,2429,Premier League,2025-2026,10,6,81,50,4,2,4,733,74,7,81.4,75,21,50.6,104,5,9,26,0,33,36.7,0.371,0.222,3.001,1.853,0.148,0.074,0.148,27.159,2.742,0.259,2.779,0.778,3.853,0.185,0.333,0.963,0.0,1.223,45.0,12.5,63.7,85.0,20.0,45.6,17.5,2.5,92.5,85.0,67.5,95.0,70.0,26.2,65.0,21.2,81.2,87.5,5.6,16.9,38.8,1.1196581196581197,0.3369565217391304,1.0704656862745097,2.1253561253561255,0.5236363636363637,0.015151515151515164,-0.3942307692307692,-0.8956372968349017,-0.5912403966117278,-0.411214953271028,0.20229007633587792,-0.027777777777777523,0.11897390535161441,-0.2854625550660794,-0.34868421052631554,-1.0844841592201464,-0.5495179666958808,-0.44382022471910126,-0.5880149812734083,-1.2775597574027828,-0.49238578680203016,0,-2.187,-1.69,Direct Goal Threat / Box Striker [FW]
Leo Jones L,Liverpool,W,W,26,808,Premier League,2025-2026,4,5,22,5,0,3,11,264,16,3,77.2,51,11,62.8,33,2,4,10,5,48,31.6,0.446,0.557,2.45,0.557,0.0,0.334,1.225,29.406,1.782,0.334,5.681,1.225,3.676,0.223,0.446,1.114,0.557,5.347,77.1,91.5,40.7,28.8,16.9,7.6,71.2,25.4,59.3,11.9,50.8,46.6,62.7,18.6,86.4,5.1,33.9,42.4,54.2,89.8,45.8,1.4401709401709402,1.5507246376811594,0.732843137254902,0.2792022792022793,0.47412587412587415,-0.7323232323232323,0.8557692307692308,0.025662959794696343,-0.5174666754218925,-0.7316421895861148,0.4885496183206108,-0.4166666666666668,1.4024767801857587,0.10837004405286345,0.45394736842105243,-1.0536149471974006,-0.4504820333041192,-0.27415730337078653,-0.2899946495452113,0.19372101320014276,-0.7512690355329946,4,-2.03,-0.436,Attacking Winger / Ball Carrier [W]
Ben Lopez,Liverpool,W,W,23,1992,Premier League,2025-2026,6,9,82,5,1,7,23,362,129,1,75.2,113,85,35.2,123,14,15,16,22,62,9.4,0.271,0.407,3.705,0.226,0.045,0.316,1.039,16.355,5.828,0.045,5.105,3.84,5.557,0.633,0.678,0.723,0.994,2.801,47.5,62.7,94.9,3.4,54.2,15.3,64.4,13.6,10.2,100.0,6.8,28.8,52.5,93.2,3.4,13.6,62.7,6.8,96.6,16.9,3.4,0.6923076923076924,1.007246376811594,1.5018382352941175,-0.1923076923076923,1.0002797202797205,-0.505050505050505,0.7692307692307692,-0.13344739093242097,-0.9459583689014381,0.6188251001335113,-0.614503816793893,-0.601851851851852,1.1477222467934547,2.4123348017621145,-1.3618421052631573,-0.7205523964256703,-0.24715162138475014,-0.7134831460674158,-0.056179775280898875,-0.7145915090973957,-1.878172588832487,4,-2.84,0.411,Attacking Winger / Ball Carrier [W]
George Rodriguez N,Liverpool,W,W,34,2336,Premier League,2025-2026,3,11,54,10,7,8,67,740,92,10,85.0,120,76,57.6,141,24,14,28,28,86,24.9,0.116,0.424,2.08,0.385,0.27,0.308,2.581,28.51,3.545,0.385,4.623,2.928,5.432,0.925,0.539,1.079,1.079,3.313,22.0,66.1,30.5,15.3,47.5,66.1,61.0,86.4,55.1,55.9,59.3,94.1,35.6,81.4,72.9,28.8,47.5,40.7,98.3,40.7,11.9,0.02991452991452994,1.0688405797101448,0.5061274509803921,0.03418803418803422,0.9653146853146855,0.6313131313131314,0.7307692307692307,1.1856287425149699,-0.546884234027185,-0.14319092122830449,0.6832061068702291,0.30555555555555536,0.934542237947811,1.6088105726872248,0.11184210526315806,-0.4833468724614135,-0.36897458369851,-0.3134831460674159,-0.010700909577314082,-0.5319300749197289,-1.0913705583756343,4,-1.907,1.218,Attacking Winger / Ball Carrier [W]
Harry Smith,Liverpool,AM,AM,31,2731,Premier League,2025-2026,7,6,63,25,13,10,75,1431,214,9,74.7,187,66,51.2,110,33,23,25,26,143,38.1,0.231,0.198,2.076,0.824,0.428,0.33,2.472,47.159,7.052,0.297,6.163,2.175,3.625,1.088,0.758,0.824,0.857,4.713,47.6,26.2,42.9,50.0,42.9,78.6,46.4,47.6,59.5,76.2,31.0,14.3,100.0,81.0,45.2,35.7,60.7,21.4,81.0,59.5,59.5,0.5213675213675214,0.25,0.5036764705882353,0.6595441595441596,0.4598601398601398,1.4292929292929293,0.8365384615384616,1.0923866552609067,0.0654015365421235,1.0273698264352467,0.34732824427480913,-0.6481481481481484,1.6156567890314024,0.945374449339207,-0.30921052631578916,-0.35093419983753044,-0.17703768624014019,-0.6000000000000002,-0.12948100588550027,-0.03246521584017131,-0.42131979695431454,4,-1.777,1.831,Attacking Winger / Ball Carrier [W]
Harry Wilson P,Liverpool,AM,AM,30,2074,Premier League,2025-2026,4,4,54,9,10,7,53,1094,147,14,85.4,66,50,44.4,99,26,6,30,14,61,14.9,0.174,0.174,2.343,0.391,0.434,0.304,2.3,47.473,6.379,0.608,2.864,2.17,4.296,1.128,0.26,1.302,0.608,2.647,31.0,20.2,64.3,9.5,59.5,81.0,35.7,45.2,61.9,64.3,54.8,88.1,35.7,78.6,21.4,42.9,7.1,59.5,59.5,19.0,2.4,0.27777777777777773,0.16304347826086948,0.6672794117647058,0.04273504273504278,0.6475524475524477,1.4595959595959598,0.7115384615384615,0.9452523524379809,0.07571081489263896,0.8027369826435243,1.534351145038168,0.34259259259259295,0.1565678903140204,0.9409691629955947,-0.7565789473684209,-0.31844029244516664,-0.6134969325153373,-0.0629213483146068,-0.26270733012306047,-0.7695326435961471,-1.5989847715736039,5,-1.813,1.979,Advanced Playmaker / Chance Creator [AM]
Arthur Silva Q,Liverpool,CM,CM,18,1591,Premier League,2025-2026,2,6,25,4,5,5,46,1362,124,4,84.1,44,17,67.9,32,49,27,15,6,79,43.7,0.113,0.339,1.414,0.226,0.283,0.283,2.602,77.046,7.014,0.226,2.489,0.962,1.81,2.772,1.527,0.849,0.339,4.469,40.7,100.0,50.8,15.3,49.2,86.4,84.7,94.9,96.6,81.4,39.8,36.4,45.8,44.1,91.5,84.7,76.3,13.6,3.4,15.3,35.6,0.01709401709401711,0.7608695652173914,0.09803921568627445,-0.1923076923076923,-0.04783216783216784,0.6969696969696969,0.6105769230769229,1.2035928143712573,1.0466544093505814,1.014686248331108,0.07633587786259549,0.2222222222222215,-0.009287925696594387,-0.1233480176211455,0.7894736842105267,1.017059301380991,0.4969325153374233,-0.5719101123595507,-0.4066345639379348,-0.11951480556546556,-0.13705583756345155,1,0.372,1.516,Overlapping Wingback / Wide Progressor [FB]
Jack Traore,Liverpool,CM,CM,31,2106,Premier League,2025-2026,4,2,33,10,8,2,66,1050,82,6,99.6,89,37,64.4,26,54,28,54,27,133,36.4,0.171,0.085,1.41,0.427,0.342,0.085,2.821,44.872,3.504,0.256,3.803,1.581,1.111,2.308,1.197,2.308,1.154,5.684,69.5,28.8,49.2,59.3,15.3,98.3,16.9,96.6,15.3,11.9,45.8,100.0,91.5,79.7,81.4,66.1,45.8,93.2,49.2,37.3,16.9,0.264957264957265,-0.15942028985507245,0.09558823529411759,0.09401709401709403,-0.24335664335664337,0.9949494949494951,-0.3413461538461538,1.3909324208725407,-0.009685468514019361,-0.15687583444592795,0.19083969465648862,1.657407407407407,0.5718708536045999,0.42202643171806165,0.5592105263157898,0.6401299756295694,0.20771253286590718,1.0674157303370784,0.029427501337613668,0.3139493399928648,-0.5076142131979695,1,0.677,1.411,Overlapping Wingback / Wide Progressor [FB]
Lucas Evans T,Liverpool,DM,DM,24,1096,Premier League,2025-2026,1,1,9,5,1,1,8,777,47,5,83.8,35,8,53.4,11,24,22,18,30,93,44.3,0.082,0.082,0.739,0.411,0.082,0.082,0.657,63.805,3.859,0.411,2.874,0.657,0.903,1.971,1.807,1.478,2.464,7.637,61.5,61.5,48.7,92.3,71.8,43.6,41.0,25.6,66.7,28.2,82.1,28.2,89.7,33.3,28.2,15.4,53.8,15.4,84.6,53.8,5.1,-0.11538461538461536,-0.17028985507246375,-0.31556372549019607,0.07122507122507121,-0.30153846153846153,-0.3181818181818181,-0.3557692307692307,-0.4602224123182207,0.6119246175060739,-0.03838451268357817,0.782442748091603,0.19444444444444398,0.16099071207430357,-0.3920704845814979,-0.16447368421052627,0.3663688058489034,0.7423312883435582,0.13483146067415716,0.7303370786516855,1.0107028184088473,-0.10659898477157366,2,1.458,0.34,Defensive Anchor / Deep Distributor [DM]
Mason Williams U,Liverpool,DM,DM,34,2321,Premier League,2025-2026,1,1,22,7,4,4,33,1447,219,4,88.4,71,26,44.1,21,87,26,56,53,240,48.8,0.039,0.039,0.853,0.271,0.155,0.155,1.28,56.109,8.492,0.155,2.753,1.008,0.814,3.374,1.008,2.171,2.055,9.306,35.9,35.9,64.1,76.9,53.8,76.9,69.2,87.2,48.7,89.7,23.1,60.3,84.6,61.5,7.7,84.6,10.3,69.2,69.2,87.2,23.1,-0.29914529914529914,-0.3260869565217391,-0.24571078431372548,-0.12820512820512817,-0.32643356643356647,0.050505050505050546,-0.004807692307692311,0.07271171941830622,0.359248801628472,1.5080106809078773,-0.19465648854961828,0.6203703703703708,0.10747456877487853,-0.08281938325991198,-0.7763157894736838,1.5060926076360686,0.04206836108676603,0.9134831460674154,0.5115034777956128,1.6061362825544057,0.1218274111675126,2,1.94,1.572,Defensive Anchor / Deep Distributor [DM]
David Rodriguez V,Liverpool,FB,FB,31,776,Premier League,2025-2026,0,1,6,3,0,1,20,613,42,4,76.5,22,20,62.2,24,22,8,14,27,43,43.1,0.0,0.116,0.696,0.348,0.0,0.116,2.32,71.095,4.871,0.464,2.552,2.32,2.784,2.552,0.928,1.624,3.131,4.987,16.9,80.5,49.4,81.8,93.5,6.5,23.4,96.1,98.7,45.5,96.1,26.0,31.2,94.8,77.9,71.4,16.9,57.1,85.7,46.8,36.4,-0.46581196581196577,-0.047101449275362306,-0.34191176470588236,-0.018518518518518535,0.22461538461538452,-0.7323232323232323,-0.19230769230769226,0.9623609923011118,0.8512706021406526,0.29939919893190925,0.9847328244274809,-0.4814814814814819,0.018575851393188972,1.0731277533039647,0.4144736842105265,0.8383428107229896,-0.028045574057843924,0.298876404494382,1.0872124130551097,0.06528719229397069,-0.16751269035532979,1,0.968,1.113,Overlapping Wingback / Wide Progressor [FB]
David Smith,Liverpool,FB,FB,22,1963,Premier League,2025-2026,2,0,27,9,4,7,32,1024,96,3,73.0,77,28,61.7,34,46,21,34,61,83,46.9,0.092,0.0,1.238,0.413,0.183,0.321,1.467,46.949,4.401,0.138,3.53,1.284,1.559,2.109,0.963,1.559,2.797,3.805,81.8,12.3,88.3,93.5,54.5,55.8,89.6,54.5,32.5,35.1,35.7,7.8,62.3,48.1,75.3,46.8,18.2,50.0,75.3,13.0,58.4,-0.07264957264957266,-0.46739130434782605,-0.00980392156862746,0.07407407407407407,-0.11804195804195808,0.19191919191919193,0.7932692307692307,0.23267750213858,0.05850679624400803,0.14252336448598116,-0.2595419847328243,-0.805555555555556,0.45112781954887227,0.16035242290748897,0.38157894736842124,0.4784727863525589,0.002629272567922877,0.2258426966292133,0.9085072231139649,-0.35640385301462724,0.025380710659898473,1,0.528,0.388,Overlapping Wingback / Wide Progressor [FB]
Leo Evans,Liverpool,FB,FB,19,2733,Premier League,2025-2026,2,3,43,7,1,6,27,1589,106,0,85.9,88,41,64.0,91,82,44,53,60,159,47.4,0.066,0.099,1.416,0.231,0.033,0.198,0.889,52.327,3.491,0.0,2.898,1.35,2.997,2.7,1.449,1.745,1.976,5.236,60.4,64.9,92.2,51.9,97.4,13.0,57.1,19.5,59.7,16.9,7.8,90.9,40.3,51.9,84.4,79.2,50.6,63.6,37.7,57.1,64.9,-0.18376068376068375,-0.10869565217391303,0.09926470588235288,-0.18518518518518517,0.28419580419580415,-0.5656565656565655,0.20192307692307696,-0.2617621899059025,0.23507781206907863,-0.16121495327102806,-0.7862595419847328,0.38888888888888923,0.17160548429898292,0.21850220264317186,0.5328947368421053,0.9585702680747362,0.42857142857142866,0.4348314606741573,0.4692348849652221,0.15412058508740617,0.05076142131979695,1,1.299,-0.082,Overlapping Wingback / Wide Progressor [FB]
Mateo Wilson Y,Liverpool,FB,FB,34,783,Premier League,2025-2026,0,0,1,2,1,3,12,341,28,3,77.4,28,17,50.6,13,19,15,16,18,46,42.3,0.0,0.0,0.115,0.23,0.115,0.345,1.379,39.195,3.218,0.345,3.218,1.954,1.494,2.184,1.724,1.839,2.069,5.287,16.9,12.3,10.4,50.6,51.9,29.9,92.9,49.4,18.2,13.0,85.7,38.3,54.5,88.3,32.5,55.8,74.0,72.7,40.3,58.4,32.5,-0.46581196581196577,-0.46739130434782605,-0.6979166666666666,-0.18660968660968658,-0.13622377622377624,-0.15151515151515144,0.9086538461538459,0.15739948674080406,-0.19607328123974002,-0.25233644859813087,0.5305343511450381,-0.398148148148148,0.3131357806280408,0.7506607929515419,-0.34868421052631554,0.5393988627132414,0.6695880806310254,0.540449438202247,0.5189941144997325,0.17231537638244726,-0.20812182741116755,1,0.728,1.104,Overlapping Wingback / Wide Progressor [FB]
Ben Smith Z,Liverpool,CB,CB,21,1888,Premier League,2025-2026,0,2,16,2,2,0,2,768,109,2,87.8,4,6,91.8,0,29,52,56,78,121,67.7,0.0,0.095,0.763,0.095,0.095,0.0,0.095,36.61,5.196,0.095,0.191,0.286,0.0,1.382,2.479,2.669,3.718,5.768,23.4,75.3,75.3,26.0,5.8,97.4,28.6,13.0,6.5,90.9,58.4,29.2,7.8,36.4,100.0,24.7,97.4,90.9,28.6,63.6,70.1,-0.46581196581196577,-0.12318840579710144,-0.3008578431372549,-0.378917378917379,-0.5541258741258741,-0.25252525252525243,-0.7499999999999999,-0.9409751924721985,-0.2809442510998753,0.40787716955941233,-0.4236641221374045,0.5648148148148144,-1.025652366209642,-0.7189427312775333,2.3618421052631575,-0.11210398050365568,1.3312883435582823,1.4730337078651685,1.4012841091492778,0.3439172315376381,1.0812182741116751,3,3.446,-1.196,Defensive Stopper / Central Shield [CB]
Jack Wilson,Liverpool,CB,CB,24,1223,Premier League,2025-2026,1,1,8,0,0,0,3,1184,54,1,93.8,2,3,61.6,12,29,25,30,54,80,57.3,0.074,0.074,0.589,0.0,0.0,0.0,0.221,87.13,3.974,0.074,0.147,0.221,0.883,2.134,1.84,2.208,3.974,5.887,71.4,63.6,58.4,7.8,72.7,28.6,28.6,32.5,94.8,63.6,52.6,91.6,5.2,29.9,20.8,77.9,72.7,63.6,33.8,68.8,23.4,-0.14957264957264957,-0.19927536231884058,-0.4074754901960784,-0.5142450142450142,-0.30713286713286714,-0.7323232323232323,-0.7499999999999999,-0.833190761334474,1.3777332720467528,0.0,-0.5038167938931297,1.1203703703703702,-1.0451127819548873,-0.7762114537444936,0.3750000000000001,0.4987814784727863,0.77125328659071,0.955056179775281,1.538255751738898,0.3863717445594004,0.5532994923857867,3,3.255,-1.002,Defensive Stopper / Central Shield [CB]
Noah Rodriguez B,Liverpool,CB,CB,25,1055,Premier League,2025-2026,0,1,9,2,0,0,4,637,13,0,88.5,4,10,72.9,4,27,24,24,52,60,59.7,0.0,0.085,0.768,0.171,0.0,0.0,0.341,54.341,1.109,0.0,0.341,0.853,0.341,2.303,2.047,2.047,4.436,5.118,23.4,71.4,76.6,63.6,22.1,28.6,28.6,57.1,35.1,1.3,13.0,37.7,14.3,93.5,61.0,87.0,83.1,57.1,45.5,36.4,36.4,-0.46581196581196577,-0.15942028985507245,-0.2977941176470588,-0.2706552706552706,-0.45874125874125876,-0.7323232323232323,-0.7499999999999999,-0.7305389221556887,0.3012016547376715,-0.956275033377837,-0.7862595419847328,0.6296296296296295,-0.9593100398053958,-0.21938325991189442,1.1184210526315792,0.636068237205524,0.9526730937773884,0.7741573033707866,1.785446762974853,0.11202283267927222,0.6751269035532996,3,3.001,-1.547,Defensive Stopper / Central Shield [CB]
Lucas Jones C,Liverpool,CB,CB,28,1847,Premier League,2025-2026,0,2,11,2,0,0,0,1194,37,1,94.3,42,8,67.1,30,40,29,21,104,133,58.9,0.0,0.097,0.536,0.097,0.0,0.0,0.0,58.181,1.803,0.049,2.047,0.39,1.462,1.949,1.413,1.023,5.068,6.481,23.4,77.3,46.8,28.6,96.1,28.6,28.6,5.8,45.5,5.2,36.4,95.5,93.5,51.9,33.1,62.3,42.9,6.5,57.1,87.0,32.5,-0.46581196581196577,-0.11594202898550723,-0.4399509803921568,-0.3760683760683761,-0.14517482517482522,-0.7323232323232323,-0.7499999999999999,-1.0222412318220702,0.4272769059032109,-0.7246328437917223,-0.5992366412213739,1.1666666666666665,-0.20477664750110558,-0.6273127753303966,0.7368421052631575,0.3484971567831032,0.39702015775635413,-0.37640449438202267,2.1235955056179776,0.5982875490545843,0.6345177664974618,3,2.779,-1.54,Defensive Stopper / Central Shield [CB]
Gabriel Smith,Liverpool,FW,FW,33,1782,Premier League,2025-2026,11,14,47,40,5,6,19,537,74,3,73.2,27,8,33.7,77,12,2,15,9,36,41.2,0.556,0.707,2.374,2.02,0.253,0.303,0.96,27.121,3.737,0.152,1.364,0.404,3.889,0.606,0.101,0.758,0.455,1.818,71.9,86.2,41.2,92.5,21.2,77.5,86.2,45.0,91.2,97.5,32.5,45.6,15.0,10.0,18.1,68.8,18.8,53.1,60.0,35.0,55.0,1.9102564102564104,2.094202898550724,0.6862745098039216,2.3632478632478633,0.5337062937062936,0.5454545454545455,0.7067307692307692,-0.20102651839178792,-0.59248801628472,-0.07910547396528707,-0.2061068702290076,-0.7870370370370372,-0.5068553737284387,-0.6149779735682821,-1.4605263157894732,-0.7424857839155159,-0.7528483786152498,-0.6741573033707866,-0.3445692883895131,-1.0652871922939708,-0.2639593908629439,0,-3.229,-1.648,Direct Goal Threat / Box Striker [FW]
Ben Santos E,Liverpool,FW,FW,23,813,Premier League,2025-2026,3,4,20,6,2,2,15,107,12,2,71.5,29,13,49.8,76,6,2,6,3,12,20.8,0.332,0.443,2.214,0.664,0.221,0.221,1.661,11.845,1.328,0.221,3.21,1.439,8.413,0.664,0.221,0.664,0.332,1.328,40.0,52.5,30.0,16.2,96.2,69.4,71.2,97.5,15.0,25.0,52.5,30.0,77.5,65.0,61.3,76.2,51.2,43.8,40.0,18.8,3.8,0.952991452991453,1.1376811594202898,0.588235294117647,0.4316239316239317,1.7991608391608391,0.38383838383838387,0.3125,0.3986313088109495,-1.0940311248276315,-0.8831775700934578,0.05725190839694661,-0.944444444444445,0.3095975232198144,0.2969162995594714,-0.40131578947368424,-0.6953696181965882,-0.6476774758983348,-0.7797752808988765,-0.41037988228999467,-1.2400998929718159,-1.2994923857868017,0,-3.055,-0.802,Direct Goal Threat / Box Striker [FW]
Thomas King F,Manchester City,FW,FW,30,1811,Premier League,2025-2026,6,7,38,31,6,3,20,539,45,5,68.0,67,11,33.7,97,7,3,5,14,62,18.6,0.298,0.348,1.888,1.541,0.298,0.149,0.994,26.786,2.236,0.248,3.33,0.547,4.821,0.348,0.149,0.248,0.696,3.081,33.8,25.0,20.0,70.0,37.5,90.0,42.5,46.2,90.0,65.0,65.6,10.0,78.8,12.5,18.1,37.5,32.5,8.8,85.0,87.5,1.2,0.8076923076923076,0.7934782608695651,0.38848039215686264,1.6809116809116809,0.7944055944055943,0.7727272727272727,-0.03365384615384618,-0.1719418306244654,-0.603486768665047,-0.5801068090787717,0.1603053435114504,-1.268518518518519,0.36267138434321117,-0.4889867841409693,-1.4605263157894732,-0.9520714865962634,-0.7107800175284837,-1.2471910112359552,-0.2156233279828786,-0.6146985372814843,-1.411167512690355,0,-2.941,-0.923,Direct Goal Threat / Box Striker [FW]
Marcus Mendy G,Manchester City,FW,FW,30,1272,Premier League,2025-2026,9,7,34,15,4,0,19,335,18,5,69.2,24,9,54.5,28,14,2,13,8,33,34.8,0.637,0.495,2.406,1.061,0.283,0.0,1.344,23.703,1.274,0.354,1.698,0.637,1.981,0.991,0.142,0.92,0.566,2.335,82.5,62.5,42.5,42.5,1.2,83.8,5.0,78.8,77.5,23.8,82.5,18.8,26.2,17.5,81.2,95.0,29.4,81.2,73.8,60.0,27.5,2.2564102564102564,1.326086956521739,0.7058823529411765,0.9971509971509972,0.0,0.6969696969696969,-0.7499999999999999,0.1274593669803251,-0.7047081226607133,-0.9012016021361815,0.564885496183206,-1.1574074074074077,-0.3591331269349845,-0.40969162995594727,-0.09210526315789462,-0.42973192526401305,-0.7169149868536371,-0.4921348314606742,-0.2851792402354201,-0.8808419550481628,-0.5888324873096447,0,-2.381,-1.489,Direct Goal Threat / Box Striker [FW]
George Mendy I,Manchester City,W,W,21,524,Premier League,2025-2026,1,2,12,4,0,0,18,236,15,3,79.5,37,5,35.7,40,1,3,6,2,24,27.2,0.172,0.344,2.061,0.687,0.0,0.0,3.092,40.534,2.576,0.515,6.355,0.859,6.87,0.172,0.515,1.031,0.344,4.122,33.9,44.1,28.8,35.6,83.1,7.6,2.5,100.0,93.2,20.3,84.7,72.0,83.9,15.3,6.8,3.4,44.1,33.9,27.1,64.4,23.7,0.26923076923076916,0.7789855072463766,0.49448529411764697,0.46438746438746453,1.3675524475524476,-0.7323232323232323,-0.7499999999999999,1.622754491017964,-0.15211110381508972,-0.4666221628838451,1.1793893129770994,-0.20370370370370403,1.7005749668288372,-0.2140969162995596,-1.3289473684210522,-1.0950446791226647,-0.390008764241893,-0.36741573033707886,-0.4039593365436063,-0.24331073849447035,-0.9746192893401013,4,-2.232,0.476,Attacking Winger / Ball Carrier [W]
Marcus Traore J,Manchester City,W,W,18,1468,Premier League,2025-2026,4,7,29,6,4,1,25,351,52,8,74.6,94,52,46.5,61,29,8,21,11,40,26.4,0.245,0.429,1.778,0.368,0.245,0.061,1.533,21.519,3.188,0.49,5.763,3.188,3.74,1.778,0.49,1.287,0.674,2.452,45.8,69.5,20.3,13.6,20.3,54.2,5.1,39.0,22.0,42.4,75.4,22.0,67.8,83.9,30.5,93.2,39.0,66.1,71.2,11.9,16.9,0.5811965811965812,1.0869565217391304,0.321078431372549,0.009971509971509982,0.49202797202797205,0.5050505050505051,-0.4567307692307692,0.2891360136869118,-0.7764134217611138,-0.2623497997329773,1.083969465648855,-0.6574074074074083,1.4387439186200799,1.8378854625550667,-0.6184210526315788,0.2095857026807474,-0.41191936897458364,-0.0797752808988766,-0.22739432851792402,-0.8391009632536569,-1.015228426395939,4,-2.112,0.899,Attacking Winger / Ball Carrier [W]
Mateo King,Manchester City,AM,AM,34,1995,Premier League,2025-2026,6,1,34,12,9,7,30,1126,65,15,76.9,73,44,57.2,121,28,18,23,15,111,35.0,0.271,0.045,1.534,0.541,0.406,0.316,1.353,50.797,2.932,0.677,3.293,1.985,5.459,1.263,0.812,1.038,0.677,5.008,59.5,9.5,19.0,21.4,85.7,69.0,40.5,9.5,78.6,11.9,64.3,25.0,47.6,66.7,78.6,57.1,66.7,38.1,66.7,71.4,36.9,0.6923076923076924,-0.30434782608695654,0.1715686274509804,0.2564102564102565,0.9728671328671328,1.3181818181818181,0.7692307692307692,0.1351582549187339,0.18484470418280896,-0.34779706275033384,1.7977099236641223,-0.4444444444444443,0.34630694383016386,0.7779735682819385,0.08552631578947395,-0.20877335499593838,-0.1297107800175284,-0.35955056179775285,-0.2257891920813269,0.07277916518016402,-0.5786802030456851,5,-1.338,1.28,Advanced Playmaker / Chance Creator [AM]
Arthur Gomez L,Manchester City,AM,AM,27,2010,Premier League,2025-2026,8,10,52,17,5,9,58,570,146,8,73.9,33,32,44.9,8,25,12,25,9,150,41.2,0.358,0.448,2.328,0.761,0.224,0.403,2.597,25.522,6.537,0.358,1.478,1.433,0.358,1.119,0.537,1.119,0.403,6.716,78.6,94.0,61.9,46.4,2.4,27.4,60.7,57.1,7.1,69.0,35.7,4.8,7.1,31.0,28.6,40.5,33.3,42.9,16.7,100.0,73.8,1.064102564102564,1.1557971014492754,0.6580882352941175,0.5698005698005698,-0.453986013986014,0.39898989898989906,1.1875,1.1993156544054746,-0.6449865388403705,0.8554739652870492,0.5801526717557252,-0.7222222222222221,-0.4564352056612118,0.2916299559471366,-0.7236842105263157,-0.32575142160844844,-0.3707274320771253,-0.26853932584269674,-0.3723916532905297,0.6821262932572244,-0.2639593908629439,5,-1.593,1.003,Advanced Playmaker / Chance Creator [AM]
Liam Davies M,Manchester City,CM,CM,23,990,Premier League,2025-2026,1,2,9,3,1,0,19,536,82,1,82.2,13,7,48.5,30,18,14,13,6,66,54.0,0.091,0.182,0.818,0.273,0.091,0.0,1.727,48.727,7.455,0.091,1.182,0.636,2.727,1.636,1.273,1.182,0.545,6.0,28.0,74.6,8.5,23.7,83.1,20.3,5.9,62.7,32.2,84.7,10.2,16.1,5.1,20.3,11.9,25.4,50.8,32.2,10.2,51.7,83.1,-0.07692307692307693,0.19202898550724634,-0.26715686274509803,-0.1253561253561253,0.2086713286713286,-0.27272727272727265,-0.7499999999999999,0.45508982035928147,0.11688226410138536,1.161882510013351,-0.4389312977099236,0.04629629629629631,-0.5873507297655904,-0.4105726872246698,-0.4868421052631577,0.09423233143785531,0.2743207712532865,-0.1977528089887642,-0.29641519529159976,0.4266856938993934,0.38578680203045684,1,0.797,0.131,Overlapping Wingback / Wide Progressor [FB]
Oliver Fernandez,Manchester City,CM,CM,34,1821,Premier League,2025-2026,2,4,28,9,4,4,20,985,128,7,82.9,66,15,48.2,42,26,27,9,17,116,31.9,0.099,0.198,1.384,0.445,0.198,0.198,0.988,48.682,6.326,0.346,3.262,0.741,2.076,1.285,1.334,0.445,0.84,5.733,31.4,81.4,45.8,66.1,64.4,50.8,54.2,22.0,30.5,61.0,57.6,22.0,71.2,28.8,10.2,13.6,55.9,3.4,30.5,42.4,5.9,-0.04273504273504271,0.25,0.07965686274509796,0.11965811965811969,0.026573426573426564,0.26767676767676774,0.20192307692307696,-0.17707442258340467,0.11540481975178937,0.7850467289719623,0.5343511450381678,0.11111111111111141,0.3325961963732863,-0.31806167400881075,-0.5065789473684207,-0.1909017059301382,0.3277826468010518,-1.0258426966292136,-0.13857677902621726,0.3314306100606491,-0.7360406091370557,1,-0.249,0.693,Overlapping Wingback / Wide Progressor [FB]
Oliver Williams,Manchester City,CM,CM,20,1999,Premier League,2025-2026,2,5,39,17,2,7,18,1125,111,9,87.6,40,35,55.0,24,46,10,41,26,137,47.1,0.09,0.225,1.756,0.765,0.09,0.315,0.81,50.65,4.997,0.405,1.801,1.576,1.081,2.071,0.45,1.846,1.171,6.168,25.4,93.2,81.4,94.9,13.6,18.6,93.2,8.5,37.3,30.5,69.5,74.6,15.3,76.3,37.3,52.5,11.9,79.7,50.8,54.2,43.2,-0.0811965811965812,0.34782608695652173,0.30759803921568624,0.5754985754985755,-0.2517482517482518,-0.27777777777777773,0.7644230769230769,-0.32934131736526945,0.18001838597412823,0.3414552736982642,0.7595419847328245,0.5462962962962956,-0.31357806280406897,0.4176211453744494,-0.059210526315789366,0.44760357432981335,-0.4469763365468887,0.5483146067415731,0.0385232744783307,0.48662147698894037,0.03553299492385801,1,0.355,0.632,Overlapping Wingback / Wide Progressor [FB]
Arthur Wilson,Manchester City,DM,DM,29,1606,Premier League,2025-2026,0,2,18,10,2,4,3,718,118,0,87.2,47,18,62.1,10,51,38,26,37,163,53.0,0.0,0.112,1.009,0.56,0.112,0.224,0.168,40.237,6.613,0.0,2.634,1.009,0.56,2.858,2.13,1.457,2.073,9.134,16.7,79.5,79.5,100.0,35.9,64.1,100.0,2.6,12.8,69.2,7.7,43.6,79.5,64.1,61.5,53.8,74.4,12.8,71.8,84.6,30.8,-0.46581196581196577,-0.06159420289855072,-0.1501225490196079,0.28347578347578356,-0.39748251748251745,-0.1666666666666666,0.3269230769230769,-0.8785286569717708,-0.16186223652242432,0.880841121495327,-0.7862595419847328,0.5092592592592594,0.05484298982751001,-0.08193832599118961,0.40789473684210537,1.0869212022745738,1.0254163014899211,0.11123595505617975,0.5211342964151954,1.5447734570103462,0.3350253807106599,2,2.044,0.419,Defensive Anchor / Deep Distributor [DM]
Thomas Santos,Manchester City,DM,DM,24,486,Premier League,2025-2026,0,0,5,1,0,1,6,328,28,2,89.5,6,4,66.5,0,11,12,13,14,48,56.2,0.0,0.0,0.926,0.185,0.0,0.185,1.111,60.741,5.185,0.37,1.111,0.741,0.0,2.037,2.222,2.407,2.593,8.889,16.7,16.7,67.9,43.6,5.1,12.8,84.6,71.8,59.0,56.4,76.9,64.1,33.3,41.0,82.1,20.5,84.6,89.7,94.9,76.9,39.7,-0.46581196581196577,-0.46739130434782605,-0.2009803921568627,-0.25071225071225073,-0.5541258741258741,-0.7323232323232323,0.1394230769230769,-0.07185628742514977,0.5113270733469039,0.40420560747663525,0.6259541984732825,0.7222222222222221,-0.6187527642636002,-0.31806167400881075,0.6973684210526315,0.4199837530463038,1.1060473269062225,1.1786516853932583,0.7993579454253612,1.457367106671423,0.4974619289340103,2,2.744,0.686,Defensive Anchor / Deep Distributor [DM]
Alex Jones R,Manchester City,FB,FB,22,2250,Premier League,2025-2026,0,3,9,3,7,0,17,1274,142,5,79.8,121,44,59.5,53,50,62,9,84,157,48.5,0.0,0.12,0.36,0.12,0.28,0.0,0.68,50.96,5.68,0.2,4.84,1.76,2.12,2.0,2.48,0.36,3.36,6.28,16.9,85.7,19.5,24.7,81.8,83.1,6.5,13.0,51.9,63.6,53.2,62.3,92.2,70.1,71.4,40.3,98.7,1.3,89.6,85.7,68.2,-0.46581196581196577,-0.03260869565217394,-0.5477941176470588,-0.3433048433048433,0.038881118881118885,0.681818181818182,-0.7499999999999999,-0.4405474764756202,0.190196335938013,0.5694259012016019,-0.02290076335877854,-0.17592592592592649,1.0305174701459534,0.5797356828193833,0.23684210526315794,0.3899268887083672,1.3321647677475899,-1.1213483146067418,1.209737827715356,0.526578665715305,0.10659898477157366,1,1.249,0.56,Overlapping Wingback / Wide Progressor [FB]
Mason Fernandez S,Manchester City,FB,FB,24,1950,Premier League,2025-2026,1,3,13,7,9,0,27,1040,48,3,75.6,93,2,72.0,44,32,41,39,47,94,51.5,0.046,0.138,0.6,0.323,0.415,0.0,1.246,48.0,2.215,0.138,4.292,0.092,2.031,1.477,1.892,1.8,2.169,4.338,46.1,94.8,41.6,77.9,79.2,98.7,6.5,39.0,41.6,3.9,35.7,20.8,81.8,7.8,98.7,15.6,84.4,68.8,48.1,26.0,77.9,-0.2692307692307692,0.03260869565217394,-0.400735294117647,-0.0541310541310541,0.013986013986013998,1.3636363636363638,-0.7499999999999999,0.04362703165098369,0.09301332983124297,-0.5871161548731643,-0.2595419847328243,-0.5648148148148158,0.7881468376824415,-0.8898678414096918,1.0592105263157894,-0.03493095044679117,0.8168273444347063,0.496629213483146,0.572498662386303,-0.1662504459507671,0.2588832487309645,1,1.022,-0.256,Overlapping Wingback / Wide Progressor [FB]
Marcus Williams T,Manchester City,FB,FB,23,2053,Premier League,2025-2026,2,1,16,7,4,6,1,1567,114,0,75.9,10,12,53.7,62,57,35,21,35,98,38.9,0.088,0.044,0.701,0.307,0.175,0.263,0.044,68.695,4.998,0.0,0.438,0.526,2.718,2.499,1.534,0.921,1.534,4.296,76.6,29.9,50.6,72.7,92.2,53.2,76.6,1.3,96.1,49.4,7.8,23.4,3.9,15.6,44.2,68.8,55.8,9.1,20.8,24.7,24.7,-0.08974358974358976,-0.3079710144927536,-0.3388480392156863,-0.07692307692307691,0.2061538461538461,0.1515151515151515,0.514423076923077,-0.9846022241231822,0.7724735701621903,0.34178905206942584,-0.7862595419847328,-0.5370370370370369,-0.9164086687306501,-0.5074889867841411,-0.14473684210526286,0.7952883834281074,0.5030674846625768,-0.49101123595505625,0.2327447833065811,-0.18123439172315378,-0.3807106598984771,1,1.015,-0.349,Overlapping Wingback / Wide Progressor [FB]
Oliver Santos,Manchester City,FB,FB,33,2654,Premier League,2025-2026,1,0,20,3,1,8,63,1450,136,6,77.1,116,7,45.3,26,76,37,64,84,125,52.3,0.034,0.0,0.678,0.102,0.034,0.271,2.136,49.171,4.612,0.203,3.934,0.237,0.882,2.577,1.255,2.17,2.849,4.239,33.8,12.3,48.1,20.8,31.2,14.3,79.2,92.2,44.2,37.7,54.5,35.1,72.1,10.4,11.7,74.0,40.3,85.7,76.6,23.4,80.5,-0.3205128205128205,-0.46739130434782605,-0.3529411764705882,-0.368945868945869,-0.3074125874125875,-0.5606060606060606,0.5528846153846154,0.804961505560308,0.13145971501740095,0.21295060080106804,-0.011450381679389218,-0.4259259259259268,0.6298098186643081,-0.7621145374449342,-0.6973684210526315,0.8586515028432169,0.2585451358457493,0.9123595505617975,0.9363295880149815,-0.20156974669996447,0.29949238578680193,1,1.248,0.703,Overlapping Wingback / Wide Progressor [FB]
James Gomez V,Manchester City,CB,CB,25,564,Premier League,2025-2026,1,1,7,1,0,0,3,467,35,1,88.3,3,1,67.7,0,8,10,12,20,25,55.3,0.16,0.16,1.117,0.16,0.0,0.0,0.479,74.521,5.585,0.16,0.479,0.16,0.0,1.277,1.596,1.915,3.191,3.989,97.4,98.7,97.4,55.8,5.8,28.6,28.6,79.2,83.1,96.1,89.6,35.1,23.4,23.4,36.4,20.8,55.8,51.9,20.8,7.8,14.3,0.21794871794871795,0.11231884057971013,-0.08394607843137256,-0.2863247863247863,-0.5541258741258741,-0.7323232323232323,-0.7499999999999999,-0.6124893071000856,0.9637533652899074,0.5377169559412549,-0.1755725190839694,0.6111111111111107,-0.8982750995134896,-0.8299559471365641,0.7763157894736843,-0.197400487408611,0.5574057843996495,0.6258426966292134,1.119315141787052,-0.29075990010702835,0.45177664974619275,3,2.274,-1.109,Defensive Stopper / Central Shield [CB]
James Evans,Manchester City,CB,CB,20,656,Premier League,2025-2026,0,0,2,2,0,0,1,557,35,0,93.6,8,5,66.4,9,8,11,19,8,40,60.9,0.0,0.0,0.274,0.274,0.0,0.0,0.137,76.418,4.802,0.0,1.098,0.686,1.235,1.098,1.509,2.607,1.098,5.488,23.4,16.9,13.0,80.5,89.6,28.6,28.6,18.2,89.6,77.9,13.0,89.6,62.3,83.1,29.9,13.0,45.5,88.3,1.3,49.4,43.5,-0.46581196581196577,-0.46739130434782605,-0.6004901960784313,-0.1239316239316239,-0.20867132867132865,-0.7323232323232323,-0.7499999999999999,-0.9050470487596236,1.0260358526495503,0.2763684913217621,-0.7862595419847328,1.1018518518518514,-0.6245024325519681,-0.36651982378854636,0.6907894736842108,-0.3428107229894395,0.481156879929886,1.403370786516854,-0.0005350454788656447,0.24402425972172678,0.7360406091370557,2,2.634,-0.748,Defensive Anchor / Deep Distributor [DM]
George Davies X,Manchester City,CB,CB,24,1004,Premier League,2025-2026,0,0,6,3,0,0,3,803,43,2,93.1,18,1,84.6,14,19,10,11,54,52,50.3,0.0,0.0,0.538,0.269,0.0,0.0,0.269,71.982,3.855,0.179,1.614,0.09,1.255,1.703,0.896,0.986,4.841,4.661,23.4,16.9,48.1,79.2,90.9,28.6,28.6,41.6,79.2,54.5,93.5,84.4,83.1,18.2,90.9,44.2,12.3,5.2,50.6,19.5,5.8,-0.46581196581196577,-0.46739130434782605,-0.43872549019607837,-0.13105413105413102,-0.20307692307692313,-0.7323232323232323,-0.7499999999999999,-0.7921300256629598,0.880392671876026,-0.039719626168224366,-0.1030534351145038,1.0555555555555551,-0.39628482972136214,-0.8916299559471368,1.8881578947368414,0.14865962632006505,-0.056091148115687946,-0.41797752808988775,2.002140181915463,-0.05101676774884077,0.19796954314720802,3,2.806,-1.292,Defensive Stopper / Central Shield [CB]
Gabriel Gomez,Manchester City,CB,CB,32,583,Premier League,2025-2026,0,1,4,1,0,0,3,372,32,1,89.8,7,4,60.9,1,6,8,15,25,37,60.0,0.0,0.154,0.617,0.154,0.0,0.0,0.463,57.427,4.94,0.154,1.081,0.617,0.154,0.926,1.235,2.316,3.859,5.712,23.4,97.4,62.3,53.2,16.9,28.6,28.6,76.6,42.9,81.8,85.7,52.6,59.7,76.6,18.2,6.5,33.8,72.7,29.9,62.3,37.7,-0.46581196581196577,0.09057971014492751,-0.3903186274509804,-0.2948717948717949,-0.5110489510489511,-0.7323232323232323,-0.7499999999999999,-0.6261762189905902,0.40252150502331074,0.3224299065420561,-0.19847328244274806,0.7499999999999997,-0.6320212295444494,-0.42731277533039663,0.32894736842105254,-0.4825345247766044,0.24101665205959696,1.0764044943820221,1.476725521669342,0.32393863717445576,0.6903553299492385,3,2.491,-0.945,Defensive Stopper / Central Shield [CB]
Liam Silva Z,Manchester City,FW,FW,22,2609,Premier League,2025-2026,10,11,64,30,5,3,35,768,31,4,77.2,125,10,28.0,159,14,9,25,11,88,33.8,0.345,0.379,2.208,1.035,0.172,0.103,1.207,26.493,1.069,0.138,4.312,0.345,5.485,0.483,0.31,0.862,0.379,3.036,41.2,32.5,28.7,41.2,48.8,56.9,28.7,62.5,87.5,17.5,26.9,80.0,90.0,8.8,8.8,56.2,73.8,72.5,47.5,85.0,25.0,1.0085470085470085,0.9057971014492753,0.5845588235294118,0.9601139601139601,0.9801398601398602,0.13636363636363633,-0.2548076923076923,0.010265183917878538,-0.613106572985751,-0.969626168224299,-0.2595419847328243,-0.4166666666666668,0.7969924812030078,-0.6669603524229077,-1.8355263157894732,-0.842404549147035,-0.5696757230499561,-0.5573033707865169,-0.3852327447833066,-0.6307527648947557,-0.6395939086294417,0,-2.456,-1.204,Direct Goal Threat / Box Striker [FW]
Arthur Mendy,Manchester City,FW,FW,26,1170,Premier League,2025-2026,6,11,15,14,3,5,15,252,24,5,76.2,24,23,40.4,30,0,2,10,9,35,43.0,0.462,0.846,1.154,1.077,0.231,0.385,1.154,19.385,1.846,0.385,1.846,1.769,2.308,0.0,0.154,0.769,0.692,2.692,56.2,96.2,1.2,43.8,2.5,72.5,97.5,58.8,50.0,45.0,86.2,71.9,36.2,83.8,31.2,4.4,35.0,57.5,83.8,75.6,61.3,1.5085470085470085,2.5978260869565215,-0.06127450980392162,1.01994301994302,0.09146853146853139,0.4343434343434344,1.1009615384615383,-0.035072711719418434,-0.8464771160286296,-0.7102803738317757,0.6832061068702291,-0.5092592592592594,-0.2936753648827951,0.5876651982378854,-1.019736842105263,-1.2347684809098296,-0.7063978965819456,-0.6617977528089889,-0.2177635098983414,-0.7534784159828756,-0.17258883248730955,0,-2.93,-0.944,Direct Goal Threat / Box Striker [FW]
Leo Fernandez,Manchester United,FW,FW,27,1914,Premier League,2025-2026,7,8,46,25,1,2,19,420,73,3,76.3,12,37,27.8,151,10,4,13,0,26,52.0,0.329,0.376,2.163,1.176,0.047,0.094,0.893,19.749,3.433,0.141,0.564,1.74,7.1,0.47,0.188,0.611,0.0,1.223,38.8,30.0,26.2,57.5,86.2,15.6,25.0,38.8,53.8,95.0,28.7,73.8,3.8,81.2,5.0,55.0,40.0,38.8,5.6,16.9,80.0,0.9401709401709403,0.8949275362318839,0.5569852941176469,1.160968660968661,1.4318881118881117,-0.49494949494949486,-0.2980769230769231,-0.2583404619332763,-0.8345262328452296,-0.18057409879839795,-0.2480916030534351,-0.5000000000000007,-0.8606811145510836,0.5621145374449339,-1.8486842105263153,-0.8529650690495534,-0.6765994741454864,-0.8393258426966294,-0.5880149812734083,-1.2775597574027828,0.28426395939086296,0,-2.472,-1.689,Direct Goal Threat / Box Striker [FW]
Arthur Lopez,Manchester United,W,W,20,1329,Premier League,2025-2026,1,0,49,5,5,6,31,441,58,8,79.9,44,65,52.5,85,21,13,22,8,57,38.1,0.068,0.0,3.318,0.339,0.339,0.406,2.099,29.865,3.928,0.542,2.98,4.402,5.756,1.422,0.88,1.49,0.542,3.86,15.3,2.5,84.7,10.2,61.0,88.1,89.8,69.5,64.4,67.8,89.8,80.5,15.3,100.0,57.6,78.8,84.7,84.7,50.8,57.6,72.0,-0.17521367521367517,-0.46739130434782605,1.2647058823529411,-0.03133903133903129,1.055944055944056,0.9797979797979799,1.2019230769230769,0.7733105218135159,-0.5023967430560117,-0.015353805073431327,1.2824427480916032,-0.16666666666666644,0.20787262273330395,2.9074889867841414,-0.22368421052631565,-0.07961007311129172,-0.07011393514460995,0.1483146067415729,-0.2980203317281969,-0.3367820192650733,-0.42131979695431454,4,-1.691,2.079,Attacking Winger / Ball Carrier [W]
Gabriel Brown F,Manchester United,W,W,34,2731,Premier League,2025-2026,7,15,57,12,4,13,43,929,79,15,79.7,76,82,36.9,115,33,32,37,8,105,43.2,0.231,0.494,1.878,0.395,0.132,0.428,1.417,30.615,2.603,0.494,2.505,2.702,3.79,1.088,1.055,1.219,0.264,3.46,44.1,84.7,22.0,17.8,22.0,25.4,91.5,35.6,69.5,22.0,79.7,78.0,8.5,76.3,8.5,52.5,100.0,59.3,20.3,44.1,90.7,0.5213675213675214,1.322463768115942,0.3823529411764705,0.04843304843304848,0.506013986013986,-0.06565656565656557,1.3076923076923077,0.18990590248075276,-0.47777267056274225,-0.45761014686248325,1.099236641221374,-0.18518518518518523,-0.0022114108801414836,1.4096916299559472,-1.2499999999999998,-0.35093419983753044,0.08326029798422434,-0.15617977528089888,-0.44676297485286254,-0.47948626471637545,-0.16243654822335002,4,-1.916,0.598,Attacking Winger / Ball Carrier [W]
Arthur Mendy G,Manchester United,AM,AM,30,890,Premier League,2025-2026,1,1,38,13,3,3,19,458,42,0,74.4,38,7,52.5,21,9,10,13,6,55,40.8,0.101,0.101,3.843,1.315,0.303,0.303,1.921,46.315,4.247,0.0,3.843,0.708,2.124,0.91,1.011,1.315,0.607,5.562,15.5,11.9,100.0,92.9,16.7,42.9,33.3,33.3,57.1,35.7,6.0,11.9,61.9,9.5,50.0,23.8,85.7,61.9,57.1,85.7,71.4,-0.03418803418803416,-0.10144927536231882,1.5863970588235292,1.358974358974359,0.04,0.7979797979797979,0.7067307692307692,0.621043627031651,0.03769124696303094,0.09112149532710269,-0.7862595419847328,-0.6759259259259258,0.5895621406457321,-0.34713656387665215,-0.22368421052631565,-0.49553208773355,0.04469763365468881,-0.0483146067415732,-0.2632423756019262,0.27042454513021763,-0.28426395939086296,4,-1.066,0.257,Attacking Winger / Ball Carrier [W]
Carlos Brown H,Manchester United,AM,AM,26,1407,Premier League,2025-2026,3,3,43,11,7,2,46,914,114,1,77.8,54,38,42.3,34,8,6,11,17,58,42.9,0.192,0.192,2.751,0.704,0.448,0.128,2.942,58.465,7.292,0.064,3.454,2.431,2.175,0.512,0.384,0.704,1.087,3.71,35.7,23.8,83.3,35.7,19.0,86.9,14.3,69.0,100.0,81.0,14.3,31.0,54.8,85.7,9.5,7.1,23.8,11.9,92.9,35.7,78.6,0.3547008547008547,0.22826086956521738,0.9172794117647057,0.48860398860398857,0.05426573426573419,1.5303030303030305,-0.13461538461538458,1.4944396920444825,0.43660122135399576,1.1074766355140184,-0.5419847328244274,-0.3611111111111117,0.4175143741707212,1.1709251101321587,-0.894736842105263,-0.8188464662875712,-0.5048203330411919,-0.7348314606741575,-0.00642054574638845,-0.3902961113093116,-0.17766497461928932,4,-1.489,1.045,Attacking Winger / Ball Carrier [W]
Noah Santos,Manchester United,CM,CM,25,2299,Premier League,2025-2026,3,2,48,13,0,4,35,1404,148,5,85.8,59,83,59.0,46,87,13,34,19,181,43.1,0.117,0.078,1.879,0.509,0.0,0.157,1.37,54.963,5.794,0.196,2.31,3.249,1.801,3.406,0.509,1.331,0.744,7.086,43.2,22.9,86.4,76.3,47.5,5.1,37.3,44.1,54.2,44.1,30.5,55.9,35.6,100.0,57.6,100.0,15.3,44.1,22.0,72.9,30.5,0.03418803418803422,-0.18478260869565216,0.3829656862745098,0.21082621082621086,-0.050349650349650395,-0.7323232323232323,0.004807692307692311,0.14970059880239525,0.32162321885875633,0.6074766355140184,-0.038167938931297635,0.3796296296296292,-0.08845643520566111,1.8916299559471372,0.20394736842105268,1.5320877335499596,-0.3952673093777388,-0.030337078651685546,-0.18994114499732478,0.814127720299679,-0.16751269035532979,1,0.587,1.205,Overlapping Wingback / Wide Progressor [FB]
Carlos Fernandez J,Manchester United,CM,CM,28,875,Premier League,2025-2026,1,2,22,3,3,3,13,484,58,5,86.8,22,0,63.4,1,11,10,8,13,56,55.9,0.103,0.206,2.263,0.309,0.309,0.309,1.337,49.783,5.966,0.514,2.263,0.0,0.103,1.131,1.029,0.823,1.337,5.76,37.3,84.7,100.0,32.2,1.7,91.5,89.8,42.4,33.9,52.5,84.7,72.0,30.5,4.2,74.6,8.5,37.3,11.9,64.4,44.1,89.8,-0.02564102564102566,0.2789855072463767,0.6182598039215685,-0.07407407407407407,-0.5253146853146853,0.8282828282828283,0.735576923076923,0.12147134302822916,0.15155295817190886,0.6648865153538049,1.1755725190839696,0.4722222222222218,-0.10924369747899156,-0.9709251101321589,0.49342105263157887,-0.31600324939073926,0.060473269062226075,-0.6011235955056181,0.12734082397003746,0.34106314662861204,0.482233502538071,1,0.366,0.683,Overlapping Wingback / Wide Progressor [FB]
Thomas Davies,Manchester United,CM,CM,31,1972,Premier League,2025-2026,0,0,32,7,1,4,31,1423,130,4,86.5,56,11,56.0,44,47,30,25,30,140,49.3,0.0,0.0,1.46,0.319,0.046,0.183,1.415,64.944,5.933,0.183,2.556,0.502,2.008,2.145,1.369,1.141,1.369,6.389,8.5,5.9,54.2,35.6,61.0,10.2,50.8,47.5,83.1,49.2,27.1,66.9,49.2,11.9,40.7,55.9,61.0,27.1,67.8,61.0,54.2,-0.46581196581196577,-0.46739130434782605,0.1262254901960784,-0.059829059829059804,0.007552447552447528,-0.49999999999999994,0.1298076923076923,0.18819503849443966,0.6493203755991859,0.6538718291054737,-0.0877862595419847,0.4444444444444443,0.0203449800973022,-0.5286343612334804,0.006578947368421145,0.5077173030056865,0.3584574934268186,-0.24382022471910123,0.14446227929374,0.5654655726007849,0.14720812182741108,1,1.309,0.576,Overlapping Wingback / Wide Progressor [FB]
Marcus Jones,Manchester United,DM,DM,28,1111,Premier League,2025-2026,0,1,3,1,2,0,19,952,33,1,78.9,13,14,58.7,13,18,28,19,22,90,43.6,0.0,0.081,0.243,0.081,0.162,0.0,1.539,77.12,2.673,0.081,1.053,1.134,1.053,1.458,2.268,1.539,1.782,7.291,16.7,57.7,12.8,20.5,82.1,82.1,12.8,97.4,87.2,17.9,17.9,2.6,30.8,74.4,46.2,5.1,87.2,17.9,46.2,43.6,2.6,-0.46581196581196577,-0.17391304347826086,-0.6194852941176471,-0.39886039886039887,-0.2595804195804196,0.08585858585858593,-0.7499999999999999,0.294268605645851,1.0490839845032505,-0.4342456608811749,-0.4770992366412213,-0.2592592592592591,-0.644405130473242,0.028193832599118777,0.1842105263157897,-0.050365556458164144,1.1463628396143732,0.20337078651685372,0.3654360620652756,0.8872636460934713,-0.14213197969543132,2,1.772,0.069,Defensive Anchor / Deep Distributor [DM]
Arthur Brown,Manchester United,DM,DM,27,1113,Premier League,2025-2026,0,1,4,3,1,2,14,508,67,5,79.3,31,18,50.1,6,39,16,31,31,64,48.3,0.0,0.081,0.323,0.243,0.081,0.162,1.132,41.078,5.418,0.404,2.507,1.456,0.485,3.154,1.294,2.507,2.507,5.175,16.7,57.7,20.5,69.2,30.8,41.0,71.8,76.9,15.4,59.0,79.5,5.1,71.8,94.9,21.8,69.2,17.9,92.3,87.2,5.1,20.5,-0.46581196581196577,-0.17391304347826086,-0.5704656862745098,-0.16809116809116809,-0.41846153846153844,-0.32323232323232315,0.02884615384615387,-0.053892215568862416,-0.13425044323330484,0.48197596795727626,0.7557251908396948,-0.22222222222222282,-0.0013268465280847723,0.31189427312775325,-0.3815789473684208,1.3273761169780667,0.29272567922874676,1.2910112359550563,0.7533440342429109,0.13235818765608262,0.09644670050761413,1,1.499,1.01,Overlapping Wingback / Wide Progressor [FB]
James Santos,Manchester United,FB,FB,31,2296,Premier League,2025-2026,1,2,31,0,6,7,45,1249,87,10,80.2,52,27,58.3,6,56,30,55,18,161,60.2,0.039,0.078,1.215,0.0,0.235,0.274,1.764,48.959,3.41,0.392,2.038,1.058,0.235,2.195,1.176,2.156,0.706,6.311,38.3,55.2,87.0,7.1,9.1,71.4,81.8,70.1,42.9,14.3,90.9,63.6,20.8,40.3,68.8,57.1,28.6,84.4,3.9,87.0,98.7,-0.29914529914529914,-0.18478260869565216,-0.02389705882352936,-0.5142450142450142,-0.4883916083916084,0.45454545454545453,0.5673076923076924,0.4867408041060735,0.12449931052597024,-0.18825100133511347,0.7099236641221375,-0.13888888888888892,-0.20875718708536048,-0.038766519823788585,0.15789473684210514,0.5483346872461412,0.18930762489044695,0.8966292134831461,-0.21027287319422155,0.5376382447377809,0.7005076142131981,1,1.009,1.092,Overlapping Wingback / Wide Progressor [FB]
James Davies,Manchester United,FB,FB,19,521,Premier League,2025-2026,0,1,0,2,0,1,5,191,29,1,83.0,6,11,63.0,11,11,9,8,17,28,47.1,0.0,0.173,0.0,0.345,0.0,0.173,0.864,32.994,5.01,0.173,1.036,1.9,1.9,1.9,1.555,1.382,2.937,4.837,16.9,97.4,3.2,80.5,76.6,6.5,48.1,18.2,5.2,50.6,42.9,84.4,6.5,83.1,82.5,35.1,58.4,33.8,80.5,41.6,61.7,-0.46581196581196577,0.1594202898550724,-0.7683823529411764,-0.022792022792022814,-0.02265734265734271,-0.7323232323232323,0.08173076923076916,-0.28314798973481614,-0.3996651126140916,0.3457943925233643,-0.12595419847328243,0.12037037037037014,-0.6519239274657231,0.7030837004405286,0.46710526315789475,0.3086921202274573,0.5214723926380368,0.026966292134831236,0.9834135901551633,0.011773100249732242,0.03553299492385801,1,1.34,-0.205,Overlapping Wingback / Wide Progressor [FB]
Mateo Traore Q,Manchester United,FB,FB,24,2687,Premier League,2025-2026,0,3,30,2,7,4,5,1817,112,2,78.2,106,38,59.9,13,50,40,73,63,194,46.4,0.0,0.1,1.005,0.067,0.234,0.134,0.167,60.86,3.751,0.067,3.55,1.273,0.435,1.675,1.34,2.445,2.11,6.498,16.9,67.5,77.9,18.2,14.3,70.1,35.1,3.9,77.9,18.2,18.2,51.3,63.6,46.8,73.4,20.8,48.1,94.8,44.8,89.6,55.2,-0.46581196581196577,-0.10507246376811592,-0.15257352941176477,-0.4188034188034188,-0.43244755244755245,0.4494949494949496,-0.10576923076923073,-0.8793840889649273,0.5152340928491693,-0.07443257676902545,-0.5305343511450381,-0.3240740740740742,0.45997346306943837,0.15066079295154172,0.26315789473684204,0.12591389114541027,0.3330411919368976,1.2213483146067412,0.5409309791332263,0.6043524794862647,0.0,1,1.551,0.167,Overlapping Wingback / Wide Progressor [FB]
George Taylor R,Manchester United,CB,CB,23,2297,Premier League,2025-2026,0,0,11,0,1,0,5,1736,94,1,82.4,54,16,88.6,12,25,54,46,137,190,67.1,0.0,0.0,0.431,0.0,0.039,0.0,0.196,68.019,3.683,0.039,2.116,0.627,0.47,0.98,2.116,1.802,5.368,7.444,23.4,16.9,32.5,7.8,36.4,70.1,28.6,27.3,72.7,50.6,30.5,2.6,97.4,78.6,98.7,7.8,87.0,40.3,64.9,97.4,67.5,-0.46581196581196577,-0.46739130434782605,-0.5042892156862745,-0.5142450142450142,-0.42265734265734267,-0.5353535353535352,-0.7499999999999999,-0.8545765611633875,0.7502790728215906,-0.09712950600801079,-0.6374045801526717,0.06481481481481509,-0.17425917735515248,-0.41850220264317195,2.1513157894736836,-0.43866774979691314,1.0131463628396145,0.498876404494382,2.284109149277689,0.9418480199785942,1.0507614213197967,3,3.521,-1.247,Defensive Stopper / Central Shield [CB]
Mason Lopez,Manchester United,CB,CB,21,482,Premier League,2025-2026,0,1,5,1,0,0,3,268,28,0,92.0,5,2,72.4,1,10,1,8,28,37,67.8,0.0,0.187,0.934,0.187,0.0,0.0,0.56,50.041,5.228,0.0,0.934,0.373,0.187,1.867,0.187,1.494,5.228,6.909,23.4,100.0,90.9,67.5,18.2,28.6,28.6,88.3,24.7,92.2,13.0,73.4,42.9,49.4,59.7,57.1,1.3,20.8,58.4,94.8,72.1,-0.46581196581196577,0.21014492753623185,-0.196078431372549,-0.24786324786324787,-0.5018181818181818,-0.7323232323232323,-0.7499999999999999,-0.5431993156544055,0.16002363910959339,0.4185580774365819,-0.7862595419847328,0.9537037037037037,-0.6970367094206102,-0.6422907488986787,1.085526315789474,0.2818846466287571,-0.6774758983347939,0.15280898876404483,2.20920278223649,0.7509810916874775,1.0862944162436545,3,2.875,-1.386,Defensive Stopper / Central Shield [CB]
George Santos T,Manchester United,CB,CB,29,2010,Premier League,2025-2026,1,2,4,7,1,1,4,1698,70,2,86.2,11,14,63.6,8,31,44,34,97,123,48.7,0.045,0.09,0.179,0.313,0.045,0.045,0.179,76.03,3.134,0.09,0.493,0.627,0.358,1.388,1.97,1.522,4.343,5.507,55.8,72.7,6.5,92.2,26.0,74.0,79.2,26.0,87.0,35.1,57.1,18.2,24.7,78.6,26.0,27.3,81.8,22.1,41.6,53.2,2.6,-0.2735042735042735,-0.14130434782608697,-0.6587009803921567,-0.06837606837606836,-0.453986013986014,-0.505050505050505,-0.5336538461538461,-0.8691189050470487,1.0132969991463656,-0.280373831775701,-0.4427480916030534,0.4166666666666668,-0.8920831490490934,-0.41850220264317195,0.5065789473684211,-0.10722989439480109,0.8851884312007011,0.18426966292134822,1.7356875334403425,0.25080271138066335,0.11675126903553319,3,2.528,-1.178,Defensive Stopper / Central Shield [CB]
Mason Taylor,Manchester United,CB,CB,26,1691,Premier League,2025-2026,0,1,17,5,1,0,5,1128,99,2,85.3,36,6,42.5,16,37,22,34,102,111,51.5,0.0,0.053,0.905,0.266,0.053,0.0,0.266,60.035,5.269,0.106,1.916,0.319,0.852,1.969,1.171,1.81,5.429,5.908,23.4,54.5,88.3,77.9,67.5,80.5,28.6,40.3,51.9,93.5,73.4,11.7,90.9,44.2,1.3,63.6,27.3,41.6,68.8,70.1,9.1,-0.46581196581196577,-0.2753623188405797,-0.21384803921568624,-0.1353276353276353,-0.3158041958041958,-0.46464646464646464,-0.7499999999999999,-0.7946963216424294,0.48814761310657284,0.4322429906542055,-0.38167938931297707,0.33333333333333287,-0.26271561256081377,-0.6898678414096919,-0.8815789473684208,0.36474411047928523,0.18492550394390891,0.5078651685393258,2.316746923488497,0.39386371744559406,0.2588832487309645,3,2.331,-0.788,Defensive Stopper / Central Shield [CB]
James Santos V,Manchester United,FW,FW,20,1296,Premier League,2025-2026,9,7,43,11,0,3,22,240,45,1,68.7,35,15,52.7,57,13,7,10,11,20,54.9,0.625,0.486,2.986,0.764,0.0,0.208,1.528,16.667,3.125,0.069,2.431,1.042,3.958,0.903,0.486,0.694,0.764,1.389,81.2,61.3,61.3,22.5,22.5,6.2,65.0,88.8,33.8,92.5,15.0,16.9,58.8,41.2,72.5,92.5,95.0,50.0,91.2,21.2,85.0,2.205128205128205,1.293478260869565,1.0612745098039216,0.5740740740740742,0.553006993006993,-0.7323232323232323,0.24999999999999994,0.2848588537211291,-0.935714754744238,-0.2833778371161549,-0.5229007633587786,-1.203703703703704,-0.03494029190623607,-0.052863436123348075,-0.21052631578947337,-0.5012185215272137,-0.41542506573181415,-0.7460674157303372,-0.1792402354200107,-1.2183374955404924,0.4314720812182741,0,-2.283,-1.798,Direct Goal Threat / Box Striker [FW]
Carlos Diallo,Manchester United,FW,FW,31,2201,Premier League,2025-2026,17,5,84,42,2,1,17,513,31,4,68.6,119,28,56.5,159,12,5,12,6,34,28.6,0.695,0.204,3.435,1.717,0.082,0.041,0.695,20.977,1.268,0.164,4.866,1.145,6.502,0.491,0.204,0.491,0.245,1.39,88.8,10.0,78.8,78.8,67.5,27.5,11.9,22.5,61.3,22.5,36.2,14.4,98.8,48.1,87.5,57.5,47.5,20.0,30.0,22.5,12.5,2.504273504273504,0.27173913043478254,1.3363970588235294,1.9316239316239319,1.2646153846153845,-0.3181818181818181,-0.5528846153846153,-0.4277159965782721,-0.7942084181495831,-0.9032042723631508,-0.16030534351145032,-1.2129629629629641,1.0420168067226891,0.03788546255506602,0.039473684210526404,-0.8359057676685622,-0.6625766871165644,-0.9741573033707867,-0.4569288389513109,-1.2179807349268643,-0.9035532994923855,0,-3.317,-1.968,Direct Goal Threat / Box Striker [FW]
Oliver Wilson X,Newcastle United,FW,FW,33,1195,Premier League,2025-2026,3,10,41,4,3,2,12,259,30,4,79.9,40,4,40.3,151,10,7,15,6,32,41.6,0.226,0.753,3.088,0.301,0.226,0.151,0.904,19.506,2.259,0.301,3.013,0.301,11.372,0.753,0.527,1.13,0.452,2.41,16.2,90.0,68.8,5.0,100.0,71.2,45.0,40.0,51.2,68.8,72.5,91.2,73.8,6.2,30.0,87.5,96.2,97.5,58.1,63.7,56.2,0.5,2.260869565217391,1.1237745098039216,-0.08547008547008547,2.6268531468531466,0.40909090909090917,-0.024038461538461557,-0.24893071000855435,-0.8425044323330488,-0.572429906542056,0.36259541984732824,-0.16666666666666644,0.22246793454223804,-0.7057268722466963,-1.026315789473684,-0.6230706742485784,-0.3794916739702015,-0.2561797752808991,-0.34617442482611027,-0.8540849090260436,-0.2436548223350252,0,-2.515,-1.188,Direct Goal Threat / Box Striker [FW]
Leo Brown Y,Newcastle United,FW,FW,19,878,Premier League,2025-2026,1,2,21,18,1,2,11,166,40,0,70.3,24,25,44.8,59,4,2,6,6,28,39.2,0.103,0.205,2.153,1.845,0.103,0.205,1.128,17.016,4.1,0.0,2.46,2.563,6.048,0.41,0.205,0.615,0.615,2.87,5.0,11.2,25.0,83.8,58.8,31.2,63.7,56.2,37.5,98.8,5.6,22.5,60.0,100.0,45.0,46.2,48.8,40.0,80.0,82.5,47.5,-0.02564102564102566,0.27536231884057966,0.5508578431372548,2.113960113960114,1.1376223776223777,-0.2121212121212121,0.235576923076923,-0.057313943541488596,-0.9242563530107034,0.04205607476635495,-0.7862595419847328,-1.0555555555555565,-0.022114108801415226,1.2872246696035246,-0.7302631578947368,-0.9017059301380993,-0.6617002629272568,-0.8348314606741574,-0.25896201177100053,-0.6899750267570461,-0.3654822335025378,0,-2.308,-0.882,Direct Goal Threat / Box Striker [FW]
Oliver Brown Z,Newcastle United,W,W,23,2362,Premier League,2025-2026,8,13,31,17,9,7,30,392,135,0,80.2,111,93,42.6,249,34,18,21,12,97,52.0,0.305,0.495,1.181,0.648,0.343,0.267,1.143,14.936,5.144,0.0,4.229,3.544,9.488,1.296,0.686,0.8,0.457,3.696,59.3,86.4,6.8,32.2,100.0,89.8,38.1,23.7,8.5,91.5,2.5,84.7,32.2,88.1,18.6,71.2,66.1,13.6,44.1,47.5,94.9,0.8376068376068376,1.326086956521739,-0.04473039215686271,0.4088319088319089,2.0998601398601395,1.0000000000000002,0.5336538461538461,-0.04448246364414033,-0.9925471140587039,0.3905206942590119,-0.7862595419847328,-0.13888888888888892,0.7602830605926584,2.151541850220265,-0.8749999999999997,-0.18196588139723802,-0.24014022787028913,-0.6269662921348315,-0.3434991974317817,-0.3952907599001071,0.28426395939086296,4,-2.318,0.173,Attacking Winger / Ball Carrier [W]
Ben Diallo,Newcastle United,W,W,32,1439,Premier League,2025-2026,6,7,44,23,4,6,17,574,49,8,68.4,101,0,49.5,28,23,8,13,15,45,3.7,0.375,0.438,2.752,1.438,0.25,0.375,1.063,35.9,3.065,0.5,6.317,0.0,1.751,1.438,0.5,0.813,0.938,2.814,67.8,76.3,57.6,89.8,1.7,57.6,79.7,16.9,83.1,37.3,81.4,3.4,79.7,2.5,47.5,84.7,42.4,15.3,91.5,18.6,1.7,1.1367521367521367,1.1195652173913042,0.917892156862745,1.5341880341880343,-0.06433566433566439,0.5303030303030303,1.0528846153846152,-0.11291702309666392,-0.3042550397268371,-0.3034045393858478,1.1221374045801529,-1.2314814814814816,1.6837682441397617,-0.9709251101321589,-0.4210526315789472,-0.06661251015434613,-0.4031551270815074,-0.6123595505617979,-0.08614232209737831,-0.7099536211202284,-2.1675126903553292,4,-2.793,0.308,Attacking Winger / Ball Carrier [W]
Marcus Traore B,Newcastle United,W,W,27,1120,Premier League,2025-2026,0,5,25,5,3,1,23,207,50,2,74.7,71,19,51.5,26,18,13,28,7,58,16.2,0.0,0.402,2.009,0.402,0.241,0.08,1.848,16.634,4.018,0.161,5.705,1.527,2.089,1.446,1.045,2.25,0.562,4.661,7.6,61.0,27.1,20.3,3.4,49.2,9.3,55.9,11.9,71.2,25.4,23.7,64.4,27.1,55.9,86.4,98.3,100.0,56.8,81.4,6.8,-0.46581196581196577,0.9891304347826086,0.46262254901960775,0.05840455840455846,0.03020979020979017,0.48484848484848486,-0.36538461538461536,0.5585970915312233,-0.9367982139339419,0.014686248331108006,-0.17175572519083962,-0.6481481481481484,1.4130915524104382,0.37444933920704837,-0.28947368421052616,-0.060113728675873335,0.07449605609114808,1.0022471910112358,-0.2873194221508828,-0.05101676774884077,-1.5329949238578677,4,-0.947,0.86,Attacking Winger / Ball Carrier [W]
Marcus Mendy C,Newcastle United,AM,AM,19,738,Premier League,2025-2026,4,2,19,4,4,1,13,270,56,3,74.3,24,13,43.6,16,19,3,9,4,33,42.2,0.488,0.244,2.317,0.488,0.488,0.122,1.585,32.927,6.829,0.366,2.927,1.585,1.951,2.317,0.366,1.098,0.488,4.024,95.2,45.2,57.1,19.0,14.3,95.2,11.9,14.3,19.0,73.8,40.5,9.5,38.1,42.9,14.3,100.0,19.0,40.5,45.2,40.5,76.2,1.6196581196581197,0.4166666666666666,0.6513480392156863,0.18091168091168092,-0.008391608391608399,1.732323232323232,-0.16346153846153846,0.3336184773310521,-0.401864863090157,0.9529372496662213,0.6106870229007634,-0.6851851851851859,0.18443166740380376,0.4255506607929515,-0.8092105263157892,0.6474411047928516,-0.5205959684487291,-0.29213483146067415,-0.3269127875869449,-0.2782732786300393,-0.21319796954314696,5,-1.509,0.931,Advanced Playmaker / Chance Creator [AM]
Mason Smith D,Newcastle United,AM,AM,27,1778,Premier League,2025-2026,0,0,17,14,8,9,60,728,149,6,85.3,29,13,66.2,65,19,21,33,9,96,37.4,0.0,0.0,0.861,0.709,0.405,0.456,3.037,36.85,7.542,0.304,1.468,0.658,3.29,0.962,1.063,1.67,0.456,4.859,6.0,4.8,7.1,40.5,31.0,66.7,81.0,73.8,33.3,85.7,33.3,85.7,4.8,7.1,97.6,26.2,88.1,92.9,35.7,66.7,47.6,-0.46581196581196577,-0.46739130434782605,-0.24080882352941177,0.49572649572649574,0.3661538461538461,1.3131313131313131,1.4423076923076923,1.5757057313943539,-0.27306454790202905,1.1909212283044055,0.37404580152671757,0.33333333333333287,-0.4608580274214949,-0.39118942731277545,0.6776315789473686,-0.4532900081234769,0.09027169149868534,0.3505617977528088,-0.34403424291064744,0.01962183374955395,-0.4568527918781725,1,-0.054,1.785,Overlapping Wingback / Wide Progressor [FB]
George Mendy E,Newcastle United,CM,CM,32,1674,Premier League,2025-2026,0,3,14,6,0,4,27,987,61,7,92.4,48,30,51.0,32,19,30,28,11,94,48.6,0.0,0.161,0.753,0.323,0.0,0.215,1.452,53.065,3.28,0.376,2.581,1.613,1.72,1.022,1.613,1.505,0.591,5.054,8.5,55.9,3.4,37.3,44.1,5.1,66.1,51.7,45.8,10.2,67.8,94.9,52.5,83.1,18.6,3.4,84.7,59.3,15.3,22.0,48.3,-0.46581196581196577,0.11594202898550723,-0.306985294117647,-0.0541310541310541,-0.07300699300699304,-0.7323232323232323,0.2836538461538461,0.21984602224123173,0.25930789940245574,-0.2316421895861149,0.648854961832061,0.9907407407407413,0.03140203449800981,0.4502202643171806,-0.3223684210526314,-0.404549147034931,0.5723049956178791,0.16516853932584247,-0.27180310326377743,0.08919015340706386,0.11167512690355343,1,0.574,0.512,Overlapping Wingback / Wide Progressor [FB]
Mason Lopez F,Newcastle United,CM,CM,28,871,Premier League,2025-2026,0,2,9,2,2,2,11,597,47,0,91.0,18,7,52.3,18,18,16,22,8,47,42.8,0.0,0.207,0.93,0.207,0.207,0.207,1.137,61.688,4.856,0.0,1.86,0.723,1.86,1.86,1.653,2.273,0.827,4.856,8.5,86.4,15.3,11.9,52.5,61.0,61.0,25.4,72.9,25.4,4.2,93.2,16.9,25.4,27.1,37.3,88.1,89.8,27.1,18.6,28.8,-0.46581196581196577,0.28260869565217384,-0.19852941176470584,-0.21937321937321938,-0.033846153846153845,0.3131313131313131,0.24519230769230763,-0.0496150556030796,0.5424190688817389,0.29439252336448585,-0.7862595419847328,0.861111111111111,-0.28748341441839886,-0.33392070484581515,-0.23684210526315794,0.2761982128350935,0.6073619631901841,1.0280898876404494,-0.1455323702514714,0.018551551908669143,-0.18274111675126908,1,1.228,0.332,Overlapping Wingback / Wide Progressor [FB]
Oliver King G,Newcastle United,CM,CM,29,880,Premier League,2025-2026,2,2,19,6,2,2,9,595,85,4,93.6,11,5,64.8,20,30,12,9,11,40,36.7,0.205,0.205,1.943,0.614,0.205,0.205,0.92,60.852,8.693,0.409,1.125,0.511,2.045,3.068,1.227,0.92,1.125,4.091,87.3,83.1,89.8,88.1,62.7,57.6,57.6,16.9,67.8,93.2,72.0,96.6,3.4,13.6,84.7,96.6,49.2,18.6,47.5,10.2,18.6,0.4102564102564102,0.27536231884057966,0.4221813725490196,0.36039886039886043,0.017902097902097854,0.303030303030303,0.235576923076923,-0.23524379811804963,0.5149714360759077,1.5751001335113481,0.7748091603053434,1.1018518518518514,-0.6125608137992039,-0.5207048458149781,0.5855263157894735,1.2575142160844843,0.23400525854513596,-0.4921348314606742,0.013911182450508307,-0.25437031751694616,-0.49238578680203016,1,0.668,0.829,Overlapping Wingback / Wide Progressor [FB]
Liam Rodriguez H,Newcastle United,DM,DM,34,1659,Premier League,2025-2026,1,0,12,0,3,1,9,1114,77,8,85.1,11,0,61.8,10,29,46,39,33,177,61.0,0.054,0.0,0.651,0.0,0.163,0.054,0.488,60.434,4.177,0.434,0.597,0.0,0.542,1.573,2.495,2.116,1.79,9.602,42.3,16.7,46.2,7.7,33.3,84.6,29.5,15.4,56.4,38.5,84.6,35.9,17.9,3.8,59.0,7.7,97.4,64.1,53.8,94.9,69.2,-0.23504273504273504,-0.46739130434782605,-0.369485294117647,-0.5142450142450142,-0.40251748251748254,0.09090909090909098,-0.49038461538461536,-0.6047904191616766,0.5012476196729923,0.06775700934579418,0.8702290076335878,0.3148148148148141,-0.8460858027421495,-0.9709251101321589,0.3881578947368419,0.04305442729488216,1.3453111305872043,0.851685393258427,0.36971642589620124,1.7117374241883696,0.7411167512690355,2,2.584,0.254,Defensive Anchor / Deep Distributor [DM]
Mason Santos I,Newcastle United,DM,DM,28,1566,Premier League,2025-2026,0,1,19,1,1,2,21,987,41,3,90.9,48,16,50.1,10,54,40,36,28,153,49.2,0.0,0.057,1.092,0.057,0.057,0.115,1.207,56.724,2.356,0.172,2.759,0.92,0.575,3.103,2.299,2.069,1.609,8.793,16.7,44.9,82.1,17.9,38.5,35.9,56.4,84.6,51.3,5.1,28.2,74.4,87.2,53.8,21.8,64.1,92.3,61.5,33.3,74.4,25.6,-0.46581196581196577,-0.2608695652173913,-0.09926470588235288,-0.43304843304843305,-0.39328671328671333,-0.4444444444444444,-0.19711538461538458,0.010265183917878538,0.3794405410729528,-0.5400534045393859,-0.1297709923664122,0.8518518518518523,0.11012826183104828,-0.16035242290748905,-0.3815789473684208,1.2859463850528028,1.1735319894829097,0.7988764044943818,0.27287319422150885,1.4231180877631107,0.14213197969543168,2,2.121,0.714,Defensive Anchor / Deep Distributor [DM]
Lucas Santos,Newcastle United,FB,FB,27,2309,Premier League,2025-2026,1,1,0,5,3,2,53,1420,220,8,77.1,52,24,49.0,41,29,44,40,67,98,48.5,0.039,0.039,0.0,0.195,0.117,0.078,2.066,55.349,8.575,0.312,2.027,0.935,1.598,1.13,1.715,1.559,2.612,3.82,38.3,24.7,3.2,42.9,59.1,31.8,15.6,87.0,68.8,97.4,71.4,35.1,19.5,32.5,24.7,7.8,71.4,50.0,68.8,14.3,68.2,-0.29914529914529914,-0.3260869565217391,-0.7683823529411764,-0.23646723646723644,-0.10713286713286713,-0.14141414141414133,-0.37499999999999994,0.7450812660393497,0.3342964081686255,1.5357142857142851,0.40458015267175573,-0.4259259259259268,-0.2136222910216717,-0.14713656387665205,-0.45394736842105243,-0.31681559707554846,0.6617002629272569,0.2258426966292133,0.8095238095238096,-0.3510524438102035,0.10659898477157366,1,1.109,0.763,Overlapping Wingback / Wide Progressor [FB]
Arthur Williams,Newcastle United,FB,FB,20,2355,Premier League,2025-2026,3,4,0,11,0,10,39,984,201,1,79.0,172,41,36.8,34,51,39,39,69,88,40.5,0.115,0.153,0.0,0.42,0.0,0.382,1.49,37.605,7.682,0.038,6.573,1.567,1.299,1.949,1.49,1.49,2.637,3.363,90.9,96.1,3.2,94.8,45.5,6.5,96.1,59.7,11.7,93.5,15.6,57.1,100.0,61.0,1.3,37.7,54.5,41.6,70.1,5.2,27.3,0.02564102564102566,0.0869565217391304,-0.7683823529411764,0.08404558404558404,-0.1907692307692308,-0.7323232323232323,1.0865384615384615,0.2523524379811804,-0.2482763149254713,1.2376502002670227,-0.6412213740458015,-0.25000000000000033,1.796992481203008,0.4096916299559471,-1.256578947368421,0.3484971567831032,0.4645048203330412,0.1483146067415729,0.8228999464954523,-0.5140920442383162,-0.29949238578680193,1,0.12,1.02,Overlapping Wingback / Wide Progressor [FB]
James Lopez L,Newcastle United,FB,FB,20,2411,Premier League,2025-2026,0,3,11,8,4,7,34,1013,107,3,89.3,88,35,62.9,40,80,33,34,38,199,45.3,0.0,0.112,0.411,0.299,0.149,0.261,1.269,37.814,3.994,0.112,3.285,1.307,1.493,2.986,1.232,1.269,1.418,7.428,16.9,76.0,27.3,71.4,50.6,48.1,75.3,42.9,13.0,23.4,26.0,98.7,55.8,50.6,80.5,87.0,37.7,22.1,16.9,97.4,48.1,-0.46581196581196577,-0.06159420289855072,-0.5165441176470588,-0.08831908831908833,-0.1365034965034965,0.020202020202020218,0.5048076923076923,0.06330196749358412,-0.24141440672401346,0.006675567423230979,-0.3587786259541984,0.7037037037037034,0.3427686864219374,0.18061674008810563,0.4605263157894736,1.1909017059301383,0.238387379491674,-0.10000000000000021,0.17067950775815943,0.9361398501605421,-0.05583756345177671,1,1.257,0.829,Overlapping Wingback / Wide Progressor [FB]
Lucas Traore M,Newcastle United,FB,FB,21,2724,Premier League,2025-2026,0,3,11,5,10,8,59,1286,173,5,79.1,113,27,68.4,42,80,64,61,32,174,54.5,0.0,0.099,0.363,0.165,0.33,0.264,1.949,42.489,5.716,0.165,3.733,0.892,1.388,2.643,2.115,2.015,1.057,5.749,16.9,64.9,20.8,35.1,46.8,93.5,77.9,79.2,23.4,66.2,40.3,59.1,64.9,27.3,94.2,76.6,94.8,79.2,9.1,67.5,86.4,-0.46581196581196577,-0.10869565217391303,-0.5459558823529411,-0.2792022792022792,-0.16587412587412592,0.9343434343434345,0.5192307692307693,0.6449957228400341,-0.08792435484930082,0.5814419225634178,-0.15648854961832054,-0.2407407407407416,0.5409111012826185,-0.18502202643171817,0.8223684210526319,0.9122664500406173,1.012269938650307,0.7382022471910112,-0.022471910112359574,0.33713877987870117,0.41116751269035534,1,1.295,1.414,Overlapping Wingback / Wide Progressor [FB]
Marcus King,Newcastle United,CB,CB,31,860,Premier League,2025-2026,1,1,6,2,1,0,3,560,30,1,90.2,7,6,80.7,4,23,11,23,61,51,57.5,0.105,0.105,0.628,0.209,0.105,0.0,0.314,58.605,3.14,0.105,0.733,0.628,0.419,2.407,1.151,2.407,6.384,5.337,92.9,90.9,63.6,72.7,30.5,100.0,28.6,53.2,46.8,36.4,70.8,56.5,35.1,80.5,87.0,90.9,26.0,79.2,90.9,41.6,25.3,-0.01709401709401711,-0.08695652173913046,-0.383578431372549,-0.21652421652421652,-0.4369230769230769,-0.202020202020202,-0.7499999999999999,-0.7536355859709153,0.4411977148860725,-0.27837116154873165,-0.38549618320610685,0.7870370370370372,-0.7859354268022999,-0.4176211453744495,1.631578947368421,0.7205523964256703,0.1673970201577564,1.1786516853932583,2.827715355805244,0.19015340706385997,0.5634517766497462,3,3.275,-1.359,Defensive Stopper / Central Shield [CB]
Ben Wilson,Newcastle United,CB,CB,25,1771,Premier League,2025-2026,0,0,18,6,0,1,9,1078,73,2,84.3,19,8,69.0,0,41,33,25,138,100,61.7,0.0,0.0,0.915,0.305,0.0,0.051,0.457,54.783,3.71,0.102,0.966,0.407,0.0,2.084,1.677,1.27,7.013,5.082,23.4,16.9,89.6,89.6,5.8,28.6,83.1,72.7,36.4,51.9,63.6,5.8,48.1,53.9,42.9,74.0,61.0,15.6,98.7,35.1,50.0,-0.46581196581196577,-0.46739130434782605,-0.20772058823529407,-0.07977207977207977,-0.5541258741258741,-0.7323232323232323,-0.5048076923076923,-0.6313088109495295,0.31571344146037167,-0.08811748998664894,-0.3969465648854961,0.24074074074074028,-0.6828836797877046,-0.6123348017621147,0.8618421052631579,0.4581640942323315,0.6283961437335671,-0.0988764044943821,3.1642589620117714,0.09917945058865486,0.7766497461928935,3,3.063,-1.473,Defensive Stopper / Central Shield [CB]
Carlos Williams P,Newcastle United,CB,CB,27,1364,Premier League,2025-2026,1,0,7,2,0,0,6,977,53,1,92.5,4,9,72.2,12,26,10,41,86,66,70.1,0.066,0.0,0.462,0.132,0.0,0.0,0.396,64.465,3.497,0.066,0.264,0.594,0.792,1.716,0.66,2.705,5.674,4.355,61.0,16.9,36.4,45.5,58.4,28.6,28.6,64.9,61.0,46.8,43.5,78.6,10.4,74.0,58.4,46.8,6.5,92.2,76.6,13.0,83.1,-0.18376068376068375,-0.46739130434782605,-0.4852941176470588,-0.3262108262108262,-0.3325874125874126,-0.7323232323232323,-0.7499999999999999,-0.6834901625320787,0.6335938013001511,-0.15921228304405882,-0.5343511450381678,1.0,-0.9933657673595754,-0.4475770925110134,1.0723684210526316,0.15922014622258324,-0.2629272567922874,1.5134831460674156,2.4478330658105945,-0.16018551551908664,1.2030456852791875,3,3.343,-1.611,Defensive Stopper / Central Shield [CB]
George Fernandez Q,Newcastle United,CB,CB,30,2206,Premier League,2025-2026,1,1,21,3,2,1,12,1620,104,2,87.0,30,17,75.2,22,16,37,42,72,161,47.8,0.041,0.041,0.857,0.122,0.082,0.041,0.49,66.092,4.243,0.082,1.224,0.694,0.898,0.653,1.51,1.714,2.937,6.568,53.9,43.5,83.1,44.2,74.0,94.8,76.0,81.2,66.2,72.7,55.8,22.1,68.8,84.4,74.0,1.3,46.8,32.5,14.3,88.3,1.3,-0.2905982905982906,-0.3188405797101449,-0.24325980392156862,-0.3404558404558405,-0.30293706293706296,-0.3181818181818181,-0.5528846153846153,-0.6030795551753636,0.6870116225622168,0.08978638184245664,-0.4732824427480915,0.4907407407407406,-0.5687748783724016,-0.3594713656387667,1.2697368421052633,-0.7043054427294883,0.4820333041191937,0.39999999999999986,0.9834135901551633,0.6293257224402424,0.07106598984771566,3,2.22,-0.777,Defensive Stopper / Central Shield [CB]
Lucas Mendy,Newcastle United,FW,FW,24,1410,Premier League,2025-2026,2,7,46,4,1,1,11,300,26,2,76.1,72,33,25.8,104,7,3,9,7,36,35.1,0.128,0.447,2.936,0.255,0.064,0.064,0.702,19.149,1.66,0.128,4.596,2.106,6.638,0.447,0.191,0.574,0.447,2.298,6.2,55.0,60.0,2.5,73.8,18.8,13.8,23.8,48.8,37.5,23.8,69.4,93.8,95.0,2.5,50.0,41.2,27.5,55.6,56.2,30.6,0.0811965811965812,1.1521739130434783,1.0306372549019607,-0.15099715099715097,1.3026573426573427,-0.409090909090909,-0.44230769230769224,-0.4217279726261763,-0.8542254908398451,-0.7723631508678237,-0.2977099236641221,-0.5185185185185195,0.9226006191950467,0.8845814977973568,-1.9802631578947363,-0.8716490658001625,-0.6739702015775635,-0.8808988764044945,-0.34884965222043873,-0.8940420977524083,-0.5736040609137053,0,-2.476,-0.979,Direct Goal Threat / Box Striker [FW]
Gabriel Fernandez,Newcastle United,FW,FW,33,1450,Premier League,2025-2026,4,11,62,19,2,3,8,271,40,5,72.6,44,10,52.0,86,7,2,11,4,44,37.3,0.248,0.683,3.848,1.179,0.124,0.186,0.497,16.821,2.483,0.31,2.731,0.621,5.338,0.434,0.124,0.683,0.248,2.731,20.0,84.4,86.2,58.8,45.0,34.4,61.3,12.5,36.2,80.0,75.0,40.0,67.5,15.0,70.0,48.8,27.5,48.1,31.2,77.5,40.6,0.594017094017094,2.0072463768115942,1.5894607843137254,1.1652421652421654,0.939020979020979,-0.10606060606060601,0.14423076923076922,-0.5970915312232677,-0.9306586118589534,-0.49766355140186913,0.3969465648854962,-0.8425925925925936,0.09774436090225569,-0.42378854625550677,-0.2565789473684209,-0.8822095857026809,-0.7326906222611743,-0.7584269662921349,-0.45532370251471377,-0.7395647520513737,-0.4619289340101523,0,-2.701,-1.528,Direct Goal Threat / Box Striker [FW]
Leo Smith T,Nottingham Forest,FW,FW,20,972,Premier League,2025-2026,7,7,37,3,1,2,15,277,9,3,68.7,24,11,53.6,75,6,0,9,3,36,55.8,0.648,0.648,3.426,0.278,0.093,0.185,1.389,25.648,0.833,0.278,2.222,1.019,6.944,0.556,0.0,0.833,0.278,3.333,85.0,81.2,77.5,3.8,78.8,30.0,59.4,80.0,85.0,11.2,70.0,16.9,50.0,36.9,77.5,62.5,5.6,70.0,33.8,90.0,88.1,2.3034188034188032,1.8804347826086956,1.3308823529411764,-0.11823361823361819,1.3882517482517482,-0.26262626262626254,0.1394230769230769,0.1659538066723695,-0.6408496946615012,-1.0483978638184244,0.27480916030534364,-1.203703703703704,-0.12737726669615207,-0.07312775330396494,-0.151315789473684,-0.7831031681559708,-0.8413672217353199,-0.5898876404494383,-0.43927233814874267,-0.5247948626471638,0.47715736040609125,0,-2.721,-1.719,Direct Goal Threat / Box Striker [FW]
Oliver Evans,Nottingham Forest,FW,FW,30,687,Premier League,2025-2026,2,3,40,7,3,3,10,151,11,1,70.6,19,2,30.8,62,0,3,1,4,16,57.9,0.262,0.393,5.24,0.917,0.393,0.393,1.31,19.782,1.441,0.131,2.489,0.262,8.122,0.0,0.393,0.131,0.524,2.096,22.5,35.0,98.8,28.7,95.0,100.0,98.8,76.2,55.0,27.5,25.0,25.0,61.3,3.8,12.5,4.4,86.2,3.8,66.2,47.5,93.8,0.653846153846154,0.9565217391304347,2.4424019607843137,0.7920227920227921,1.7177622377622377,1.2525252525252526,1.1394230769230769,0.09837467921300255,-0.8334427736555258,-0.845460614152203,-0.28625954198473275,-1.0277777777777788,-0.009287925696594387,-0.7400881057268724,-1.6513157894736838,-1.2347684809098296,-0.4969325153374233,-1.3786516853932584,-0.30765115034777957,-0.9661077417053158,0.5837563451776648,0,-3.389,-1.343,Direct Goal Threat / Box Striker [FW]
Noah Davies,Nottingham Forest,W,W,25,2260,Premier League,2025-2026,10,5,67,36,10,2,68,639,105,4,77.7,145,19,57.5,181,25,23,26,19,34,58.2,0.398,0.199,2.668,1.434,0.398,0.08,2.708,25.447,4.181,0.159,5.774,0.757,7.208,0.996,0.916,1.035,0.757,1.354,72.9,16.9,54.2,88.1,86.4,96.6,9.3,91.5,37.3,74.6,20.3,54.2,71.2,13.6,71.2,35.6,88.1,35.6,74.6,1.7,98.3,1.235042735042735,0.2536231884057971,0.866421568627451,1.5284900284900285,1.4620979020979021,1.2777777777777777,-0.36538461538461536,1.2942686056458512,-0.6474489460896974,0.06909212283044053,-0.17938931297709917,-0.37037037037037046,1.4436090225563913,-0.30396475770925124,0.10526315789473692,-0.42567018683996755,-0.03856266432953543,-0.36292134831460693,-0.18298555377207062,-1.2308241170174814,0.5989847715736042,4,-2.174,-0.249,Attacking Winger / Ball Carrier [W]
David Gomez,Nottingham Forest,W,W,19,2230,Premier League,2025-2026,5,9,88,31,0,5,51,803,76,6,77.3,80,89,68.8,137,24,19,35,10,93,27.9,0.202,0.363,3.552,1.251,0.0,0.202,2.058,32.408,3.067,0.242,3.229,3.592,5.529,0.969,0.767,1.413,0.404,3.753,39.0,52.5,93.2,76.3,52.5,7.6,28.8,64.4,74.6,39.0,39.0,50.0,18.6,89.8,94.9,33.9,79.7,78.8,32.2,50.8,28.8,0.39743589743589747,0.8478260869565216,1.4080882352941175,1.2678062678062678,0.9924475524475525,-0.7323232323232323,0.2211538461538462,0.7382378100940973,-0.41890472125549943,-0.30273698264352467,0.13740458015267176,-0.40740740740740805,0.3180008845643522,2.1938325991189433,0.8486842105263155,-0.44760357432981324,-0.16914986853637157,0.06179775280898869,-0.371856607811664,-0.37495540492329654,-0.9390862944162435,4,-1.986,0.14,Attacking Winger / Ball Carrier [W]
Mason Gomez,Nottingham Forest,AM,AM,25,637,Premier League,2025-2026,2,3,12,5,3,4,21,251,32,4,82.6,17,15,53.7,8,6,4,8,8,34,27.6,0.283,0.424,1.695,0.706,0.424,0.565,2.967,35.463,4.521,0.565,2.402,2.119,1.13,0.848,0.565,1.13,1.13,4.804,61.9,90.5,28.6,38.1,9.5,76.2,95.2,71.4,26.2,42.9,50.0,63.1,16.7,73.8,59.5,14.3,35.7,45.2,95.2,61.9,14.3,0.7435897435897435,1.0688405797101448,0.27022058823529416,0.49145299145299143,-0.23804195804195807,1.4090909090909092,1.9663461538461533,1.515825491873396,-0.31860266596624864,0.18257676902536704,1.3702290076335877,0.08333333333333257,-0.04776647501105691,0.8960352422907492,-0.14473684210526286,-0.5458976441917142,-0.34618755477651186,-0.2561797752808991,0.01658640984483677,0.0,-0.9543147208121825,5,-1.895,1.819,Advanced Playmaker / Chance Creator [AM]
Leo Taylor,Nottingham Forest,AM,AM,18,712,Premier League,2025-2026,3,2,25,8,1,5,21,266,67,10,80.8,24,12,58.7,43,13,6,14,4,45,33.1,0.379,0.253,3.16,1.011,0.126,0.632,2.654,33.624,8.469,1.264,3.034,1.517,5.435,1.643,0.758,1.77,0.506,5.688,83.3,47.6,95.2,71.4,83.3,16.7,100.0,61.9,21.4,100.0,100.0,47.6,42.9,38.1,88.1,82.1,60.7,97.6,50.0,88.1,31.0,1.153846153846154,0.4492753623188405,1.1678921568627452,0.9259259259259258,0.966153846153846,-0.0959595959595959,2.2884615384615383,1.2480752780153976,-0.3789808917197452,1.500333778371161,4.038167938931298,-0.08333333333333388,0.2317558602388324,0.3656387665198237,0.1842105263157897,0.0999187652315191,-0.17703768624014019,0.46292134831460663,-0.31728196896736227,0.31537638244737765,-0.6751269035532993,5,-2.074,2.947,Advanced Playmaker / Chance Creator [AM]
Alex Diallo,Nottingham Forest,CM,CM,24,1751,Premier League,2025-2026,0,1,4,3,0,4,25,1185,112,5,94.0,59,22,51.2,14,51,30,43,28,110,53.1,0.0,0.051,0.206,0.154,0.0,0.206,1.285,60.908,5.757,0.257,3.033,1.131,0.72,2.621,1.542,2.21,1.439,5.654,8.5,11.9,1.7,8.5,8.5,5.1,59.3,37.3,69.5,42.4,47.5,98.3,66.1,52.5,22.0,79.7,78.0,88.1,72.9,35.6,72.0,-0.46581196581196577,-0.28260869565217395,-0.642156862745098,-0.2948717948717949,-0.3527272727272727,-0.7323232323232323,0.2403846153846153,0.07698887938408884,0.5168100334887386,0.5951268357810411,0.19465648854961837,1.1388888888888888,0.23131357806280417,0.02555066079295147,-0.30921052631578916,0.8943948009748173,0.5100788781770378,0.9573033707865167,0.1819154628143393,0.303246521584017,0.34010152284263967,2,1.898,1.016,Defensive Anchor / Deep Distributor [DM]
Leo Garcia C,Nottingham Forest,CM,CM,33,2628,Premier League,2025-2026,3,3,64,19,5,7,49,1526,264,12,81.2,49,18,61.9,44,68,49,70,30,123,65.9,0.103,0.103,2.192,0.651,0.171,0.24,1.678,52.26,9.041,0.411,1.678,0.616,1.507,2.329,1.678,2.397,1.027,4.212,37.3,33.1,98.3,91.5,28.8,40.7,79.7,57.6,40.7,94.9,74.6,11.9,11.9,16.9,66.1,67.8,89.8,96.6,42.4,11.9,98.3,-0.02564102564102566,-0.09420289855072467,0.5747549019607844,0.41310541310541316,-0.13258741258741263,0.13131313131313144,0.40384615384615374,0.41317365269461065,0.23287806159301322,1.6912550066755672,0.782442748091603,-0.04629629629629631,-0.3679787704555506,-0.4281938325991191,0.3947368421052631,0.6571892770105607,0.6292725679228747,1.1674157303370782,-0.0385232744783307,-0.21120228326792742,0.9898477157360408,1,1.016,1.091,Overlapping Wingback / Wide Progressor [FB]
Dan Mendy,Nottingham Forest,DM,DM,22,933,Premier League,2025-2026,1,1,10,4,0,2,7,735,30,2,80.1,15,10,57.8,3,35,18,16,19,120,65.4,0.096,0.096,0.965,0.386,0.0,0.193,0.675,70.9,2.894,0.193,1.447,0.965,0.289,3.376,1.736,1.543,1.833,11.576,67.9,69.2,71.8,89.7,17.9,12.8,87.2,30.8,76.9,20.5,35.9,7.7,43.6,56.4,41.0,87.2,51.3,20.5,56.4,97.4,87.2,-0.055555555555555546,-0.11956521739130434,-0.17708333333333334,0.03561253561253565,-0.4732867132867133,-0.7323232323232323,0.1778846153846154,-0.4448246364414029,0.8448683432924028,-0.3604806408544726,-0.04961832061068696,-0.14814814814814897,-0.47014595311808927,-0.1207048458149781,0.12499999999999989,1.5077173030056865,0.6801051709027169,0.20786516853932566,0.39272338148742647,2.415982875490546,0.9644670050761424,2,2.278,0.375,Defensive Anchor / Deep Distributor [DM]
James Santos E,Nottingham Forest,DM,DM,18,2545,Premier League,2025-2026,3,2,16,0,1,0,15,1838,145,16,86.5,38,35,46.6,2,91,48,48,32,220,47.7,0.106,0.071,0.566,0.0,0.035,0.0,0.53,64.998,5.128,0.566,1.344,1.238,0.071,3.218,1.697,1.697,1.132,7.78,79.5,51.3,41.0,7.7,10.3,25.6,12.8,20.5,69.2,53.8,100.0,41.0,38.5,84.6,10.3,76.9,46.2,33.3,17.9,59.0,17.9,-0.01282051282051283,-0.2101449275362319,-0.4215686274509804,-0.5142450142450142,-0.5342657342657343,-0.5555555555555555,-0.7499999999999999,-0.5688622754491018,0.6510933088187013,0.38518024032042714,1.3740458015267174,0.4444444444444443,-0.5157010172490049,0.11982378854625544,-0.6118421052631576,1.379366368805849,0.6459246275197196,0.3808988764044943,0.017656500802568177,1.0617195861576882,0.06598984771573625,2,1.821,1.001,Defensive Anchor / Deep Distributor [DM]
Mateo Jones,Nottingham Forest,FB,FB,28,1706,Premier League,2025-2026,0,2,17,5,0,4,36,726,75,6,77.0,56,11,71.4,36,38,22,17,40,114,37.9,0.0,0.106,0.897,0.264,0.0,0.211,1.899,38.3,3.957,0.317,2.954,0.58,1.899,2.005,1.161,0.897,2.11,6.014,16.9,71.4,70.1,62.3,75.3,6.5,61.0,74.0,14.3,20.8,74.0,31.2,42.9,16.9,97.4,41.6,27.3,6.5,44.8,74.0,16.9,-0.46581196581196577,-0.08333333333333336,-0.21874999999999997,-0.13817663817663814,-0.022937062937062956,-0.7323232323232323,0.26442307692307687,0.602224123182207,-0.22545800774837496,-0.005674232309746444,0.4236641221374046,-0.43518518518518556,0.1963732861565681,-0.45991189427312795,1.0197368421052635,0.3939886271324126,0.17616126205083266,-0.5179775280898877,0.5409309791332263,0.4316803424901891,-0.4314720812182741,1,0.808,0.377,Overlapping Wingback / Wide Progressor [FB]
James Santos G,Nottingham Forest,FB,FB,34,811,Premier League,2025-2026,0,0,4,0,1,3,12,495,67,2,77.5,34,8,50.5,3,26,11,14,12,52,38.4,0.0,0.0,0.444,0.0,0.111,0.333,1.332,54.932,7.435,0.222,3.773,0.888,0.333,2.885,1.221,1.554,1.332,5.771,16.9,12.3,31.2,7.1,11.7,27.9,90.9,46.8,64.9,92.2,59.7,41.6,67.5,26.0,31.2,81.8,33.8,48.1,14.3,68.8,18.2,-0.46581196581196577,-0.46739130434782605,-0.4963235294117647,-0.5142450142450142,-0.460979020979021,-0.17171717171717166,0.8509615384615384,0.11719418306244654,0.3206054238623679,1.1552069425901197,0.06106870229007639,-0.38888888888888923,0.5586023883237508,-0.18854625550660803,-0.35526315789473667,1.108854589764419,0.2287467134092902,0.22022471910112354,0.124665596575709,0.3449875133785229,-0.4060913705583756,1,1.139,1.607,Overlapping Wingback / Wide Progressor [FB]
Mason Taylor H,Nottingham Forest,FB,FB,33,1719,Premier League,2025-2026,1,1,3,4,5,2,4,850,137,7,77.4,72,33,68.4,5,28,8,22,58,86,32.9,0.052,0.052,0.157,0.209,0.262,0.105,0.209,44.503,7.173,0.366,3.77,1.728,0.262,1.466,0.419,1.152,3.037,4.503,52.6,37.7,13.0,46.8,10.4,77.3,20.8,5.2,29.9,89.6,89.6,38.3,66.2,68.8,94.2,14.3,1.3,15.6,83.1,33.8,7.8,-0.24358974358974358,-0.27898550724637683,-0.6721813725490196,-0.21652421652421652,-0.48083916083916084,0.5909090909090909,-0.24519230769230768,-0.8434559452523525,-0.021800512180707908,1.0677570093457942,0.6106870229007634,-0.398148148148148,0.5572755417956659,0.5515418502202644,0.8223684210526319,-0.04386677497969135,-0.474145486415425,-0.23146067415730356,1.0369181380417336,-0.10738494470210494,-0.6852791878172588,1,0.839,0.586,Overlapping Wingback / Wide Progressor [FB]
Ben Lopez J,Nottingham Forest,CB,CB,19,1192,Premier League,2025-2026,0,0,13,4,1,0,2,906,52,1,91.4,24,5,60.1,2,24,36,16,80,62,60.2,0.0,0.0,0.982,0.302,0.076,0.0,0.151,68.406,3.926,0.076,1.812,0.378,0.151,1.812,2.718,1.208,6.04,4.681,23.4,16.9,93.5,87.7,15.6,91.6,28.6,22.1,75.3,58.4,54.5,68.2,88.3,50.6,14.9,53.2,100.0,9.1,83.1,22.1,39.0,-0.46581196581196577,-0.46739130434782605,-0.16666666666666666,-0.08404558404558404,-0.5118881118881119,-0.34848484848484845,-0.7499999999999999,-0.893071000855432,0.7629850942281176,-0.01602136181575435,-0.4961832061068702,0.8981481481481487,-0.30871295886775757,-0.6378854625550663,0.27631578947368435,0.23720552396425676,1.5407537248028045,-0.16853932584269676,2.6436597110754416,-0.0438815554762755,0.7005076142131981,3,3.036,-1.226,Defensive Stopper / Central Shield [CB]
Mateo Wilson K,Nottingham Forest,CB,CB,21,2465,Premier League,2025-2026,2,1,32,3,1,1,0,805,74,4,92.3,50,3,84.2,9,49,44,49,175,127,53.2,0.073,0.037,1.168,0.11,0.037,0.037,0.0,29.391,2.702,0.146,1.826,0.11,0.329,1.789,1.606,1.789,6.389,4.637,67.5,37.0,98.7,37.7,20.8,68.2,68.2,5.8,3.9,23.4,83.1,76.0,89.6,20.8,89.6,50.6,57.1,37.7,92.2,18.2,10.4,-0.15384615384615385,-0.3333333333333333,-0.05269607843137259,-0.3575498575498576,-0.46209790209790214,-0.5454545454545453,-0.5721153846153846,-1.0222412318220702,-0.517959156871758,-0.42456608811749,-0.22900763358778625,0.9814814814814812,-0.30252100840336127,-0.8740088105726875,1.8618421052631577,0.2185215272136474,0.5661700262927258,0.4842696629213481,2.830390583199572,-0.05957902247591891,0.34517766497461944,3,2.958,-1.732,Defensive Stopper / Central Shield [CB]
Thomas Santos L,Nottingham Forest,CB,CB,26,540,Premier League,2025-2026,1,0,2,0,0,0,2,468,30,1,88.4,8,1,85.2,4,10,3,11,34,25,58.0,0.167,0.0,0.333,0.0,0.0,0.0,0.333,78.0,5.0,0.167,1.333,0.167,0.667,1.667,0.5,1.833,5.667,4.167,98.7,16.9,19.5,7.8,50.6,28.6,28.6,55.8,92.2,83.1,90.9,36.4,71.4,25.3,92.2,41.6,2.6,44.2,75.3,11.7,29.2,0.2478632478632479,-0.46739130434782605,-0.5643382352941176,-0.5142450142450142,-0.36755244755244754,-0.7323232323232323,-0.7499999999999999,-0.737382378100941,1.0779762295620199,0.3424566088117489,-0.14885496183206098,0.6203703703703708,-0.5205661211853162,-0.8237885462555068,1.9276315789473684,0.11941510966693748,-0.4031551270815074,0.5337078651685392,2.444087747458534,-0.2272565108811989,0.5888324873096447,3,3.108,-1.377,Defensive Stopper / Central Shield [CB]
Mason Garcia,Nottingham Forest,CB,CB,25,2601,Premier League,2025-2026,2,0,24,3,1,0,11,2671,133,1,93.5,28,23,76.1,0,35,60,58,89,137,48.8,0.069,0.0,0.83,0.104,0.035,0.0,0.381,92.422,4.602,0.035,0.969,0.796,0.0,1.211,2.076,2.007,3.08,4.74,64.9,16.9,80.5,34.4,5.8,64.9,28.6,62.3,100.0,75.3,27.3,87.7,50.0,88.3,77.9,14.3,84.4,54.5,15.6,24.7,3.9,-0.17094017094017092,-0.46739130434782605,-0.25980392156862747,-0.36609686609686615,-0.5541258741258741,-0.5555555555555555,-0.7499999999999999,-0.6963216424294268,1.551480727559262,0.20961281708945262,-0.6526717557251908,1.0925925925925926,-0.6815568332596197,-0.26960352422907496,1.3289473684210522,-0.25101543460601133,0.9780893952673094,0.7292134831460674,1.059925093632959,-0.02283267927220837,0.1218274111675126,3,2.924,-0.784,Defensive Stopper / Central Shield [CB]
Noah Smith N,Nottingham Forest,FW,FW,18,1954,Premier League,2025-2026,14,20,78,37,8,4,22,525,67,3,70.4,58,35,53.0,58,23,2,13,3,95,44.9,0.645,0.921,3.593,1.704,0.368,0.184,1.013,24.181,3.086,0.138,2.671,1.612,2.671,1.059,0.092,0.599,0.138,4.376,83.8,100.0,81.2,77.5,5.0,96.2,57.5,47.5,78.8,91.2,26.9,23.8,66.2,77.5,73.8,97.5,16.2,37.5,17.5,100.0,68.8,2.2905982905982905,2.869565217391304,1.4332107843137254,1.9131054131054133,0.19300699300699292,1.1262626262626263,0.13461538461538458,-0.15568862275449116,-0.6890143804583361,-0.29639519359145533,-0.2595419847328243,-1.0462962962962963,0.0712074303405573,0.44933920704845826,-0.1907894736842104,-0.3744922826969944,-0.7607361963190183,-0.8528089887640451,-0.5141787051899412,-0.1526935426328933,-0.07614213197969542,0,-3.358,-1.293,Direct Goal Threat / Box Striker [FW]
Dan Lopez O,Nottingham Forest,FW,FW,26,2711,Premier League,2025-2026,8,18,81,30,7,4,15,803,4,13,76.5,40,34,40.7,214,22,8,28,11,109,56.7,0.266,0.598,2.689,0.996,0.232,0.133,0.498,26.658,0.133,0.432,1.328,1.129,7.104,0.73,0.266,0.93,0.365,3.619,23.8,75.0,51.2,37.5,87.5,73.8,37.5,13.8,88.8,6.2,92.5,75.6,12.5,45.0,32.5,83.8,65.0,85.0,41.2,96.2,90.0,0.670940170940171,1.6992753623188404,0.8792892156862745,0.9045584045584046,1.433006993006993,0.4393939393939395,-0.11057692307692303,-0.5962360992301112,-0.6076892770372316,-1.2820427236315086,0.8625954198473282,-0.4814814814814819,-0.5227775320654577,0.023788546255506537,-0.9999999999999996,-0.6417546709991877,-0.6082383873794917,-0.4808988764044944,-0.39272338148742647,-0.4227613271494827,0.5228426395939088,0,-2.262,-1.464,Direct Goal Threat / Box Striker [FW]
Carlos Jones,Southampton,FW,FW,19,2533,Premier League,2025-2026,8,8,130,24,3,7,25,310,44,14,71.6,40,38,41.9,309,7,13,30,8,62,29.6,0.284,0.284,4.619,0.853,0.107,0.249,0.888,11.015,1.563,0.497,1.421,1.35,10.979,0.249,0.462,1.066,0.284,2.203,28.7,18.8,97.5,26.2,98.8,32.5,75.0,37.5,8.8,33.8,98.8,31.2,17.5,62.5,37.5,28.7,92.5,93.8,35.0,51.2,15.0,0.7478632478632478,0.5615942028985506,2.0618872549019605,0.7008547008547009,2.5169230769230766,-0.19191919191919188,0.4471153846153846,-0.2626176218990591,-1.1212817650535165,-0.804739652870494,1.1106870229007635,-0.9351851851851862,-0.48164528969482523,0.21850220264317186,-0.9210526315789472,-1.032493907392364,-0.43645924627519717,-0.3280898876404495,-0.43606206527554847,-0.9279343560470926,-0.8527918781725886,0,-3.201,-1.011,Direct Goal Threat / Box Striker [FW]
George Taylor Q,Southampton,FW,FW,21,2314,Premier League,2025-2026,9,6,45,29,6,7,12,416,58,6,77.5,51,48,45.0,180,10,5,6,4,52,43.2,0.35,0.233,1.75,1.128,0.233,0.272,0.467,16.18,2.256,0.233,1.984,1.867,7.001,0.389,0.194,0.233,0.156,2.022,42.5,16.2,13.8,51.2,81.2,75.0,77.5,8.8,30.0,67.5,57.5,83.1,41.2,86.2,46.2,42.5,42.5,7.5,22.5,46.2,63.7,1.0299145299145298,0.37681159420289856,0.30392156862745096,1.0925925925925926,1.4041958041958043,0.44444444444444453,0.5576923076923077,-0.622754491017964,-0.9517039858165344,-0.5734312416555408,0.1030534351145039,-0.38888888888888923,-0.23264042459088893,0.6740088105726872,-0.7171052631578945,-0.9187652315190903,-0.6713409290096407,-1.2640449438202248,-0.5045478865703585,-0.9925080271138068,-0.16243654822335002,0,-2.549,-1.131,Direct Goal Threat / Box Striker [FW]
Gabriel Diallo,Southampton,W,W,31,1117,Premier League,2025-2026,0,2,37,13,3,3,31,425,38,1,68.5,62,5,54.3,53,26,7,14,0,30,40.8,0.0,0.161,2.981,1.047,0.242,0.242,2.498,34.244,3.062,0.081,4.996,0.403,4.27,2.095,0.564,1.128,0.0,2.417,7.6,13.6,71.2,57.6,28.8,51.7,32.2,84.7,79.7,35.6,8.5,5.1,47.5,6.8,66.1,98.3,49.2,45.8,5.9,10.2,78.0,-0.46581196581196577,0.11594202898550723,1.0582107843137254,0.9772079772079771,0.6402797202797201,0.4898989898989899,0.4134615384615384,1.114627887082977,-0.35862499179197593,-0.30440587449933254,-0.4770992366412213,-1.2222222222222228,1.0995134896063694,-0.6158590308370046,-0.10526315789473692,0.4670999187652317,-0.3470639789658195,-0.2584269662921351,-0.5880149812734083,-0.8515875847306459,-0.28426395939086296,4,-1.468,0.33,Attacking Winger / Ball Carrier [W]
Oliver Rodriguez,Southampton,W,W,32,583,Premier League,2025-2026,2,3,10,7,2,2,20,150,36,1,81.0,32,11,37.0,28,6,4,9,2,37,28.6,0.309,0.463,1.544,1.081,0.309,0.309,3.087,23.156,5.557,0.154,4.94,1.698,4.322,0.926,0.617,1.389,0.309,5.712,61.0,80.5,10.2,64.4,30.5,79.7,62.7,98.3,27.1,96.6,18.6,86.4,45.8,32.2,10.2,30.5,55.1,76.3,25.4,94.9,33.1,0.8547008547008547,1.210144927536232,0.17769607843137256,1.0256410256410258,0.6548251748251749,0.8282828282828283,0.735576923076923,1.6184773310521814,-0.7226672795324711,0.5283711615487316,-0.19847328244274806,-0.06481481481481509,1.0747456877487842,0.5251101321585903,-1.2434210526315785,-0.4825345247766044,-0.3006134969325153,0.03483146067415721,-0.4226859283039059,0.32393863717445576,-0.9035532994923855,4,-2.293,1.214,Attacking Winger / Ball Carrier [W]
Gabriel Wilson,Southampton,W,W,25,1827,Premier League,2025-2026,8,6,60,11,0,4,26,556,52,10,75.6,111,52,53.8,97,28,5,34,9,48,35.9,0.394,0.296,2.956,0.542,0.0,0.197,1.281,27.389,2.562,0.493,5.468,2.562,4.778,1.379,0.246,1.675,0.443,2.365,71.2,35.6,69.5,27.1,42.4,7.6,27.1,30.5,50.8,18.6,78.0,35.6,55.9,62.7,61.0,72.9,11.9,93.2,42.4,8.5,64.4,1.217948717948718,0.6050724637681159,1.042892156862745,0.2578347578347579,0.7823776223776222,-0.7323232323232323,0.19711538461538464,0.07356715141146267,-0.5836890143804584,-0.47129506008010685,1.0954198473282444,-0.5648148148148158,1.3082706766917296,1.2863436123348018,-0.13815789473684217,-0.11454102355808288,-0.6257668711656441,0.35617977528089884,-0.35098983413590157,-0.8701391366393151,-0.532994923857868,4,-2.084,0.175,Attacking Winger / Ball Carrier [W]
Noah Fernandez U,Southampton,AM,AM,19,2112,Premier League,2025-2026,3,4,52,6,8,4,45,727,160,21,81.1,61,67,47.0,13,36,7,37,11,123,50.0,0.128,0.17,2.216,0.256,0.341,0.17,1.918,30.98,6.818,0.895,2.599,2.855,0.554,1.534,0.298,1.577,0.469,5.241,23.8,16.7,50.0,7.1,4.8,57.1,16.7,31.0,11.9,71.4,90.5,50.0,26.2,97.6,33.3,76.2,9.5,85.7,40.5,78.6,88.1,0.0811965811965812,0.14855072463768118,0.5894607843137256,-0.14957264957264957,-0.39916083916083916,0.9898989898989901,0.06730769230769236,0.6184773310521812,-0.46578895528268444,0.9492656875834442,2.6297709923664123,-0.05555555555555636,0.03936311366651943,1.5444933920704849,-0.5855263157894735,0.011372867587327388,-0.5801928133216476,0.2460674157303369,-0.3370786516853933,0.1559043881555474,0.18274111675126908,5,-0.858,2.225,Advanced Playmaker / Chance Creator [AM]
Ben Santos V,Southampton,AM,AM,28,2384,Premier League,2025-2026,0,6,44,22,6,9,56,1215,64,17,76.3,144,22,61.0,95,10,10,41,22,78,51.6,0.0,0.227,1.661,0.831,0.227,0.34,2.114,45.868,2.416,0.642,5.436,0.831,3.586,0.378,0.378,1.548,0.831,2.945,6.0,38.1,23.8,52.4,38.1,31.0,52.4,38.1,54.8,9.5,61.9,19.0,88.1,11.9,92.9,4.8,21.4,83.3,78.6,23.8,92.9,-0.46581196581196577,0.3550724637681159,0.2493872549019608,0.6695156695156695,0.44895104895104887,0.4141414141414142,0.8846153846153847,0.7861420017108638,0.0230152997570425,-0.5200267022696929,1.6641221374045803,-0.5000000000000007,1.2941176470588238,-0.23876651982378871,0.33552631578947373,-0.9277010560519903,-0.5100788781770377,0.21348314606741567,-0.14339218833600859,-0.663217980734927,0.2639593908629443,5,-1.191,0.79,Advanced Playmaker / Chance Creator [AM]
Gabriel Johnson W,Southampton,CM,CM,33,2156,Premier League,2025-2026,3,5,21,7,5,4,44,1314,158,5,86.0,43,47,52.9,67,46,31,28,17,90,37.4,0.125,0.209,0.877,0.292,0.209,0.167,1.837,54.852,6.596,0.209,1.795,1.962,2.797,1.92,1.294,1.169,0.71,3.757,50.8,88.1,13.6,27.1,88.1,62.7,42.4,71.2,52.5,64.4,35.6,59.3,13.6,91.5,30.5,40.7,54.2,30.5,20.3,8.5,22.0,0.06837606837606837,0.28985507246376807,-0.2310049019607843,-0.0982905982905983,0.22825174825174827,0.3232323232323232,0.052884615384615426,0.5491873396065012,0.3179788561297523,0.8751668891855806,0.011450381679389323,0.398148148148148,-0.31623175586023883,0.7577092511013216,-0.19736842105263155,0.3249390739236393,0.29272567922874676,-0.2123595505617978,-0.20813269127875872,-0.3735283624687835,-0.4568527918781725,1,0.067,0.915,Overlapping Wingback / Wide Progressor [FB]
Carlos Brown X,Southampton,CM,CM,34,755,Premier League,2025-2026,2,1,7,1,2,3,19,508,58,5,86.5,29,8,47.1,10,18,10,20,10,66,43.6,0.238,0.119,0.834,0.119,0.238,0.358,2.265,60.556,6.914,0.596,3.457,0.954,1.192,2.146,1.192,2.384,1.192,7.868,93.2,37.3,11.9,3.4,17.8,75.4,96.6,88.1,66.1,78.0,91.5,66.9,79.7,42.4,8.5,57.6,44.1,94.9,54.2,91.5,33.9,0.5512820512820512,-0.036231884057971044,-0.2573529411764706,-0.34472934472934474,-0.22069930069930072,0.46969696969696967,0.971153846153846,0.9153122326775022,0.5052531354652307,0.9813084112149529,1.4885496183206106,0.4444444444444443,0.4188412206988059,-0.13039647577092525,-0.5789473684210523,0.5085296506904955,0.20333041191936896,1.1528089887640447,0.049759229534510424,1.0931145201569747,-0.14213197969543132,1,0.588,2.361,Overlapping Wingback / Wide Progressor [FB]
Harry Brown Y,Southampton,CM,CM,31,877,Premier League,2025-2026,1,1,15,4,2,3,14,635,55,2,83.2,30,18,58.0,12,30,5,10,16,85,52.8,0.103,0.103,1.539,0.41,0.205,0.308,1.437,65.165,5.644,0.205,3.079,1.847,1.231,3.079,0.513,1.026,1.642,8.723,37.3,33.1,66.1,57.6,20.3,57.6,88.1,49.2,86.4,35.6,33.9,23.7,69.5,89.8,52.5,98.3,16.9,22.0,84.7,100.0,69.5,-0.02564102564102566,-0.09420289855072467,0.1746323529411764,0.06980056980056978,-0.2097902097902098,0.303030303030303,0.7307692307692307,0.20701454234388364,0.656576268960536,0.5574098798397863,-0.0038167938931297743,0.13888888888888892,0.25165855816010635,0.6563876651982379,0.13815789473684217,1.2664500406173844,-0.3917616126205083,-0.3730337078651686,0.29052969502407705,1.3981448448091334,0.32487309644670037,1,0.838,1.373,Overlapping Wingback / Wide Progressor [FB]
George Rodriguez Z,Southampton,DM,DM,19,2709,Premier League,2025-2026,1,1,14,6,3,6,20,1730,217,14,89.9,45,18,47.3,10,84,51,64,50,188,58.1,0.033,0.033,0.465,0.199,0.1,0.199,0.664,57.475,7.209,0.465,1.495,0.598,0.332,2.791,1.694,2.126,1.661,6.246,33.3,33.3,30.8,50.0,20.5,55.1,92.3,28.2,53.8,74.4,87.2,69.2,46.2,30.8,12.8,48.7,43.6,66.7,38.5,23.1,50.0,-0.32478632478632474,-0.34782608695652173,-0.48345588235294107,-0.23076923076923075,-0.4612587412587412,-0.22727272727272718,0.20673076923076927,-0.4542343883661249,0.40409744566288003,1.0797730307076099,0.9885496183206107,0.7592592592592597,-0.44891640866873056,-0.44405286343612355,-0.5657894736842105,1.032493907392364,0.6432953549517967,0.8629213483146065,0.3006955591225255,0.5144488048519444,0.5939086294416244,2,2.002,1.07,Defensive Anchor / Deep Distributor [DM]
Gabriel Traore A,Southampton,DM,DM,21,2110,Premier League,2025-2026,4,1,29,1,3,2,14,2255,138,7,92.6,13,35,41.9,10,55,50,45,39,173,46.2,0.171,0.043,1.237,0.043,0.128,0.085,0.597,96.185,5.886,0.299,0.555,1.493,0.427,2.346,2.133,1.919,1.664,7.379,100.0,38.5,94.9,15.4,25.6,69.2,43.6,23.1,100.0,61.5,61.5,85.9,15.4,97.4,5.1,35.9,76.9,51.3,41.0,48.7,12.8,0.264957264957265,-0.3115942028985507,-0.010416666666666607,-0.45299145299145305,-0.4346853146853147,-0.08585858585858579,-0.3413461538461538,-0.5115483319076134,1.6750279072821592,0.638184245660881,0.3549618320610687,1.0092592592592586,-0.8646616541353384,0.3444933920704847,-0.9210526315789472,0.6709991876523154,1.028045574057844,0.6303370786516853,0.30230069555912253,0.9186585800927576,-0.010152284263959173,2,1.961,0.834,Defensive Anchor / Deep Distributor [DM]
Liam Silva B,Southampton,FB,FB,31,2156,Premier League,2025-2026,2,3,9,7,3,7,48,1206,105,8,82.9,55,9,52.4,65,72,20,22,77,92,51.1,0.083,0.125,0.376,0.292,0.125,0.292,2.004,50.343,4.383,0.334,2.296,0.376,2.713,3.006,0.835,0.918,3.214,3.84,74.0,89.6,22.1,68.8,90.9,37.0,84.4,84.4,49.4,32.5,79.2,82.5,28.6,14.3,40.3,88.3,11.7,7.8,87.0,15.6,75.3,-0.11111111111111109,-0.014492753623188418,-0.5379901960784313,-0.0982905982905983,0.20475524475524473,-0.10101010101010095,0.6538461538461537,0.692044482463644,0.16993893230021676,0.13651535380507335,0.4885496183206108,0.11111111111111141,-0.0946483856700575,-0.6396475770925112,-0.2302631578947368,1.20714865962632,-0.10955302366345311,-0.49438202247191015,1.1316211878009634,-0.3439172315376384,0.2385786802030458,1,0.812,0.459,Overlapping Wingback / Wide Progressor [FB]
Dan Garcia,Southampton,FB,FB,18,1304,Premier League,2025-2026,0,1,3,4,4,5,15,516,62,1,81.9,20,1,51.9,30,21,26,24,50,61,29.9,0.0,0.069,0.207,0.276,0.276,0.345,1.035,35.613,4.279,0.069,1.38,0.069,2.071,1.449,1.794,1.656,3.451,4.21,16.9,46.8,15.6,66.2,80.5,81.8,92.9,22.1,10.4,29.9,19.5,72.7,7.8,5.2,38.3,13.0,80.5,58.4,93.5,22.1,5.2,-0.46581196581196577,-0.21739130434782605,-0.6415441176470588,-0.12108262108262104,0.025174825174825197,0.6616161616161618,0.9086538461538459,-0.13686911890504716,-0.3136778514675948,0.10180240320427225,-0.5229007633587786,0.018518518518518788,-0.49977885891198587,-0.9101321585903087,-0.26315789473684204,-0.05767668562144595,0.7309377738825592,0.3348314606741571,1.2584269662921352,-0.21191580449518385,-0.8375634517766496,1,1.043,-0.072,Overlapping Wingback / Wide Progressor [FB]
Leo Williams,Southampton,FB,FB,22,2146,Premier League,2025-2026,1,1,20,0,5,6,35,1576,124,8,80.4,102,5,55.3,14,55,38,45,62,114,38.5,0.042,0.042,0.839,0.0,0.21,0.252,1.468,66.095,5.2,0.336,4.278,0.21,0.587,2.307,1.594,1.887,2.6,4.781,42.2,27.3,63.6,7.1,16.9,68.8,71.4,55.8,90.9,54.5,80.5,66.2,80.5,9.1,49.4,61.0,59.7,75.3,67.5,39.0,20.8,-0.2863247863247863,-0.3152173913043478,-0.2542892156862745,-0.5142450142450142,-0.38993006993006996,0.3282828282828283,0.4615384615384615,0.23353293413173645,0.6871101188521899,0.40921228304405866,0.49618320610687033,-0.12037037037037014,0.7819548872180452,-0.7859030837004408,-0.039473684210526404,0.6393176279447603,0.5556529360210343,0.59438202247191,0.8031032637774213,-0.00820549411345008,-0.4010152284263958,1,1.276,1.127,Overlapping Wingback / Wide Progressor [FB]
Dan King,Southampton,FB,FB,30,500,Premier League,2025-2026,0,0,6,3,0,1,4,364,22,0,82.9,30,10,56.8,10,18,5,8,10,21,42.7,0.0,0.0,1.08,0.54,0.0,0.18,0.72,65.52,3.96,0.0,5.4,1.8,1.8,3.24,0.9,1.44,1.8,3.78,16.9,12.3,83.1,98.7,68.8,6.5,51.9,15.6,88.3,22.1,7.8,82.5,98.7,72.7,63.0,94.8,14.3,40.3,28.6,11.7,33.8,-0.46581196581196577,-0.46739130434782605,-0.10661764705882348,0.25498575498575504,-0.05062937062937064,-0.7323232323232323,0.11538461538461535,-0.4063301967493585,0.6682316632740165,-0.00467289719626176,-0.7862595419847328,0.11111111111111141,1.278195488721805,0.614977973568282,0.059210526315789366,1.3972380178716495,-0.05258545135845744,0.09213483146067399,0.3750668806848583,-0.36532286835533373,-0.1878172588832485,1,0.965,0.391,Overlapping Wingback / Wide Progressor [FB]
Liam Santos F,Southampton,CB,CB,18,2146,Premier League,2025-2026,2,0,19,6,1,0,0,1463,76,3,89.3,26,0,76.2,10,36,25,23,156,154,70.5,0.084,0.0,0.797,0.252,0.042,0.0,0.0,61.356,3.187,0.126,1.09,0.0,0.419,1.51,1.048,0.965,6.542,6.459,81.8,16.9,79.2,76.6,30.5,71.4,28.6,5.8,58.4,37.7,80.5,48.7,61.0,5.8,79.9,33.8,22.1,3.9,94.8,85.7,85.1,-0.1068376068376068,-0.46739130434782605,-0.2800245098039215,-0.15527065527065526,-0.4369230769230769,-0.5202020202020201,-0.7499999999999999,-1.0222412318220702,0.5315188127913849,-0.26268357810413895,-0.30534351145038163,0.7037037037037034,-0.6280406899601946,-0.9709251101321589,1.3355263157894737,-0.00812347684809099,0.07712532865907105,-0.4415730337078653,2.912252541466025,0.5904388155547625,1.2233502538071066,3,3.142,-1.901,Defensive Stopper / Central Shield [CB]
Jack Traore G,Southampton,CB,CB,25,590,Premier League,2025-2026,0,0,3,0,0,0,3,437,19,0,93.9,6,3,69.6,8,14,6,8,35,36,60.4,0.0,0.0,0.458,0.0,0.0,0.0,0.458,66.661,2.898,0.0,0.915,0.458,1.22,2.136,0.915,1.22,5.339,5.492,23.4,16.9,35.1,7.8,88.3,28.6,28.6,74.0,70.1,29.9,13.0,93.5,40.3,61.0,46.8,79.2,14.3,11.7,62.3,50.6,41.6,-0.46581196581196577,-0.46739130434782605,-0.4877450980392157,-0.5142450142450142,-0.21286713286713288,-0.7323232323232323,-0.7499999999999999,-0.630453378956373,0.705693085560444,-0.3591455273698264,-0.7862595419847328,1.1296296296296302,-0.7054400707651481,-0.5674008810572689,0.9013157894736837,0.5004061738424047,-0.039439088518843056,-0.15505617977528102,2.268592830390584,0.24545130217623964,0.7106598984771573,3,3.093,-1.447,Defensive Stopper / Central Shield [CB]
Gabriel Santos,Southampton,CB,CB,29,1174,Premier League,2025-2026,1,1,13,1,0,0,6,851,25,0,91.0,20,1,56.1,13,34,18,18,64,82,61.1,0.077,0.077,0.997,0.077,0.0,0.0,0.46,65.239,1.917,0.0,1.533,0.077,0.997,2.606,1.38,1.38,4.906,6.286,77.3,67.5,94.8,24.7,81.8,28.6,28.6,75.3,63.6,9.1,13.0,64.9,75.3,15.6,9.1,96.1,41.6,16.9,51.9,79.2,45.5,-0.13675213675213674,-0.18840579710144928,-0.15747549019607843,-0.4045584045584045,-0.2752447552447553,-0.7323232323232323,-0.7499999999999999,-0.62874251497006,0.6590058441132052,-0.6865821094793058,-0.7862595419847328,0.861111111111111,-0.43210968597965504,-0.9030837004405289,0.01315789473684229,0.8822095857026807,0.3680981595092024,0.024719101123595277,2.0369181380417336,0.5287192293970744,0.7461928934010152,3,2.721,-1.402,Defensive Stopper / Central Shield [CB]
Gabriel Traore I,Southampton,CB,CB,24,966,Premier League,2025-2026,1,1,4,0,0,0,5,811,55,0,85.5,17,6,72.0,0,14,17,24,60,61,66.6,0.093,0.093,0.373,0.0,0.0,0.0,0.466,75.559,5.124,0.0,1.584,0.559,0.0,1.304,1.584,2.236,5.59,5.683,85.7,74.0,23.4,7.8,5.8,28.6,28.6,77.9,84.4,87.0,13.0,13.0,77.9,68.8,57.1,22.1,53.2,66.2,72.7,61.0,66.2,-0.06837606837606837,-0.13043478260869565,-0.539828431372549,-0.5142450142450142,-0.5541258741258741,-0.7323232323232323,-0.7499999999999999,-0.6236099230111207,0.9978330816205923,0.3838451268357808,-0.7862595419847328,0.3518518518518517,-0.4095532950022113,-0.47841409691629966,1.0592105263157894,-0.17546709991876522,0.546888694127958,0.9865168539325844,2.402889245585875,0.3135925793792364,1.0253807106598982,3,3.296,-1.251,Defensive Stopper / Central Shield [CB]
Arthur King J,Southampton,FW,FW,28,2003,Premier League,2025-2026,6,8,41,20,6,8,7,262,44,0,75.2,70,34,50.1,99,10,1,19,20,57,33.7,0.27,0.359,1.842,0.899,0.27,0.359,0.315,11.772,1.977,0.0,3.145,1.528,4.448,0.449,0.045,0.854,0.899,2.561,25.0,26.2,16.2,27.5,31.2,81.2,93.8,3.8,13.8,53.8,5.6,61.3,76.2,70.0,62.5,51.2,11.2,71.2,97.5,71.2,23.8,0.6880341880341881,0.8333333333333331,0.3602941176470588,0.7663817663817665,0.6900699300699302,0.6313131313131314,0.9759615384615383,-0.7527801539777589,-1.0964278678836432,-0.6665554072096127,-0.7862595419847328,-0.601851851851852,0.28084918177797447,0.37533039647577093,-0.3815789473684208,-0.8700243704305444,-0.8019281332164767,-0.5662921348314608,-0.1070090957731407,-0.8002140563681771,-0.644670050761421,0,-2.108,-1.165,Direct Goal Threat / Box Striker [FW]
Liam Mendy K,Southampton,FW,FW,30,635,Premier League,2025-2026,5,3,19,7,1,2,6,115,12,1,70.9,16,9,36.0,36,8,1,3,1,8,61.5,0.709,0.425,2.693,0.992,0.142,0.283,0.85,16.299,1.701,0.142,2.268,1.276,5.102,1.134,0.142,0.425,0.142,1.134,90.0,46.2,52.5,36.2,42.5,40.0,81.2,30.0,31.2,38.8,30.0,26.9,51.2,55.0,22.5,100.0,29.4,15.0,18.8,15.0,96.2,2.564102564102564,1.072463768115942,0.8817401960784313,0.8988603988603989,0.8730069930069931,-0.015151515151515164,0.6105769230769229,-0.29512403763900774,-0.9477969663142689,-0.7586782376502001,-0.24427480916030533,-1.0,-0.10703228659885008,0.15330396475770922,-1.3092105263157892,-0.31356620633631205,-0.7169149868536371,-1.0483146067415732,-0.5120385232744784,-1.3093114520156977,0.766497461928934,0,-3.01,-1.808,Direct Goal Threat / Box Striker [FW]
Mason Smith L,Tottenham Hotspur,FW,FW,24,1914,Premier League,2025-2026,4,12,120,37,3,6,13,285,37,5,67.5,45,22,60.4,62,2,5,22,12,52,38.5,0.188,0.564,5.643,1.74,0.141,0.282,0.611,13.401,1.74,0.235,2.116,1.034,2.915,0.094,0.235,1.034,0.564,2.445,12.5,70.0,100.0,81.2,7.5,38.8,80.0,17.5,22.5,41.2,60.0,8.1,46.2,40.0,95.0,8.8,55.0,92.5,72.5,65.0,45.0,0.3376068376068376,1.5760869565217388,2.689338235294117,1.9643874643874646,0.2612587412587412,-0.020202020202020218,0.6057692307692306,-0.4995722840034218,-1.042944382428262,-0.7456608811748997,0.11068702290076335,-1.3148148148148153,-0.17425917735515248,-0.05991189427312782,0.2960526315789473,-1.1584077985377743,-0.635407537248028,-0.3640449438202248,-0.2862493311931515,-0.8415982875490547,-0.4010152284263958,0,-2.833,-1.696,Direct Goal Threat / Box Striker [FW]
James Davies M,Tottenham Hotspur,FW,FW,22,1403,Premier League,2025-2026,9,5,29,10,6,3,20,182,37,3,75.1,21,19,40.8,62,11,0,14,9,23,32.2,0.577,0.321,1.86,0.641,0.385,0.192,1.283,11.675,2.373,0.192,1.347,1.219,3.977,0.706,0.0,0.898,0.577,1.475,75.0,22.5,17.5,15.0,23.8,98.8,62.5,70.0,11.2,76.2,41.9,60.0,13.8,52.5,33.8,81.2,5.6,80.0,76.2,26.2,18.8,1.9999999999999998,0.6956521739130435,0.3713235294117647,0.3988603988603989,0.5583216783216782,1.2121212121212122,0.17307692307692307,0.07527801539777575,-1.0996125812594395,-0.5343791722296395,-0.05343511450381673,-0.611111111111112,-0.51437417072092,0.10308370044052864,-0.9934210526315789,-0.6612510154346061,-0.8413672217353199,-0.5168539325842697,-0.2792937399678973,-1.1876560827684624,-0.7208121827411165,0,-2.556,-1.015,Direct Goal Threat / Box Striker [FW]
Dan Jones,Tottenham Hotspur,W,W,25,637,Premier League,2025-2026,1,0,20,11,2,0,13,183,28,1,75.3,19,19,39.6,40,5,0,10,5,37,13.1,0.141,0.0,2.826,1.554,0.283,0.0,1.837,25.856,3.956,0.141,2.684,2.684,5.651,0.706,0.0,1.413,0.706,5.228,32.2,2.5,61.0,96.6,57.6,67.8,2.5,54.2,39.0,69.5,16.9,32.2,11.9,74.6,13.6,16.9,4.2,78.8,72.9,88.1,5.1,0.13675213675213668,-0.46739130434782605,0.9632352941176471,1.6994301994301997,1.0265734265734265,0.6969696969696969,-0.7499999999999999,0.5491873396065012,-0.6340206185567011,-0.006008010680907956,-0.2480916030534351,-0.5925925925925932,0.07695709862892543,1.393832599118943,-1.0723684210526312,-0.6612510154346061,-0.8413672217353199,0.06179775280898869,-0.21027287319422155,0.15126650017838011,-1.6903553299492382,4,-2.073,0.278,Attacking Winger / Ball Carrier [W]
Mason Davies,Tottenham Hotspur,W,W,19,1742,Premier League,2025-2026,4,2,51,13,0,3,42,261,82,8,75.7,44,13,48.4,54,18,15,19,8,67,44.1,0.207,0.103,2.635,0.672,0.0,0.155,2.17,13.485,4.237,0.413,2.273,0.672,2.79,0.93,0.775,0.982,0.413,3.462,42.4,6.8,52.5,33.9,6.8,7.6,18.6,72.9,3.4,79.7,62.7,37.3,6.8,10.2,39.8,32.2,81.4,28.8,34.7,45.8,93.2,0.41880341880341876,-0.09420289855072467,0.8462009803921566,0.44301994301994313,0.22629370629370626,-0.7323232323232323,-0.004807692307692311,0.8340461933276303,-1.0401864863090158,0.08778371161548727,0.7900763358778625,-0.5555555555555557,-0.10482087571870839,-0.3788546255506609,-0.49342105263157887,-0.479285134037368,-0.16213847502191056,-0.4224719101123597,-0.36704119850187267,-0.47877274348911886,-0.11675126903553283,5,-1.162,-0.141,Advanced Playmaker / Chance Creator [AM]
Mason Williams P,Tottenham Hotspur,W,W,32,2064,Premier League,2025-2026,8,6,51,17,5,3,32,566,90,2,76.5,90,45,46.1,118,23,16,29,1,63,32.3,0.349,0.262,2.224,0.741,0.218,0.131,1.395,24.68,3.924,0.087,3.924,1.962,5.145,1.003,0.698,1.265,0.044,2.747,66.1,27.1,35.6,40.7,44.1,40.7,12.7,33.9,32.2,66.1,10.2,40.7,30.5,44.1,25.4,39.0,69.5,62.7,11.9,15.3,49.2,1.0256410256410255,0.48188405797101447,0.5943627450980393,0.5413105413105413,0.8850349650349649,0.36868686868686873,-0.12019230769230765,0.17108639863130876,-0.6726311642261475,-0.016688918558077522,-0.4541984732824427,-0.4814814814814819,0.6253869969040249,0.7577092511013216,-0.6447368421052628,-0.419983753046304,-0.22962313759859773,-0.10449438202247213,-0.5644729802033173,-0.7338565822333216,-0.715736040609137,4,-1.944,-0.223,Attacking Winger / Ball Carrier [W]
James Williams Q,Tottenham Hotspur,AM,AM,21,1115,Premier League,2025-2026,3,3,26,14,6,3,38,615,92,9,71.3,44,8,51.4,62,18,14,17,3,18,37.5,0.242,0.242,2.099,1.13,0.484,0.242,3.067,49.641,7.426,0.726,3.552,0.646,5.004,1.453,1.13,1.372,0.242,1.453,50.0,42.9,45.2,78.6,76.2,92.9,22.6,78.6,73.8,83.3,69.0,2.4,57.1,4.8,47.6,66.7,92.9,69.0,8.3,7.1,50.0,0.5683760683760684,0.4094202898550724,0.5177696078431373,1.0954415954415955,0.8455944055944055,1.712121212121212,0.4134615384615384,1.6013686911890506,0.14689080044651642,1.152202937249666,1.984732824427481,-0.9629629629629638,0.4608580274214951,-0.4017621145374451,-0.2960526315789473,-0.05442729488220955,0.14899211218229616,0.0157303370786517,-0.458533975387908,-1.195504816268284,-0.45177664974619275,5,-2.021,1.811,Advanced Playmaker / Chance Creator [AM]
George Jones R,Tottenham Hotspur,AM,AM,31,2590,Premier League,2025-2026,0,5,54,29,9,15,45,1462,161,23,78.8,153,53,47.6,103,34,25,21,17,143,36.3,0.0,0.174,1.876,1.008,0.313,0.521,1.564,50.803,5.595,0.799,5.317,1.842,3.579,1.181,0.869,0.73,0.591,4.969,6.0,20.2,33.3,69.0,35.7,45.2,90.5,11.9,81.0,57.1,82.1,33.3,85.7,54.8,35.7,47.6,69.0,14.3,54.8,69.0,45.2,-0.46581196581196577,0.16304347826086948,0.3811274509803921,0.9216524216524218,0.446993006993007,0.8484848484848485,1.754807692307692,0.31565440547476475,0.18504169676275514,0.5410547396528703,2.2633587786259546,-0.2685185185185191,1.2414860681114555,0.6519823788546256,-0.5460526315789471,-0.27538586515028435,-0.07975460122699383,-0.70561797752809,-0.27180310326377743,0.05886550124866216,-0.5126903553299492,5,-1.628,2.294,Advanced Playmaker / Chance Creator [AM]
Alex Taylor,Tottenham Hotspur,CM,CM,33,2259,Premier League,2025-2026,6,2,45,2,5,2,0,1220,143,6,86.1,63,31,59.4,44,50,19,43,27,143,53.1,0.239,0.08,1.793,0.08,0.199,0.08,0.0,48.606,5.697,0.239,2.51,1.235,1.753,1.992,0.757,1.713,1.076,5.697,94.9,27.1,83.1,1.7,45.8,52.5,15.3,1.7,28.8,40.7,44.1,61.9,47.5,57.6,59.3,45.8,25.4,69.5,44.1,39.0,72.0,0.5555555555555556,-0.17753623188405795,0.3302696078431372,-0.40028490028490027,-0.06377622377622383,0.2727272727272728,-0.36538461538461536,-1.0222412318220702,0.11290958040580472,0.5751001335113484,0.12595419847328243,0.4074074074074067,0.0,0.11718061674008813,0.2302631578947368,0.3834281072298944,-0.17791411042944782,0.398876404494382,-0.012306046013911135,0.318587227970032,0.34010152284263967,1,0.865,0.011,Overlapping Wingback / Wide Progressor [FB]
Thomas Lopez,Tottenham Hotspur,CM,CM,30,2196,Premier League,2025-2026,5,4,46,8,5,3,15,1333,148,7,86.7,106,26,50.3,38,49,41,35,15,179,54.5,0.205,0.164,1.885,0.328,0.205,0.123,0.615,54.631,6.066,0.287,4.344,1.066,1.557,2.008,1.68,1.434,0.615,7.336,87.3,57.6,88.1,40.7,34.7,57.6,25.4,3.4,50.8,54.2,49.2,69.5,94.9,47.5,16.1,47.5,91.5,52.5,16.9,81.4,84.7,0.4102564102564102,0.12681159420289856,0.38664215686274506,-0.04700854700854697,-0.11860139860139864,0.303030303030303,-0.15865384615384615,-0.4961505560307956,0.3107229627684024,0.6982643524699598,0.3091603053435114,0.4629629629629631,0.8111455108359137,-0.03171806167400885,-0.368421052631579,0.39642567018684,0.6310254163014899,0.08539325842696611,-0.25896201177100053,0.9033178737067428,0.41116751269035534,1,0.574,0.793,Overlapping Wingback / Wide Progressor [FB]
Liam Gomez U,Tottenham Hotspur,CM,CM,28,1511,Premier League,2025-2026,2,3,21,3,3,6,21,1084,98,2,83.7,47,27,77.0,31,21,6,20,11,117,53.7,0.119,0.179,1.251,0.179,0.179,0.357,1.251,64.567,5.837,0.119,2.799,1.608,1.846,1.251,0.357,1.191,0.655,6.969,47.5,72.0,40.7,10.2,50.8,44.9,94.9,35.6,81.4,45.8,13.6,28.8,61.0,81.4,100.0,10.2,6.8,33.9,18.6,69.5,78.0,0.04273504273504271,0.18115942028985502,-0.0018382352941177166,-0.25925925925925924,-0.03776223776223776,0.1717171717171717,0.9663461538461536,0.04790419161676632,0.6369426751592354,0.6218291054739651,-0.33206106870229,0.18518518518518523,0.12781954887218053,0.4458149779735684,1.388157894736842,-0.21852152721364757,-0.5284837861524978,-0.1876404494382023,-0.2375601926163724,0.7723867285051731,0.37055837563451793,1,0.639,0.653,Overlapping Wingback / Wide Progressor [FB]
Oliver Lopez,Tottenham Hotspur,DM,DM,21,1844,Premier League,2025-2026,1,0,13,5,2,4,16,953,191,5,91.3,43,18,60.2,0,38,41,9,38,173,62.5,0.049,0.0,0.634,0.244,0.098,0.195,0.781,46.513,9.322,0.244,2.099,0.879,0.0,1.855,2.001,0.439,1.855,8.444,38.5,16.7,43.6,71.8,5.1,48.7,89.7,41.0,23.1,94.9,48.7,79.5,56.4,48.7,55.1,12.8,64.1,2.6,59.0,66.7,76.9,-0.2564102564102564,-0.46739130434782605,-0.3799019607843137,-0.16666666666666666,-0.5541258741258741,-0.2373737373737373,0.18750000000000003,-0.3541488451668093,0.044192002101254076,1.785046728971962,0.14503816793893132,0.8888888888888886,-0.18177797434763363,-0.19647577092511023,0.2828947368421055,0.27213647441104794,0.9123575810692375,-1.0325842696629213,0.40449438202247195,1.29860863360685,0.817258883248731,2,1.953,0.847,Defensive Anchor / Deep Distributor [DM]
Carlos Gomez,Tottenham Hotspur,DM,DM,26,876,Premier League,2025-2026,1,0,3,0,1,0,4,725,24,2,87.7,17,13,55.4,15,13,21,25,0,71,53.9,0.103,0.0,0.308,0.0,0.103,0.0,0.411,74.486,2.466,0.205,1.747,1.336,1.541,1.336,2.158,2.568,0.0,7.295,76.9,16.7,15.4,7.7,94.9,59.0,12.8,10.3,79.5,7.7,41.0,53.8,48.7,92.3,33.3,2.6,79.5,94.9,2.6,46.2,35.9,-0.02564102564102566,-0.46739130434782605,-0.579656862745098,-0.5142450142450142,-0.12307692307692311,-0.2121212121212121,-0.7499999999999999,-0.6706586826347305,0.9626042419068883,-0.5033377837116154,-0.0038167938931297743,0.5555555555555557,-0.3374613003095974,0.20616740088105728,-0.032894736842105254,-0.14947197400487405,1.0499561787905345,1.3595505617977528,-0.5880149812734083,0.8886906885479842,0.3807106598984771,2,1.864,0.104,Defensive Anchor / Deep Distributor [DM]
Oliver Johnson X,Tottenham Hotspur,FB,FB,32,1003,Premier League,2025-2026,0,2,7,3,3,1,16,711,49,2,74.8,58,11,65.8,11,34,20,15,18,49,39.3,0.0,0.179,0.628,0.269,0.269,0.09,1.436,63.799,4.397,0.179,5.204,0.987,0.987,3.051,1.795,1.346,1.615,4.397,16.9,98.7,45.5,64.9,36.4,80.5,18.2,51.9,84.4,33.8,45.5,13.0,97.4,35.1,89.6,90.9,81.8,29.9,22.1,27.3,26.0,-0.46581196581196577,0.18115942028985502,-0.383578431372549,-0.13105413105413102,-0.2780419580419581,0.6262626262626264,-0.3173076923076923,0.206159110350727,0.6117276249261278,0.1411882510013351,-0.1030534351145038,-0.6388888888888896,1.1915081822202567,-0.10132158590308381,0.651315789473684,1.2437043054427297,0.7318141980718668,-0.013483146067415743,0.2760834670947031,-0.14520156974669998,-0.3604060913705584,1,0.928,0.96,Overlapping Wingback / Wide Progressor [FB]
Liam Davies Y,Tottenham Hotspur,FB,FB,18,1013,Premier League,2025-2026,1,0,7,3,2,2,19,498,67,5,73.1,31,33,56.5,17,23,23,12,33,55,38.5,0.089,0.0,0.622,0.267,0.178,0.178,1.688,44.245,5.953,0.444,2.754,2.932,1.51,2.043,2.043,1.066,2.932,4.886,77.9,12.3,44.2,63.6,53.2,54.5,50.6,67.5,27.3,72.7,93.5,9.7,36.4,98.7,60.4,42.9,90.9,13.0,79.2,44.2,20.8,-0.08547008547008549,-0.46739130434782605,-0.38725490196078427,-0.13390313390313388,-0.13174825174825178,0.16666666666666666,0.10576923076923073,0.4217279726261761,-0.03027119311839268,0.6605473965287049,0.9083969465648856,-0.7962962962962973,0.10791685095090679,1.6123348017621146,0.039473684210526404,0.42485783915515857,0.949167397020158,-0.3280898876404495,0.9807383627608348,0.029254370317516893,-0.4010152284263958,1,0.471,1.378,Overlapping Wingback / Wide Progressor [FB]
George Diallo,Tottenham Hotspur,FB,FB,27,688,Premier League,2025-2026,0,1,7,2,2,1,14,422,49,0,82.3,33,8,50.1,7,11,13,20,13,35,46.2,0.0,0.131,0.916,0.262,0.262,0.131,1.831,55.203,6.41,0.0,4.317,1.047,0.916,1.439,1.701,2.616,1.701,4.578,16.9,92.9,71.4,60.4,32.5,77.3,32.5,71.4,67.5,79.2,7.8,76.6,83.1,37.7,29.9,11.7,70.1,97.4,24.7,36.4,51.9,-0.46581196581196577,0.007246376811594209,-0.20710784313725486,-0.141025641025641,-0.2979020979020979,0.5909090909090909,-0.12019230769230765,0.5440547476475619,0.3295029220566026,0.8130841121495326,-0.7862595419847328,0.055555555555555046,0.7992038920831493,-0.04845814977973583,-0.3815789473684208,-0.06580016246953693,0.6494303242769501,1.4134831460674158,0.3220973782771536,-0.08062789867998572,-0.010152284263959173,1,1.043,0.872,Overlapping Wingback / Wide Progressor [FB]
Dan Jones A,Tottenham Hotspur,FB,FB,29,1398,Premier League,2025-2026,0,1,5,1,3,4,18,485,134,3,81.4,24,33,67.3,2,33,20,42,52,54,38.7,0.0,0.064,0.322,0.064,0.193,0.258,1.159,31.223,8.627,0.193,1.545,2.124,0.129,2.124,1.288,2.704,3.348,3.476,16.9,39.0,18.2,16.9,7.8,61.0,72.7,29.9,2.6,98.7,48.1,68.8,11.7,90.9,90.9,51.9,44.2,98.7,88.3,9.1,23.4,-0.46581196581196577,-0.23550724637681159,-0.571078431372549,-0.4230769230769231,-0.5180419580419581,0.2424242424242425,0.49038461538461536,-0.030795551753635613,-0.4578107557948652,1.553070761014686,-0.04961832061068696,-0.027777777777777523,-0.4268022998673153,0.9004405286343614,0.7499999999999998,0.4906580016246955,0.28746713409290103,1.5123595505617977,1.2033172819689673,-0.47377809489832334,-0.3908629441624363,1,1.664,1.002,Overlapping Wingback / Wide Progressor [FB]
Jack Taylor B,Tottenham Hotspur,CB,CB,22,2337,Premier League,2025-2026,2,1,17,3,0,1,8,1107,151,1,91.6,25,22,65.6,1,55,62,43,142,147,60.9,0.077,0.039,0.655,0.116,0.0,0.039,0.308,42.632,5.815,0.039,0.963,0.847,0.039,2.118,2.388,1.656,5.469,5.661,77.3,40.3,66.2,41.6,11.7,28.6,72.7,50.6,18.8,97.4,30.5,70.1,46.8,92.2,28.6,76.6,94.8,27.3,70.1,57.1,43.5,-0.13675213675213674,-0.3260869565217391,-0.36703431372549017,-0.349002849002849,-0.5432167832167832,-0.7323232323232323,-0.5624999999999999,-0.7587681779298545,-0.08322936502725077,0.6144859813084111,-0.6374045801526717,0.9166666666666661,-0.6842105263157895,-0.2246696035242292,0.6381578947368417,0.4857839155158407,1.2515337423312882,0.3348314606741571,2.338148742643125,0.30574384587941467,0.7360406091370557,3,3.116,-0.974,Defensive Stopper / Central Shield [CB]
Alex Jones C,Tottenham Hotspur,CB,CB,19,1766,Premier League,2025-2026,1,0,10,3,1,0,14,1485,96,4,89.7,18,1,61.0,6,28,34,48,113,80,69.5,0.051,0.0,0.51,0.153,0.051,0.0,0.713,75.68,4.892,0.204,0.917,0.051,0.306,1.427,1.733,2.446,5.759,4.077,57.1,16.9,42.2,51.3,19.5,77.3,28.6,98.7,85.7,80.5,94.8,50.6,41.6,14.3,19.5,28.6,68.8,81.8,77.9,9.1,80.5,-0.24786324786324787,-0.46739130434782605,-0.45588235294117646,-0.2962962962962963,-0.46853146853146854,-0.47474747474747475,-0.7499999999999999,-0.4123182207014543,1.0018057653161734,0.30640854472630175,-0.007633587786259549,0.7407407407407409,-0.7045555064130915,-0.9259911894273131,0.33552631578947373,-0.07554833468724613,0.6774758983347942,1.2224719101123596,2.493311931514179,-0.25936496610774185,1.1725888324873095,3,3.232,-1.055,Defensive Stopper / Central Shield [CB]
Thomas Santos D,Tottenham Hotspur,CB,CB,34,1729,Premier League,2025-2026,2,1,9,0,0,0,4,819,55,1,89.8,1,0,71.6,7,43,33,43,124,99,59.4,0.104,0.052,0.468,0.0,0.0,0.0,0.208,42.632,2.863,0.052,0.052,0.0,0.364,2.238,1.718,2.238,6.455,5.153,90.3,52.6,37.7,7.8,27.3,28.6,28.6,28.6,18.8,27.3,39.0,52.6,2.6,5.8,55.8,83.1,67.5,67.5,93.5,37.7,33.8,-0.021367521367521385,-0.27898550724637683,-0.48161764705882354,-0.5142450142450142,-0.4523076923076923,-0.7323232323232323,-0.7499999999999999,-0.8443113772455091,-0.08322936502725077,-0.37082777036048065,-0.5877862595419847,0.7499999999999997,-1.0871295886775763,-0.9709251101321589,1.0328947368421049,0.5832656376929326,0.6643295354951797,0.9887640449438201,2.8657035848047085,0.12450945415626091,0.6598984771573603,3,3.461,-1.847,Defensive Stopper / Central Shield [CB]
Leo Wilson E,Tottenham Hotspur,CB,CB,31,2372,Premier League,2025-2026,2,1,15,3,2,1,10,1908,107,1,88.6,11,26,77.3,0,62,23,58,37,131,74.7,0.076,0.038,0.569,0.114,0.076,0.038,0.379,72.395,4.06,0.038,0.417,0.987,0.0,2.352,0.873,2.201,1.404,4.97,75.3,39.0,55.8,40.3,5.8,91.6,70.8,61.0,81.8,66.2,28.6,39.0,18.2,98.7,84.4,89.6,10.4,62.3,2.6,29.9,94.8,-0.14102564102564102,-0.3297101449275362,-0.41973039215686275,-0.35185185185185186,-0.5541258741258741,-0.34848484848484845,-0.5673076923076922,-0.69803250641574,0.8939523277956529,0.02870493991989299,-0.6412213740458015,0.6388888888888883,-0.9256965944272447,-0.10132158590308381,1.4078947368421049,0.6758732737611697,-0.07624890446976333,0.9471910112359551,0.1631888710540396,0.05922226186229022,1.4365482233502538,3,2.665,-0.741,Defensive Stopper / Central Shield [CB]
Carlos Garcia F,Tottenham Hotspur,FW,FW,23,725,Premier League,2025-2026,6,5,21,17,1,1,14,168,21,3,72.1,37,0,25.2,33,3,2,4,3,16,66.1,0.745,0.621,2.607,2.11,0.124,0.124,1.738,20.855,2.607,0.372,4.593,0.0,4.097,0.372,0.248,0.497,0.372,1.986,93.8,77.5,47.5,96.2,25.0,34.4,33.8,98.8,60.0,82.5,85.0,38.1,92.5,1.2,1.2,41.2,60.0,21.2,46.2,42.5,97.5,2.7179487179487176,1.7826086956521738,0.8290441176470589,2.4914529914529915,0.591888111888112,-0.10606060606060601,-0.15384615384615383,0.46449957228400335,-0.7982139339418216,-0.45627503337783704,0.633587786259542,-0.88888888888889,0.9212737726669618,-0.9709251101321589,-2.019736842105263,-0.932575142160845,-0.6240140227870289,-0.9674157303370787,-0.38897806313536654,-1.005351409204424,0.9999999999999997,0,-3.674,-1.726,Direct Goal Threat / Box Striker [FW]
Alex Johnson G,Tottenham Hotspur,FW,FW,26,1134,Premier League,2025-2026,3,5,17,32,1,3,20,253,46,2,69.8,18,20,43.1,47,8,4,10,8,29,34.9,0.238,0.397,1.349,2.54,0.079,0.238,1.587,20.079,3.651,0.159,1.429,1.587,3.73,0.635,0.317,0.794,0.635,2.302,17.5,37.5,5.0,100.0,17.5,26.2,73.8,93.8,58.8,96.2,35.0,20.0,20.0,75.0,40.0,72.5,75.0,61.3,81.2,57.5,28.7,0.5512820512820512,0.9710144927536232,0.05821078431372547,3.1039886039886047,0.4892307692307692,-0.33333333333333326,0.39423076923076916,0.3353293413173652,-0.823691640948191,-0.10781041388518035,-0.17938931297709917,-1.1018518518518527,-0.4781070322865988,0.42731277533039647,-0.8421052631578944,-0.7189277010560521,-0.5635407537248028,-0.6337078651685394,-0.24826110219368647,-0.8926150552978952,-0.5837563451776648,0,-2.569,-1.088,Direct Goal Threat / Box Striker [FW]
Jack Jones H,West Ham United,FW,FW,21,2619,Premier League,2025-2026,18,12,40,32,6,10,15,449,42,12,73.8,41,42,41.0,89,7,13,24,13,58,45.5,0.619,0.412,1.375,1.1,0.206,0.344,0.515,15.43,1.443,0.412,1.409,1.443,3.058,0.241,0.447,0.825,0.447,1.993,80.0,42.5,6.2,47.5,8.8,67.5,91.2,15.0,26.2,28.7,90.0,47.5,16.2,66.2,35.0,26.2,90.0,67.5,55.6,45.0,70.0,2.1794871794871793,1.0253623188405796,0.07414215686274508,1.052706552706553,0.3012587412587412,0.30808080808080807,0.9038461538461536,-0.58169375534645,-0.9763280583098037,-0.8447930574098798,0.7862595419847328,-0.7314814814814822,-0.48695267580716495,0.30044052863436127,-0.9802631578947366,-1.0389926888708367,-0.44960560911481146,-0.5988764044943822,-0.34884965222043873,-1.002854084909026,-0.04568527918781718,0,-2.657,-1.294,Direct Goal Threat / Box Striker [FW]
Oliver King I,West Ham United,FW,FW,19,809,Premier League,2025-2026,5,3,20,2,3,2,6,147,11,4,66.9,24,9,53.3,48,0,1,4,4,30,21.1,0.556,0.334,2.225,0.222,0.334,0.222,0.667,16.354,1.224,0.445,2.67,1.001,5.34,0.0,0.111,0.445,0.445,3.337,71.9,23.8,31.2,1.2,46.2,93.8,72.5,20.0,32.5,21.2,93.8,6.2,65.0,35.0,76.2,4.4,23.8,16.2,53.8,91.2,5.0,1.9102564102564104,0.7427536231884058,0.5949754901960784,-0.198005698005698,0.9395804195804195,0.9545454545454547,0.3173076923076923,-0.4516680923866553,-0.9459912009980959,-0.9178905206942589,0.9122137404580153,-1.3703703703703705,0.07076514816452904,-0.08898678414096936,-0.17105263157894743,-1.2347684809098296,-0.7440841367221736,-1.0258426966292136,-0.34991974317817015,-0.5233678201926508,-1.2842639593908627,0,-2.832,-0.862,Direct Goal Threat / Box Striker [FW]
Lucas Johnson J,West Ham United,W,W,22,2404,Premier League,2025-2026,12,11,46,41,6,8,49,584,102,13,74.8,150,66,60.2,114,32,17,26,7,82,38.1,0.449,0.412,1.722,1.535,0.225,0.3,1.834,21.864,3.819,0.487,5.616,2.471,4.268,1.198,0.636,0.973,0.262,3.07,79.7,64.4,18.6,94.9,27.1,42.4,57.6,52.5,23.7,64.4,72.9,25.4,61.0,59.3,81.4,62.7,59.3,27.1,18.6,25.4,72.0,1.452991452991453,1.0253623188405796,0.2867647058823529,1.6723646723646723,0.6397202797202797,0.4040404040404041,0.6923076923076922,0.5466210436270317,-0.7650863484142097,-0.051735647530040126,1.0725190839694656,-0.6388888888888896,1.3737284387439188,1.2061674008810574,0.2828947368421055,-0.2615759545085297,-0.2839614373356704,-0.43258426966292146,-0.44783306581059396,-0.6186229040313951,-0.42131979695431454,4,-2.717,0.578,Attacking Winger / Ball Carrier [W]
Jack Fernandez,West Ham United,W,W,23,901,Premier League,2025-2026,3,5,33,7,3,5,19,274,30,1,81.2,51,22,58.2,62,8,3,9,11,54,41.1,0.3,0.499,3.296,0.699,0.3,0.499,1.898,27.37,2.997,0.1,5.094,2.198,6.193,0.799,0.3,0.899,1.099,5.394,55.9,88.1,83.1,37.3,71.2,72.9,98.3,57.6,49.2,30.5,11.9,88.1,50.8,50.8,74.6,18.6,20.3,23.7,100.0,91.5,81.4,0.8162393162393162,1.3405797101449275,1.2512254901960782,0.48148148148148145,1.178181818181818,0.7828282828282828,1.6490384615384612,0.6013686911890503,-0.5843128242169545,-0.3261014686248332,-0.4045801526717556,-0.04629629629629631,1.1428571428571432,0.9656387665198238,0.15131578947368446,-0.5857026807473599,-0.5784399649430324,-0.5157303370786518,0.0,0.21048876204067066,-0.26903553299492367,4,-2.307,0.351,Attacking Winger / Ball Carrier [W]
Mason Gomez L,West Ham United,W,W,20,598,Premier League,2025-2026,2,2,17,12,2,2,0,200,11,2,77.2,31,11,46.4,29,6,3,7,6,10,36.4,0.301,0.301,2.559,1.806,0.301,0.301,0.0,30.1,1.656,0.301,4.666,1.656,4.365,0.903,0.452,1.054,0.903,1.505,57.6,37.3,47.5,98.3,33.9,74.6,59.3,2.5,66.1,10.2,45.8,46.6,37.3,28.8,28.0,27.1,35.6,37.3,89.8,3.4,66.1,0.8205128205128205,0.6231884057971013,0.7996323529411765,2.0584045584045585,0.6668531468531469,0.7878787878787878,0.6971153846153845,-1.0222412318220702,-0.49468120034145385,-0.77369826435247,0.36259541984732824,-0.4166666666666668,0.9535603715170282,0.4881057268722466,-0.6249999999999999,-0.5012185215272137,-0.44522348816827345,-0.34157303370786524,-0.1048689138576779,-1.1769532643596148,-0.5076142131979695,0,-2.503,-0.78,Direct Goal Threat / Box Striker [FW]
David Traore M,West Ham United,AM,AM,24,1808,Premier League,2025-2026,5,7,40,22,9,12,38,860,95,0,84.5,92,23,40.2,62,33,23,18,19,105,40.1,0.249,0.348,1.991,1.095,0.448,0.597,1.892,42.81,4.729,0.0,4.58,1.145,3.086,1.643,1.145,0.896,0.946,5.227,52.4,76.2,38.1,76.2,26.2,86.9,97.6,28.6,40.5,47.6,6.0,78.6,78.6,19.0,7.1,82.1,95.2,23.8,83.3,76.2,66.7,0.5982905982905983,0.7934782608695651,0.45159313725490197,1.0455840455840457,0.309090909090909,1.5303030303030305,2.120192307692307,0.596236099230111,-0.07738525182218135,0.2520026702269692,-0.7862595419847328,0.2592592592592591,0.9155241043785938,0.03788546255506602,-1.0328947368421049,0.0999187652315191,0.16213847502191064,-0.5191011235955056,-0.08186195826645268,0.15090973956475207,-0.3197969543147206,4,-1.558,1.015,Attacking Winger / Ball Carrier [W]
Oliver Garcia,West Ham United,AM,AM,27,2158,Premier League,2025-2026,8,10,22,15,10,6,42,1251,76,12,82.6,72,53,48.4,134,30,22,36,10,49,39.6,0.334,0.417,0.918,0.626,0.417,0.25,1.752,52.173,3.17,0.5,3.003,2.21,5.589,1.251,0.918,1.501,0.417,2.044,69.0,88.1,9.5,23.8,90.5,73.8,26.2,23.8,83.3,19.0,45.2,63.1,40.5,83.3,38.1,54.8,77.4,78.6,21.4,11.9,64.3,0.9615384615384617,1.043478260869565,-0.20588235294117643,0.3774928774928775,1.0092307692307694,1.3737373737373737,0.45192307692307687,0.47647562018819495,0.2300216691837941,-0.26835781041388523,1.1221374045801529,0.08333333333333257,0.21804511278195507,0.9762114537444935,-0.49342105263157887,-0.21852152721364757,-0.03680981595092018,0.16067415730337056,-0.36490101658640983,-0.9846592936139851,-0.3451776649746191,4,-1.745,0.755,Attacking Winger / Ball Carrier [W]
Liam Johnson,West Ham United,CM,CM,28,2066,Premier League,2025-2026,3,4,23,3,6,5,30,1061,157,3,86.1,33,58,52.5,55,29,26,42,40,167,46.6,0.131,0.174,1.002,0.131,0.261,0.218,1.307,46.22,6.839,0.131,1.438,2.527,2.396,1.263,1.133,1.83,1.742,7.275,54.2,62.7,20.3,6.8,79.7,83.1,68.6,39.0,22.0,72.9,15.3,61.9,6.8,96.6,28.8,11.9,42.4,78.0,94.9,78.0,40.7,0.09401709401709403,0.16304347826086948,-0.15441176470588233,-0.32763532763532766,0.11608391608391602,0.585858585858586,0.2980769230769231,0.09580838323353283,0.03457219778055018,0.956275033377837,-0.28625954198473275,0.4074074074074067,-0.4741264927023441,1.2555066079295156,-0.22368421052631565,-0.20877335499593838,0.15162138475021913,0.5303370786516853,0.34403424291064744,0.8815554762754192,0.010152284263959534,1,0.652,0.91,Overlapping Wingback / Wide Progressor [FB]
Alex Wilson P,West Ham United,CM,CM,25,2092,Premier League,2025-2026,6,3,34,15,5,4,45,1035,74,14,82.6,57,25,53.2,65,55,24,18,31,64,50.3,0.258,0.129,1.463,0.645,0.215,0.172,1.936,44.527,3.184,0.602,2.452,1.076,2.796,2.366,1.033,0.774,1.334,2.753,98.3,42.4,59.3,89.8,86.4,64.4,44.1,74.6,11.9,6.8,94.1,20.3,44.1,49.2,32.2,72.9,39.0,10.2,62.7,1.7,59.3,0.6367521367521368,0.0,0.12806372549019612,0.40455840455840464,0.2279720279720279,0.35353535353535354,0.07692307692307686,0.6338751069289991,-0.02101254186092326,-0.2636849132176235,1.5114503816793894,0.08333333333333257,-0.02565236620964168,-0.022907488986784165,-0.1776315789473681,0.6872461413484973,0.06397896581945657,-0.656179775280899,0.12573568753344042,-0.731716018551552,0.19796954314720802,5,-0.541,0.504,Advanced Playmaker / Chance Creator [AM]
Ben Brown,West Ham United,CM,CM,34,1440,Premier League,2025-2026,4,3,29,7,6,6,11,507,114,9,84.0,36,11,48.7,45,29,22,8,27,112,34.6,0.25,0.188,1.813,0.438,0.375,0.375,0.688,31.688,7.125,0.562,2.25,0.688,2.812,1.813,1.375,0.5,1.688,7.0,96.6,78.0,84.7,63.6,92.4,100.0,98.3,6.8,3.4,83.1,88.1,33.9,28.8,22.0,13.6,32.2,63.6,5.1,86.4,71.2,11.9,0.6025641025641026,0.21376811594202896,0.3425245098039215,0.10968660968660972,0.23244755244755236,1.1616161616161615,1.0528846153846152,-0.43370402053036794,-0.44254383084903814,1.05173564753004,1.3587786259541987,0.21296296296296274,-0.1149933657673595,-0.3647577092511015,-0.47368421052631543,0.23801787164906577,0.3637160385626644,-0.9640449438202248,0.31514178705189944,0.7834463075276489,-0.5989847715736039,5,-0.468,1.184,Advanced Playmaker / Chance Creator [AM]
James Smith,West Ham United,DM,DM,24,2378,Premier League,2025-2026,2,3,2,5,3,2,7,1450,207,8,92.6,19,24,62.7,23,83,50,32,59,231,66.9,0.076,0.114,0.076,0.189,0.114,0.076,0.265,54.878,7.834,0.303,0.719,0.908,0.87,3.141,1.892,1.211,2.233,8.743,55.1,84.6,5.1,46.2,66.7,66.7,34.6,5.1,43.6,84.6,69.2,85.9,20.5,51.3,64.1,66.7,59.0,10.3,79.5,71.8,89.7,-0.14102564102564102,-0.05434782608695651,-0.721813725490196,-0.245014245014245,-0.3107692307692308,-0.1565656565656565,-0.3846153846153846,-0.795551753635586,0.3188324906428524,1.2883845126835778,0.3702290076335878,1.0092592592592586,-0.7921273772666962,-0.17092511013215866,0.44736842105263175,1.3168155970755484,0.8168273444347063,-0.16516853932584272,0.606741573033708,1.4052800570816983,1.0406091370558377,2,2.681,0.529,Defensive Anchor / Deep Distributor [DM]
Noah Silva,West Ham United,FB,FB,21,1575,Premier League,2025-2026,0,2,18,3,6,0,22,893,12,3,74.9,31,19,38.6,15,16,26,27,34,112,43.0,0.0,0.114,1.029,0.171,0.343,0.0,1.257,51.029,0.686,0.171,1.771,1.086,0.857,0.914,1.486,1.543,1.943,6.4,16.9,77.9,80.5,37.7,28.6,94.8,6.5,40.3,53.2,1.3,41.6,14.9,16.9,41.6,2.6,5.2,51.9,45.5,33.8,88.3,35.1,-0.46581196581196577,-0.05434782608695651,-0.13786764705882357,-0.2706552706552706,-0.3144055944055944,1.0000000000000002,-0.7499999999999999,0.053036783575705584,0.19246175060739387,-1.097463284379172,-0.13358778625954187,-0.6296296296296295,-0.32684652808491815,-0.014096916299559486,-1.1381578947368418,-0.4922826969943136,0.4609991235758107,0.20786516853932566,0.45157838416265395,0.5693899393506957,-0.17258883248730955,1,0.466,-0.198,Overlapping Wingback / Wide Progressor [FB]
Liam Smith,West Ham United,FB,FB,22,2566,Premier League,2025-2026,1,2,27,6,0,5,65,1342,204,5,72.9,75,26,52.9,16,63,35,61,35,157,50.1,0.035,0.07,0.947,0.21,0.0,0.175,2.28,47.069,7.155,0.175,2.631,0.912,0.561,2.21,1.228,2.14,1.228,5.507,35.1,49.4,72.7,48.1,15.6,6.5,49.4,93.5,36.4,88.3,44.2,6.5,32.5,28.6,41.6,58.4,36.4,83.1,11.7,62.3,72.7,-0.3162393162393162,-0.21376811594202896,-0.18811274509803924,-0.2150997150997151,-0.39720279720279716,-0.7323232323232323,0.09134615384615379,0.9281437125748501,0.06244664784293129,1.0617489986648865,-0.11832061068702289,-0.8148148148148148,0.05351614329942504,-0.1674008810572688,-0.19736842105263155,0.5605199025182779,0.2348816827344435,0.8786516853932584,0.06902086677367578,0.25080271138066335,0.18781725888324885,1,1.042,0.966,Overlapping Wingback / Wide Progressor [FB]
Marcus Rodriguez W,West Ham United,FB,FB,24,2559,Premier League,2025-2026,2,2,51,0,2,7,27,1542,137,9,74.9,97,46,56.2,46,86,16,44,35,174,37.6,0.07,0.07,1.794,0.0,0.07,0.246,0.95,54.232,4.818,0.317,3.411,1.618,1.618,3.025,0.563,1.547,1.231,6.12,65.6,49.4,98.7,7.1,62.3,19.5,69.5,20.8,63.6,42.9,74.0,14.9,58.4,62.3,55.2,89.6,3.9,46.8,13.0,81.8,15.6,-0.16666666666666663,-0.21376811594202896,0.33088235294117646,-0.5142450142450142,-0.10153846153846154,-0.3787878787878787,0.43269230769230765,-0.2095808383233534,0.297622956201983,0.2817089452603469,0.4236641221374046,-0.6296296296296295,0.3984962406015039,0.4546255506607931,0.019736842105263434,1.222583265637693,-0.3479404031551271,0.21235955056179756,0.07062600321027294,0.4694969675347841,-0.446700507614213,1,0.543,1.064,Overlapping Wingback / Wide Progressor [FB]
Harry Smith X,West Ham United,CB,CB,21,903,Premier League,2025-2026,0,1,9,2,0,0,1,552,63,1,89.0,21,0,74.2,1,19,16,23,31,49,69.3,0.0,0.1,0.897,0.199,0.0,0.0,0.1,55.017,6.279,0.1,2.093,0.0,0.1,1.894,1.595,2.292,3.09,4.884,23.4,82.5,85.7,70.1,13.0,28.6,28.6,14.3,40.3,98.7,62.3,45.5,96.1,5.8,65.6,58.4,54.5,71.4,16.9,27.9,79.2,-0.46581196581196577,-0.10507246376811592,-0.21874999999999997,-0.23076923076923075,-0.5261538461538461,-0.7323232323232323,-0.7499999999999999,-0.9366980325064157,0.32339615207827177,0.7693591455273696,-0.4045801526717556,0.6759259259259258,-0.18443166740380357,-0.9709251101321589,1.2039473684210527,0.3038180341186027,0.5565293602103418,1.0494382022471906,1.0652755484216159,0.028540849090260462,1.16243654822335,3,2.932,-0.89,Defensive Stopper / Central Shield [CB]
Liam Evans Z,West Ham United,CB,CB,21,2694,Premier League,2025-2026,0,1,28,4,0,0,9,1596,107,2,93.8,36,0,76.2,44,53,51,43,125,183,73.1,0.0,0.033,0.935,0.134,0.0,0.0,0.301,53.318,3.575,0.067,1.203,0.0,1.47,1.771,1.704,1.437,4.176,6.114,23.4,33.8,92.2,46.8,97.4,28.6,28.6,46.8,31.2,49.4,47.4,91.6,66.2,5.8,79.9,49.4,63.6,19.5,40.3,75.3,92.2,-0.46581196581196577,-0.34782608695652173,-0.19546568627450975,-0.32336182336182334,-0.14293706293706296,-0.7323232323232323,-0.7499999999999999,-0.7647562018819505,0.26761441985685197,-0.13317757009345793,-0.5305343511450381,1.1203703703703702,-0.578062804068996,-0.9709251101321589,1.3355263157894737,0.2038992688870836,0.6520595968448729,0.08876404494382018,1.64633493846977,0.4673564038530145,1.3553299492385782,3,3.099,-1.456,Defensive Stopper / Central Shield [CB]
Alex Silva,West Ham United,CB,CB,28,2601,Premier League,2025-2026,2,2,5,5,1,1,9,1830,89,2,85.2,28,24,71.2,20,77,27,36,199,161,62.1,0.069,0.069,0.173,0.173,0.035,0.035,0.311,63.322,3.08,0.069,0.969,0.83,0.692,2.664,0.934,1.246,6.886,5.571,64.9,58.4,5.2,65.6,53.2,64.9,65.6,51.9,59.7,33.8,50.6,10.4,50.0,89.6,53.9,98.7,16.9,13.0,97.4,54.5,51.9,-0.17094017094017092,-0.21739130434782605,-0.6623774509803921,-0.2678062678062678,-0.36055944055944056,-0.5555555555555555,-0.5817307692307692,-0.7562018819503851,0.5960667148204085,-0.2983978638184246,-0.5229007633587786,0.3240740740740742,-0.6815568332596197,-0.23964757709251117,1.0065789473684212,0.9293257514216087,-0.02278702892199817,-0.1258426966292136,3.096308186195827,0.27363539065287174,0.7969543147208122,3,3.06,-1.442,Defensive Stopper / Central Shield [CB]
Alex Evans B,West Ham United,FW,FW,21,2727,Premier League,2025-2026,0,23,51,30,8,5,50,828,15,10,80.6,62,28,25.9,214,0,10,8,25,76,54.1,0.0,0.759,1.683,0.99,0.264,0.165,1.65,27.327,0.495,0.33,2.046,0.924,7.063,0.0,0.33,0.264,0.825,2.508,2.5,92.5,11.2,35.0,85.0,78.8,52.5,96.2,95.0,8.8,78.8,92.5,45.0,30.0,3.8,4.4,78.1,10.0,93.8,68.8,82.5,-0.46581196581196577,2.282608695652174,0.26286764705882354,0.8960113960113961,1.4215384615384614,0.6010101010101011,0.0432692307692308,0.3892215568862274,-0.5857246043732353,-1.1612149532710279,0.47328244274809167,-0.10185185185185266,-0.20521892967713404,-0.1568281938325992,-1.9736842105263155,-1.2347684809098296,-0.5521472392638036,-1.2292134831460675,-0.1466024612092028,-0.8191223688904746,0.3908629441624366,0,-2.541,-1.151,Direct Goal Threat / Box Striker [FW]
Lucas Smith,West Ham United,FW,FW,20,1312,Premier League,2025-2026,4,11,34,16,2,1,18,112,40,3,71.4,22,14,51.9,96,4,1,13,3,33,43.5,0.274,0.755,2.332,1.098,0.137,0.069,1.235,7.683,2.744,0.206,1.509,0.96,6.585,0.274,0.069,0.892,0.206,2.264,26.2,91.2,37.5,46.2,72.5,37.5,15.0,65.0,5.0,86.2,46.2,28.7,23.8,32.5,68.8,31.2,12.5,77.5,27.5,53.8,65.0,0.7051282051282053,2.2681159420289854,0.6605392156862744,1.04985754985755,1.2878321678321678,-0.040404040404040296,-0.4182692307692307,0.03421727972626179,-1.2306783111169481,-0.41054739652870487,0.0,-0.9537037037037037,-0.44272445820433437,-0.12511013215859043,-0.26315789473684204,-1.0121852152721367,-0.7808939526730938,-0.5235955056179776,-0.4777956126270734,-0.906171958615769,-0.14720812182741108,0,-2.588,-1.767,Direct Goal Threat / Box Striker [FW]
Leo Traore D,Wolverhampton Wanderers,FW,FW,27,508,Premier League,2025-2026,1,1,13,12,2,2,6,41,0,1,73.0,23,9,47.3,21,1,1,5,3,8,49.8,0.177,0.177,2.303,2.126,0.354,0.354,1.063,7.264,0.0,0.177,4.075,1.594,3.72,0.177,0.177,0.886,0.531,1.417,10.0,7.5,36.2,97.5,16.2,95.0,92.5,52.5,3.8,3.1,37.5,43.1,86.2,76.2,55.0,20.0,38.1,76.2,67.5,23.8,75.6,0.29059829059829057,0.1739130434782608,0.6427696078431372,2.5142450142450143,0.48643356643356644,1.0555555555555554,0.9519230769230768,-0.11291702309666392,-1.2444349596165212,-1.3264352469959946,-0.11068702290076335,-0.805555555555556,0.6921716054842992,0.4334801762114538,-0.5657894736842105,-1.0909829406986191,-0.6862401402278702,-0.5303370786516854,-0.30390583199571963,-1.2083481983589013,0.17258883248730955,0,-2.805,-1.014,Direct Goal Threat / Box Striker [FW]
Dan Johnson,Wolverhampton Wanderers,FW,FW,21,2396,Premier League,2025-2026,14,16,69,53,5,3,29,489,30,2,77.5,94,39,60.2,118,27,2,11,0,49,36.0,0.526,0.601,2.592,1.991,0.188,0.113,1.089,18.368,1.127,0.075,3.531,1.465,4.432,1.014,0.075,0.413,0.0,1.841,65.6,76.2,46.2,90.0,30.0,62.5,31.2,53.8,47.5,20.0,16.2,83.1,80.0,67.5,93.8,96.2,15.0,13.8,5.6,38.8,35.0,1.7820512820512822,1.7101449275362317,0.8198529411764706,2.3219373219373223,0.6855944055944057,0.2171717171717172,-0.2067307692307692,-0.09067579127459374,-0.879867358329503,-0.9502670226969292,-0.5,-0.38888888888888923,0.4515701017249007,0.31982378854625554,0.2828947368421055,-0.41104792851340377,-0.775635407537248,-1.0617977528089888,-0.5880149812734083,-1.057081698180521,-0.5279187817258881,0,-3.057,-1.804,Direct Goal Threat / Box Striker [FW]
Leo Silva,Wolverhampton Wanderers,W,W,18,2705,Premier League,2025-2026,4,6,104,29,9,2,79,1154,24,6,79.5,191,50,49.3,112,35,26,24,24,88,25.5,0.133,0.2,3.46,0.965,0.299,0.067,2.628,38.396,0.799,0.2,6.355,1.664,3.726,1.165,0.865,0.799,0.799,2.928,28.0,18.6,91.5,54.2,18.6,71.2,6.8,88.1,88.1,3.4,30.5,72.0,83.9,30.5,45.8,61.0,83.1,11.9,83.9,20.3,15.3,0.10256410256410259,0.25724637681159424,1.3517156862745097,0.8603988603988604,0.48811188811188805,0.7777777777777777,-0.4278846153846153,1.2258340461933277,-0.22230612646923636,-1.0597463284379172,-0.02290076335877854,-0.20370370370370403,1.7005749668288372,0.4951541850220264,-0.4342105263157895,-0.2883834281072299,-0.08326029798422434,-0.6280898876404495,-0.16051364365971105,-0.6692829111666073,-1.060913705583756,4,-2.03,0.372,Attacking Winger / Ball Carrier [W]
Harry Gomez,Wolverhampton Wanderers,W,W,32,2019,Premier League,2025-2026,10,10,52,11,6,4,69,905,94,14,77.3,148,90,54.2,97,6,11,32,18,98,28.6,0.446,0.446,2.318,0.49,0.267,0.178,3.076,40.342,4.19,0.624,6.597,4.012,4.324,0.267,0.49,1.426,0.802,4.368,77.1,78.0,37.3,25.4,32.2,62.7,23.7,96.6,91.5,76.3,96.6,50.0,89.8,94.9,64.4,6.8,39.0,81.4,86.4,72.9,33.1,1.4401709401709402,1.1485507246376812,0.6519607843137255,0.18376068376068377,0.6553846153846153,0.6161616161616162,0.10576923076923073,1.6090675791274593,-0.15841486637336671,0.07209612817089459,1.5954198473282444,-0.40740740740740805,1.8076072534276875,2.563876651982379,-0.11184210526315759,-1.0178716490658004,-0.41191936897458364,0.07640449438202229,-0.15890850722311395,-0.15554762754191936,-0.9035532994923855,4,-2.778,1.815,Attacking Winger / Ball Carrier [W]
Carlos Jones H,Wolverhampton Wanderers,W,W,32,1515,Premier League,2025-2026,2,11,27,15,5,6,30,403,45,7,73.6,54,31,40.1,137,24,17,22,16,71,41.3,0.119,0.653,1.604,0.891,0.297,0.356,1.782,23.941,2.673,0.416,3.208,1.842,8.139,1.426,1.01,1.307,0.95,4.218,23.7,98.3,11.9,47.5,93.2,69.5,78.0,45.8,30.5,23.7,66.1,20.3,16.9,39.0,15.3,81.4,94.9,67.8,94.9,67.8,84.7,0.04273504273504271,1.8985507246376812,0.21446078431372553,0.754985754985755,1.7225174825174823,0.7676767676767676,0.9615384615384613,0.5021385799828914,-0.6968940836561824,-0.4342456608811749,0.8015267175572518,-0.750000000000001,0.30871295886775785,0.6519823788546256,-1.0394736842105259,-0.07636068237205532,0.04382120946538128,-0.05730337078651703,-0.07972177635098986,-0.2090617195861578,-0.2588832487309645,4,-2.268,0.458,Attacking Winger / Ball Carrier [W]
Leo Davies I,Wolverhampton Wanderers,AM,AM,31,1315,Premier League,2025-2026,0,5,34,14,6,6,48,790,113,0,82.2,37,36,34.7,83,13,5,20,7,97,49.6,0.0,0.342,2.327,0.958,0.411,0.411,3.285,54.068,7.734,0.0,2.532,2.464,5.681,0.89,0.342,1.369,0.479,6.639,6.0,73.8,59.5,64.3,95.2,71.4,66.7,88.1,90.5,92.9,6.0,57.1,23.8,88.1,2.4,19.0,14.3,66.7,42.9,97.6,85.7,-0.46581196581196577,0.7717391304347826,0.6574754901960783,0.8504273504273504,1.034965034965035,1.3434343434343434,1.2259615384615383,1.7878528656971768,0.2922384923501214,1.255006675567423,-0.7862595419847328,0.04629629629629631,0.009730207872622841,1.2000000000000002,-1.3947368421052626,-0.511779041429732,-0.541630148992112,0.012359550561797638,-0.33172819689673627,0.6546557260078487,0.16243654822335038,4,-1.438,1.762,Attacking Winger / Ball Carrier [W]
Lucas Garcia J,Wolverhampton Wanderers,AM,AM,27,1186,Premier League,2025-2026,1,4,26,10,6,6,50,468,83,8,82.7,29,6,52.7,32,23,2,8,6,35,52.8,0.076,0.304,1.973,0.759,0.455,0.455,3.794,35.514,6.298,0.607,2.201,0.455,2.428,1.745,0.152,0.607,0.455,2.656,11.9,61.9,35.7,42.9,21.4,90.5,78.6,95.2,28.6,61.9,52.4,67.9,14.3,2.4,56.0,88.1,2.4,7.1,33.3,21.4,95.2,-0.14102564102564102,0.6340579710144927,0.4405637254901961,0.566951566951567,0.12503496503496497,1.5656565656565657,1.4375,2.223267750213858,-0.31692822903670625,0.7757009345794391,1.5305343511450382,0.09259259259259262,-0.13666519239274647,-0.5700440528634363,-0.21052631578947337,0.18277822908204722,-0.7081507449605609,-0.8438202247191012,-0.3445692883895131,-0.7663217980734928,0.32487309644670037,5,-1.489,1.836,Advanced Playmaker / Chance Creator [AM]
Lucas Jones K,Wolverhampton Wanderers,CM,CM,25,906,Premier League,2025-2026,1,0,17,4,1,2,18,381,59,1,85.7,35,13,62.9,12,21,11,13,8,56,36.9,0.099,0.0,1.689,0.397,0.099,0.199,1.788,37.848,5.861,0.099,3.477,1.291,1.192,2.086,1.093,1.291,0.795,5.563,31.4,5.9,79.7,55.9,17.8,22.0,55.9,67.8,6.8,47.5,11.9,53.4,81.4,61.9,69.5,54.2,40.7,40.7,25.4,33.9,20.3,-0.04273504273504271,-0.46739130434782605,0.2665441176470588,0.05128205128205133,-0.22069930069930072,-0.23232323232323224,0.20673076923076927,0.5072711719418306,-0.24029811543765195,0.6298397863818422,-0.4083969465648854,0.37037037037037046,0.4276868642193721,0.16651982378854613,0.4605263157894736,0.4597887896019496,0.11656441717791412,-0.07528089887640468,-0.16265382557517388,0.2707813057438457,-0.482233502538071,1,0.514,0.789,Overlapping Wingback / Wide Progressor [FB]
Gabriel Mendy,Wolverhampton Wanderers,CM,CM,20,1529,Premier League,2025-2026,2,3,17,4,3,5,14,853,48,4,85.2,32,16,46.7,32,48,11,18,25,134,33.1,0.118,0.177,1.001,0.235,0.177,0.294,0.824,50.209,2.825,0.235,1.884,0.942,1.884,2.825,0.647,1.06,1.472,7.888,45.8,69.5,17.8,19.5,57.6,42.4,86.4,11.9,35.6,5.1,42.4,47.5,18.6,40.7,6.8,89.8,22.0,23.7,76.3,93.2,8.5,0.038461538461538436,0.1739130434782608,-0.15502450980392163,-0.1794871794871795,-0.027132867132867187,0.1616161616161616,0.6634615384615383,-0.3173652694610779,0.16553943134808594,-0.38351134846461943,0.11068702290076335,0.3240740740740742,-0.2768686421937196,-0.14096916299559487,-0.6052631578947365,1.0601137286758735,-0.2743207712532865,-0.33483146067415737,0.19957196361690746,1.1002497324295397,-0.6751269035532993,1,0.491,0.547,Overlapping Wingback / Wide Progressor [FB]
Ben Davies,Wolverhampton Wanderers,CM,CM,25,626,Premier League,2025-2026,1,1,15,2,2,1,8,579,56,2,88.4,11,4,66.9,13,14,7,10,7,23,62.2,0.144,0.144,2.157,0.288,0.288,0.144,1.15,83.243,8.051,0.288,1.581,0.575,1.869,2.013,1.006,1.438,1.006,3.307,59.3,50.8,96.6,25.4,55.9,88.1,32.2,30.5,100.0,91.5,50.8,83.1,10.2,15.3,88.1,50.8,35.6,54.2,39.0,5.1,96.6,0.1495726495726495,0.054347826086956465,0.5533088235294117,-0.103988603988604,-0.031328671328671356,0.7222222222222221,-0.05769230769230774,-0.03849443969204461,1.2501149123383017,1.360814419225634,0.3129770992366412,0.6203703703703708,-0.4108801415302963,-0.4643171806167403,0.7236842105263162,0.4004874086108854,0.04031551270815078,0.08988764044943803,-0.049759229534510424,-0.5340706386014985,0.802030456852792,1,1.049,0.507,Overlapping Wingback / Wide Progressor [FB]
Lucas Gomez N,Wolverhampton Wanderers,DM,DM,18,1753,Premier League,2025-2026,0,0,7,2,1,3,19,1217,157,6,91.1,5,10,49.2,8,65,30,46,45,146,64.9,0.0,0.0,0.359,0.103,0.051,0.154,0.975,62.481,8.06,0.308,0.257,0.513,0.411,3.337,1.54,2.362,2.31,7.496,16.7,16.7,23.1,30.8,23.1,33.3,66.7,56.4,61.5,87.2,71.8,76.9,12.8,25.6,15.4,82.1,28.2,82.1,82.1,51.3,83.3,-0.46581196581196577,-0.46739130434782605,-0.548406862745098,-0.36752136752136755,-0.43916083916083914,-0.47474747474747475,-0.009615384615384623,-0.18819503849443975,0.5684549215312891,1.363818424566088,0.3893129770992367,0.8703703703703698,-0.9964617425917736,-0.5189427312775332,-0.4407894736842102,1.476035743298132,0.5083260297984225,1.1280898876404495,0.6479400749063672,0.9603995718872638,0.9390862944162439,2,2.871,0.955,Defensive Anchor / Deep Distributor [DM]
Oliver Fernandez O,Wolverhampton Wanderers,DM,DM,19,2459,Premier League,2025-2026,4,0,11,9,0,5,30,2143,133,0,89.7,74,32,56.7,23,62,36,62,26,163,45.1,0.146,0.0,0.403,0.329,0.0,0.183,1.098,78.434,4.868,0.0,2.708,1.171,0.842,2.269,1.318,2.269,0.952,5.966,89.7,16.7,25.6,87.2,61.5,12.8,82.1,67.9,92.3,46.2,7.7,66.7,82.1,78.2,38.5,30.8,20.5,74.4,12.8,17.9,7.7,0.15811965811965809,-0.46739130434782605,-0.5214460784313725,-0.04558404558404555,-0.31860139860139863,-0.7323232323232323,0.1298076923076923,-0.08297690333618475,1.0922253595114584,0.2983978638184246,-0.7862595419847328,0.7407407407407409,0.0875718708536048,0.06079295154185019,0.05263157894736869,0.6084484159220148,0.3137598597721298,1.0235955056179775,-0.07865168539325845,0.41455583303603283,-0.06598984771573589,2,1.705,0.404,Defensive Anchor / Deep Distributor [DM]
Jack Santos P,Wolverhampton Wanderers,FB,FB,30,2277,Premier League,2025-2026,1,0,21,9,2,0,31,1425,108,0,83.4,128,33,40.5,32,58,25,45,37,132,43.7,0.04,0.0,0.83,0.356,0.079,0.0,1.225,56.324,4.269,0.0,5.059,1.304,1.265,2.292,0.988,1.779,1.462,5.217,40.3,12.3,62.3,85.7,41.6,22.1,6.5,35.1,71.4,28.6,7.8,85.7,96.1,49.4,3.9,59.7,19.5,67.5,18.2,55.8,38.3,-0.2948717948717949,-0.46739130434782605,-0.25980392156862747,-0.00712250712250713,-0.20027972027972032,-0.33333333333333326,-0.7499999999999999,0.025662959794696343,0.3663077024098758,0.09846461949265684,-0.7862595419847328,0.15740740740740772,1.1273772666961526,0.17797356828193833,-1.0131578947368418,0.6271324126726238,0.02453987730061352,0.47303370786516835,0.19422150882825043,0.14734213342846927,-0.13705583756345155,1,0.875,0.367,Overlapping Wingback / Wide Progressor [FB]
Lucas Mendy Q,Wolverhampton Wanderers,FB,FB,19,1814,Premier League,2025-2026,2,1,8,5,6,3,32,1397,135,6,82.5,49,16,56.3,33,32,35,27,63,103,44.6,0.099,0.05,0.397,0.248,0.298,0.149,1.588,69.311,6.698,0.298,2.431,0.794,1.637,1.588,1.736,1.34,3.126,5.11,86.4,35.1,24.0,54.5,63.6,89.6,44.2,63.6,97.4,83.1,70.1,79.2,29.9,22.1,58.4,19.5,75.3,28.6,84.4,50.6,44.2,-0.04273504273504271,-0.286231884057971,-0.5251225490196078,-0.16096866096866097,-0.09622377622377624,0.7727272727272727,-0.03365384615384618,0.3361847733105218,0.7926981417033294,0.9092122830440587,0.3511450381679389,0.07407407407407383,-0.03494029190623607,-0.2713656387665199,0.026315789473684112,0.055239642567018736,0.6801051709027169,-0.02022471910112361,1.0845371856607813,0.10916874777024618,-0.09137055837563436,1,1.246,0.807,Overlapping Wingback / Wide Progressor [FB]
Leo Davies S,Wolverhampton Wanderers,FB,FB,22,937,Premier League,2025-2026,0,0,9,3,2,3,15,439,52,0,82.8,45,9,46.9,10,22,16,24,35,65,47.2,0.0,0.0,0.864,0.288,0.192,0.288,1.441,42.166,4.995,0.0,4.322,0.864,0.961,2.113,1.537,2.305,3.362,6.243,16.9,12.3,64.9,67.5,33.8,59.7,83.1,53.2,22.1,48.1,7.8,80.5,84.4,23.4,15.6,50.0,57.1,92.2,90.9,84.4,63.6,-0.46581196581196577,-0.46739130434782605,-0.2389705882352941,-0.103988603988604,-0.2853146853146853,0.23737373737373743,0.6346153846153845,0.21043627031650983,-0.09852912206973553,0.3407877169559412,-0.7862595419847328,0.10185185185185135,0.8014153029632908,-0.20969162995594726,-0.5921052631578946,0.4817221770917953,0.5056967572304996,1.0640449438202249,1.2108079186730873,0.5133785230110596,0.040609137055837775,1,1.419,0.706,Overlapping Wingback / Wide Progressor [FB]
Mason Lopez T,Wolverhampton Wanderers,CB,CB,21,858,Premier League,2025-2026,1,1,8,2,0,0,3,382,20,1,85.1,9,1,63.4,6,14,8,17,30,45,69.9,0.105,0.105,0.839,0.21,0.0,0.0,0.315,40.07,2.098,0.105,0.944,0.105,0.629,1.469,0.839,1.783,3.147,4.72,92.9,90.9,81.8,74.7,47.4,28.6,28.6,54.5,14.3,14.3,70.8,9.1,45.5,19.5,23.4,31.2,9.1,36.4,18.2,23.4,81.8,-0.01709401709401711,-0.08695652173913046,-0.2542892156862745,-0.2150997150997151,-0.3781818181818182,-0.7323232323232323,-0.7499999999999999,-0.7527801539777589,-0.16734519666425904,-0.6261682242990655,-0.38549618320610685,0.3148148148148141,-0.6926138876603273,-0.8784140969162998,0.49342105263157887,-0.04142973192526397,-0.10604732690622261,0.47752808988764023,1.095773140716961,-0.029967891544773643,1.1928934010152286,3,1.955,-1.792,Defensive Stopper / Central Shield [CB]
Arthur Smith,Wolverhampton Wanderers,CB,CB,23,2432,Premier League,2025-2026,2,1,11,9,1,0,10,2063,136,3,90.4,0,11,69.8,17,55,41,45,161,135,64.5,0.074,0.037,0.407,0.333,0.037,0.0,0.37,76.345,5.033,0.111,0.0,0.407,0.629,2.035,1.517,1.665,5.958,4.996,71.4,37.0,27.3,94.8,47.4,68.2,28.6,58.4,88.3,85.7,76.6,59.1,1.3,53.9,48.7,64.9,48.1,28.6,81.8,31.2,58.4,-0.14957264957264957,-0.3333333333333333,-0.5189950980392156,-0.039886039886039844,-0.3781818181818182,-0.5454545454545453,-0.7499999999999999,-0.7057313943541489,1.0236391095935387,0.3534712950600801,-0.3625954198473282,0.805555555555556,-1.1101282618310482,-0.6123348017621147,0.9144736842105261,0.41835905767668574,0.488168273444347,0.34494382022471903,2.599785981808454,0.06849803781662511,0.9187817258883249,3,3.292,-1.317,Defensive Stopper / Central Shield [CB]
Oliver Smith V,Wolverhampton Wanderers,CB,CB,21,1827,Premier League,2025-2026,2,1,9,0,0,0,6,1228,94,6,88.1,9,11,70.2,10,44,24,37,89,89,50.3,0.099,0.049,0.443,0.0,0.0,0.0,0.296,60.493,4.631,0.296,0.443,0.542,0.493,2.167,1.182,1.823,4.384,4.384,87.7,49.4,33.8,7.8,39.0,28.6,28.6,44.2,55.8,76.6,100.0,33.1,19.5,64.9,50.6,81.8,28.6,42.9,44.2,14.3,5.8,-0.04273504273504271,-0.28985507246376807,-0.4969362745098039,-0.5142450142450142,-0.4162237762237762,-0.7323232323232323,-0.7499999999999999,-0.7690333618477331,0.5031847133757962,0.21929238985313748,0.34351145038167935,0.592592592592592,-0.9141972578505086,-0.4933920704845816,0.9407894736842106,0.5255889520714865,0.1945661700262927,0.5224719101123594,1.7576243980738366,-0.14983945772386725,0.19796954314720802,3,2.629,-0.86,Defensive Stopper / Central Shield [CB]
Carlos Rodriguez,Wolverhampton Wanderers,FW,FW,31,1096,Premier League,2025-2026,3,2,47,12,2,1,9,314,12,3,74.0,2,15,29.6,82,2,3,7,2,29,24.3,0.246,0.164,3.859,0.985,0.164,0.082,0.739,25.785,0.985,0.246,0.164,1.232,6.734,0.164,0.246,0.575,0.164,2.381,18.8,6.2,88.8,32.5,75.0,55.0,20.0,27.5,86.2,13.8,62.5,50.0,1.2,53.8,10.0,17.5,57.5,28.7,23.8,62.5,6.2,0.5854700854700855,0.12681159420289856,1.5962009803921566,0.888888888888889,1.3295104895104894,0.09595959595959604,-0.3557692307692307,-0.39007698887938413,-0.6363516974193972,-0.9976635514018691,0.15267175572519087,-0.7129629629629635,-1.037593984962406,0.11453744493392064,-1.7302631578947363,-1.1015434606011374,-0.6257668711656441,-0.8797752808988766,-0.5002675227394329,-0.8644309668212631,-1.1218274111675124,0,-2.632,-1.492,Direct Goal Threat / Box Striker [FW]
Thomas Traore Y,Wolverhampton Wanderers,FW,FW,23,1247,Premier League,2025-2026,6,9,52,13,2,0,10,120,30,5,71.7,17,18,36.3,95,15,1,7,0,32,42.9,0.433,0.65,3.753,0.938,0.144,0.0,0.722,8.661,2.165,0.361,1.227,1.299,6.856,1.083,0.072,0.505,0.0,2.31,50.0,82.5,82.5,30.0,77.5,41.2,5.0,25.0,7.5,62.5,83.8,32.5,8.8,57.5,23.8,98.8,13.8,22.5,5.6,58.8,59.4,1.3846153846153846,1.8876811594202898,1.53125,0.8219373219373219,1.3636363636363635,-0.005050505050505054,-0.7499999999999999,-0.4046193327630454,-1.1985685205857246,-0.6038050734312416,0.5916030534351144,-0.9259259259259262,-0.5674480318443166,0.17356828193832588,-1.289473684210526,-0.35499593826157605,-0.7782646801051709,-0.958426966292135,-0.5880149812734083,-0.8897609703888691,-0.17766497461928932,0,-3.106,-1.693,Direct Goal Threat / Box Striker [FW]
